Customer ID,Loan Sanction Amount (USD)
C-26247,85195.95502283704
C-35067,71689.31178717864
C-34590,77472.14721804802
C-16668,66417.17887268156
C-12196,58123.471434767125
C-2600,-3913.2004767716426
C-9047,80827.566231642
C-2206,80599.43863318066
C-25607,-5213.900392894764
C-11606,14289.552673409846
C-3624,66931.94564959979
C-43027,14369.989416157594
C-15190,99780.47713813925
C-25816,2066.9801595890603
C-26370,36330.5209191397
C-1281,155436.1742121409
C-29433,1450.7821946704717
C-36256,52364.71614790841
C-34217,38076.77715901317
C-39950,53403.15001830479
C-6756,24954.01436087247
C-26652,44605.48435353239
C-3991,60484.19446903486
C-40312,23947.72293100369
C-24580,143909.76501220945
C-4949,77923.73584555999
C-18783,59273.823189767485
C-39205,57468.096026735955
C-23784,19443.649993704777
C-39508,100459.90770246062
C-19062,102091.70420462682
C-48140,43894.64029307039
C-11314,67609.71384395171
C-766,53371.97695354081
C-39319,-289.12409378169104
C-15299,54032.85286999236
C-10298,41629.20380801645
C-25573,60580.00496643906
C-18750,21034.873259745247
C-19298,31297.594023204998
C-11497,56599.704277215395
C-42250,11521.069966113108
C-17501,54585.41051904682
C-24290,35655.12067806226
C-8590,100724.89300921728
C-8038,71187.4281481202
C-25261,24452.908627756435
C-32634,4298.491175343086
C-15073,42080.00521758821
C-44174,10374.795749567733
C-31916,73881.75472850192
C-30620,20192.38950461988
C-12561,27174.63039503818
C-40301,88063.54233439079
C-14716,1094.3201475643727
C-27558,45571.423233909416
C-32563,28782.861631736207
C-31387,31975.023869862693
C-45649,46393.79916675054
C-22572,19529.115625237526
C-48427,68902.04577791138
C-24904,74578.55165893593
C-27683,5275.728514519411
C-43495,69365.29554506455
C-25735,24594.328389389935
C-21375,57966.472928351
C-41309,74489.33094455194
C-7767,22518.113303398306
C-11841,20023.315194535415
C-5763,68901.04295061104
C-8389,35486.341352912445
C-16692,38223.75549833305
C-33430,101755.27038670312
C-2953,174605.74154508888
C-11912,29453.08339446407
C-6072,60991.13679126986
C-6321,47437.46057155679
C-26772,52662.54846084696
C-24747,37013.322588154435
C-20883,146866.6715599262
C-11751,58281.90963148056
C-24776,84214.64839032691
C-20642,18342.647236509816
C-9613,6863.782361680489
C-45334,58394.35885378688
C-37941,64947.00770738318
C-2908,36338.73016392591
C-13784,27236.881573196115
C-26710,41903.62705496983
C-1892,56142.68821366412
C-49928,104809.60043353739
C-23082,85154.6899126026
C-27939,41487.180014539226
C-41801,-6757.911237712775
C-19700,22560.843264095933
C-43113,26146.235247774704
C-27336,80959.4599570224
C-36772,35842.80423215103
C-3197,-4364.3554959772955
C-14674,78272.98283282502
C-5092,9644.354271525
C-41664,36831.248979489625
C-85,30275.488269656405
C-48382,43356.521085691544
C-35744,76344.71547577789
C-32776,3601.982806102984
C-49131,32030.166492460692
C-29703,13169.674320028753
C-14880,44781.67598245364
C-36170,11880.095949256196
C-41645,13041.181340523144
C-4784,44421.90347321202
C-38418,65321.38440944629
C-13222,56738.37397995833
C-32852,13408.754129630368
C-21795,10948.79663078925
C-121,42711.44630373074
C-39952,18885.42448920342
C-45166,32817.02650228604
C-32641,60199.10464571311
C-27678,23227.73653341343
C-10704,68345.2358568105
C-33461,11925.626931203122
C-22001,81394.75229284533
C-30170,50959.54747300994
C-23960,59542.06801865951
C-16139,20031.88890811854
C-27022,19227.684295522704
C-19074,26577.233690519723
C-49284,12022.018038785725
C-8598,48381.1506898892
C-14962,30319.07920060859
C-35254,230.8760992029711
C-30635,69973.79592890896
C-6981,8435.462599930026
C-5924,31628.363229463546
C-9590,20699.9994874724
C-23842,65391.32332301341
C-45972,109588.94366061708
C-39623,57038.45138761046
C-49153,2501.0839266208714
C-34958,63457.92537847653
C-36476,56338.49831494137
C-28630,9988.873627669585
C-12012,61783.64433988249
C-37986,73434.76010989533
C-11513,67752.68656102977
C-48999,75173.25469193506
C-7194,51485.459569570194
C-14162,55843.34909377255
C-6137,11624.754406047185
C-7348,15633.09979694157
C-25756,8727.365788781666
C-40915,91244.72570095757
C-28646,19939.173441378254
C-31130,43378.459229771695
C-8532,13481.749744821522
C-24097,24974.693947211228
C-1855,19565.431944127966
C-35375,29042.941883382082
C-3997,145408.79608458868
C-42188,45960.414076616114
C-33694,15715.04844945854
C-1613,18108.870677985018
C-9405,74744.76030485622
C-5964,13588.734688794466
C-20231,14075.350486459305
C-23969,19205.696323583696
C-36011,88107.20389985069
C-23079,109749.7482271564
C-44925,24308.997291694985
C-9000,75377.55319948024
C-49513,12936.344127827542
C-49824,61916.441694190755
C-17542,85414.047399211
C-39446,35046.724246561615
C-24862,30966.686511633707
C-30025,23738.836645754884
C-20039,15872.865387530022
C-34113,78578.2891471614
C-19871,39145.05494425365
C-7017,25613.64235038514
C-16017,80976.94769234018
C-1475,58883.702282692706
C-35040,61570.31752025281
C-37318,26978.658224659812
C-4757,61752.79911934997
C-26696,36545.633231299595
C-2450,106787.50795285203
C-38702,33168.396858998334
C-31969,48654.77146807029
C-34069,33831.051095404146
C-23160,26382.01155057838
C-30804,-8197.85504739947
C-49195,44603.21627760462
C-13029,42706.55967774551
C-39590,-7087.266544049518
C-45950,16192.536892364711
C-1907,144395.83259594074
C-9729,37775.43937753032
C-24353,46805.445084299354
C-3768,96336.63906255296
C-48652,211109.54814983817
C-14858,25210.78925702072
C-32326,14825.307519459886
C-35385,7937.557299933804
C-45900,69182.69407633148
C-5823,29641.053737392747
C-29879,33822.201884540365
C-2015,32593.797826969614
C-19823,43349.38947526847
C-19528,68275.53436836746
C-40682,69158.9062345927
C-49354,-15569.997369649558
C-25744,93171.12074579338
C-14328,60857.09780326083
C-2727,66990.87916395653
C-45497,30579.359221893483
C-17894,152793.46454358386
C-10903,20349.419742861755
C-39413,60650.91968667289
C-4926,23126.092047371993
C-29376,4190.21244324743
C-7440,27274.54456520674
C-38279,46427.61830046502
C-43246,46808.93963832372
C-33701,30526.09074674522
C-1603,94136.08796061487
C-21756,8507.752494405715
C-20553,-3309.4881290439953
C-40318,16300.085446611032
C-23274,26133.880128458073
C-3521,24744.235830473208
C-19742,30658.553504269083
C-42176,13808.800228669104
C-33938,83972.15963885494
C-20363,82309.55400424093
C-1614,94037.83987398492
C-22568,-936.717992367252
C-24796,38681.85219352643
C-25092,40914.93872745607
C-40256,30406.860620087496
C-27504,37894.502977486176
C-25753,64796.20804316814
C-27194,37935.87798690271
C-17798,-8690.21354257103
C-11864,21370.4173119554
C-722,18304.939484104027
C-8111,113133.74057703564
C-25051,10397.222145616033
C-42216,24259.296046760654
C-20767,6306.9338252692105
C-22334,63224.49670296125
C-23551,25687.304807544788
C-48437,26583.795525969766
C-21452,47466.64539060687
C-16307,46977.61548711101
C-29324,40677.48776248217
C-4513,-96.06536950778536
C-32774,15646.355168560327
C-15695,32274.04391107356
C-48811,89032.62226060586
C-24101,55154.87065287607
C-17567,19216.15600075892
C-3203,22608.237856185307
C-27870,57587.60465912687
C-34250,44393.48798222303
C-6052,39268.69705402014
C-33730,59712.65469886938
C-33735,45614.7458759443
C-41784,8327.386312648683
C-36379,51200.20824774444
C-37051,56924.292236036505
C-45284,-315.1947361200582
C-22611,7451.025299443187
C-15220,20956.486145400573
C-46916,29238.710404298985
C-16477,6145.757741176727
C-32921,67425.03286887937
C-10743,55658.68843151794
C-25717,-2778.664080613322
C-38804,72819.26094810446
C-47665,103833.20106090853
C-47745,45288.642673355025
C-8340,100573.64546672098
C-35857,-6175.878780305997
C-13835,55946.3583514167
C-8181,100084.07850608914
C-7606,17928.23202899061
C-28889,73724.34039085533
C-19884,18619.029998384896
C-26792,17437.731020385545
C-29963,52194.59665089461
C-23208,33563.79002981879
C-26232,112404.18938808242
C-38972,-6184.117002582876
C-28626,81453.60593035104
C-3278,4366.8219979735295
C-9079,36129.95616883718
C-18569,29649.956345034283
C-43756,23485.001791007395
C-17687,57651.940903321294
C-5824,74404.6380570753
C-6145,13338.398106237764
C-5160,23384.531406195667
C-13520,37438.08197053499
C-2648,11999.166567210246
C-9345,141630.3680008786
C-46369,160296.3148872835
C-34024,24276.987153817
C-37594,37259.10972785193
C-16600,44829.25031393499
C-12689,73014.90266221497
C-31285,20036.598644969672
C-20977,65660.73143093253
C-8645,50745.08342482032
C-28949,60836.41993414646
C-42339,9590.251438884865
C-18516,75146.93416343466
C-26843,8563.96837768388
C-37352,40160.07214765785
C-9621,22215.60378087615
C-40583,47356.65517615192
C-44959,46266.77376268112
C-10087,60101.21048590184
C-31261,113282.11145319519
C-2632,43235.400129605616
C-35797,67974.32999121342
C-9943,23614.336234536226
C-48614,-8105.894164832105
C-38577,11111.331224832938
C-9012,11434.761792999867
C-22068,29886.445083411505
C-34390,24390.009350363038
C-17445,20977.94645706674
C-42960,36632.650723526385
C-29172,17448.84963830077
C-8067,31259.694050669856
C-19101,12220.126747752205
C-16365,26866.227092443092
C-46578,86422.4189145501
C-7726,39613.19772667218
C-11802,57836.82958442543
C-26157,17889.68522288814
C-12804,-1425.6934646235022
C-13829,10359.368919224034
C-16434,51450.96576573577
C-27426,108294.51559544493
C-40208,108073.24577357675
C-35800,17868.94697444078
C-14093,51089.95674220628
C-11648,117667.50642107055
C-44330,44818.8140294706
C-3517,49437.92078727558
C-21658,65008.2464902769
C-6711,40275.37405749441
C-16178,26465.26305792432
C-19315,41283.67945987993
C-12505,-12983.473439213922
C-39404,62456.73201458498
C-23783,18831.15712262316
C-40002,40209.38056356977
C-30526,18678.252006525832
C-8034,36610.981123814825
C-33801,96424.79853547526
C-44646,44994.416857343276
C-32172,19265.307008557586
C-15887,43361.79533036544
C-391,23426.69616851067
C-35271,127961.89008699029
C-45419,24342.304260147474
C-26170,-10417.623075453885
C-41141,63796.93558322241
C-19608,25931.581152308332
C-12816,30243.791205597594
C-2852,14570.692196615455
C-23982,27559.1094189843
C-27035,37950.72605769826
C-19243,30302.561119528542
C-33098,11087.567852194043
C-18918,55659.54016344942
C-38094,4663.080703137588
C-39100,46230.58651684057
C-10477,8111.169180093988
C-41693,24479.383190253673
C-25244,47106.145326726764
C-30176,144662.4682145524
C-43024,9775.404673138539
C-17663,22131.793720109927
C-18116,52160.70340982636
C-12113,74950.59660250478
C-47954,35364.72677187152
C-5056,118518.82849550813
C-13678,-10887.185510497693
C-11014,14297.24546559326
C-38944,12238.78707324918
C-6241,98646.19711590665
C-3386,5791.530064358027
C-44010,36019.69902637975
C-38450,37980.02018620844
C-5233,30116.69942178561
C-29556,20689.445895619923
C-8420,101410.51740000941
C-15978,12154.849214968293
C-34580,19567.458450801634
C-31624,80288.1485056487
C-26269,29743.344575676565
C-22174,17599.259644014084
C-39257,83101.28963673752
C-461,8207.276754578153
C-19987,14124.159053306787
C-22313,58756.29907214854
C-36169,25904.680234014362
C-27644,15331.386720980816
C-2735,-95.54244015404402
C-15015,33086.55341057507
C-37397,19202.098266543107
C-45699,11101.927631365164
C-20783,60461.962818869055
C-17847,-482.3086559459625
C-38305,-2483.3059564197756
C-6907,2519.4256671972835
C-7342,102780.7582315524
C-7045,-7726.929024240206
C-13221,63805.66614493517
C-34726,16122.515580447645
C-35426,62840.19831011298
C-43748,65653.85260820747
C-2888,28299.124329532155
C-32967,36469.2651778325
C-30265,86319.98189782062
C-13304,105942.91589978522
C-17380,62980.68752502749
C-1417,44298.682064827866
C-21679,43520.87858633611
C-31369,116079.96270178365
C-18618,798.3689364153688
C-15173,21795.962363062692
C-25409,87188.55111100007
C-22695,79384.8627841243
C-7870,93694.93176911822
C-35059,101636.97995774541
C-19262,61166.313750520116
C-10179,34017.505273005954
C-10978,26920.24910980968
C-45858,19844.07593657727
C-8194,35515.82708908378
C-9392,49233.75257703904
C-49795,16291.719832504008
C-23829,28964.525715792504
C-28834,8151.6720969081725
C-45277,54291.37202544237
C-11440,15286.416305057133
C-10158,32356.377907926537
C-46131,24537.591168464252
C-27846,36942.633910632096
C-12099,34325.547442858384
C-7556,41207.68562873162
C-36717,57313.54070509272
C-6230,14792.244948371677
C-26450,60887.39459610444
C-42638,41852.24106072819
C-40852,75203.5231047199
C-48264,7956.464321211271
C-25725,38274.7241628619
C-1251,27410.523024600465
C-38116,66414.3028526343
C-33330,56214.63319156777
C-28034,39366.20444879241
C-15275,39784.82204241014
C-18947,59651.924728438025
C-45711,38436.54366354169
C-39206,70867.10685792254
C-2536,33789.28242544079
C-45427,122916.38448574091
C-34637,26370.945232719074
C-8357,2973.7304217748824
C-15199,86769.47211023768
C-42345,31232.426047648503
C-15973,73040.1942620833
C-778,-2674.8131271419334
C-18961,11845.918812365686
C-31944,59968.097334017104
C-49215,25758.56604225826
C-15736,18723.01260748009
C-39719,50206.368978311555
C-21669,91768.16108859303
C-12666,88569.36475932077
C-108,47432.131571646336
C-28294,44903.73739517506
C-931,38051.466598200845
C-46269,68467.25029590094
C-21864,37805.748906810026
C-40951,22138.0488510235
C-17344,39810.05106099081
C-30471,23266.030934988827
C-6151,20769.782360560046
C-49031,21530.26145095355
C-21146,24022.17905251504
C-9283,3188.6700107190845
C-38375,-817.978656722582
C-37722,69128.5234015518
C-39145,74333.76774287115
C-7771,107719.90225616177
C-14611,39098.36736375269
C-3433,53022.74209784262
C-47000,164600.54432712193
C-38783,94764.42692004862
C-25384,41247.58965096852
C-27444,77256.75852441872
C-20567,53837.610151451445
C-19163,146086.28326562187
C-7784,24631.934220154573
C-42195,84531.05068423162
C-15641,46629.44652142565
C-45148,57638.21923465937
C-49786,64833.58009478705
C-43483,131440.0927108499
C-31900,40379.42752081677
C-7955,12064.830044115239
C-49917,100309.56715366628
C-20928,109871.04474163441
C-32586,87376.97170081307
C-8832,1932.469502467633
C-37974,25752.7314771694
C-11184,101799.43746553104
C-27932,21106.369183755378
C-22581,63725.36026372953
C-17470,61094.72882304911
C-35562,-1668.7724764908053
C-21391,12528.111572954112
C-2036,62799.23889398854
C-487,31393.246085515937
C-49534,64743.058227339985
C-27793,102159.61309125605
C-47718,12404.572508010664
C-28840,12584.186975679186
C-36903,156987.92383814952
C-12478,33168.46089007639
C-5497,68339.17986447478
C-19291,20808.736371226605
C-37414,99129.38587311436
C-27189,44181.53584833523
C-23974,33223.496647007414
C-37756,24212.056644076943
C-6994,1725.3527952654258
C-26676,-6827.497424459958
C-18336,21899.251728849133
C-39249,37306.41542512513
C-46594,61847.30980023494
C-46668,52989.03832938981
C-31182,28406.323910303363
C-33649,-2285.6471601562225
C-795,22482.596539812894
C-41864,15700.469130310612
C-27099,147820.86761613406
C-13217,3920.676922643346
C-27941,29038.64344121069
C-26999,35977.29047830689
C-19798,53856.03746950669
C-872,10454.781131561402
C-42696,82765.8538811111
C-4207,23459.228241213103
C-5977,27840.29704179194
C-37417,62460.17911153214
C-27520,84352.86512222396
C-28968,52115.30362263767
C-7218,101806.98862322803
C-9926,120102.41882330453
C-6283,4200.737505197227
C-28564,164903.9842525691
C-7458,38099.32975260825
C-23936,52387.21849695321
C-15056,32170.514379963133
C-48332,55494.430845370436
C-5285,75459.74111698123
C-22261,16681.881065695496
C-6649,53846.38649505471
C-39775,64868.539016445284
C-16672,-5786.269048384696
C-22949,32300.85263809484
C-33264,68095.5497360854
C-18411,4098.4728471695635
C-2981,7921.737317383464
C-25486,14296.117106633828
C-20743,61318.71100873736
C-43852,91921.62504435991
C-33935,79511.79162235325
C-12280,209713.13222670788
C-7324,18934.943762006955
C-10229,42699.9884414861
C-29096,64402.30258639311
C-7146,57704.407694553855
C-48092,-6805.660127086652
C-7802,271.6308449519347
C-41995,65413.62780190265
C-24558,-4282.6503056100555
C-41069,54855.25709082977
C-49771,16878.36877437496
C-14429,38119.10653892774
C-36459,48028.47996822993
C-595,23578.445865470545
C-37861,32674.076548165463
C-5702,42237.11148411075
C-48665,25552.04372732329
C-44788,7057.576967183857
C-41968,68460.24563519133
C-28021,12477.056564127925
C-49046,132188.7102561983
C-48198,67349.30451390205
C-2224,22739.01795443162
C-29812,15548.165283520924
C-28119,11186.124816992131
C-33458,19138.172773289523
C-31298,29294.321374534462
C-42213,47858.19849077365
C-45134,-286.78837710539665
C-18790,56426.120444205
C-8651,33090.112799063325
C-34551,90962.44298791548
C-46838,144707.5000307564
C-45834,94675.901574972
C-23656,48714.885698705446
C-35479,48436.987989367924
C-9171,104071.7900951849
C-32795,124122.32446790863
C-39761,6683.715095914915
C-6842,38541.25028527387
C-1477,129951.4153461574
C-29391,17624.425074824914
C-36372,46854.650790017404
C-3050,-8405.324692187613
C-24135,-7315.1224061848625
C-17657,87743.94493205061
C-22379,61739.06063813546
C-48251,44694.878556087904
C-47996,5058.106347963432
C-46600,21099.04121209596
C-24183,21168.873483967804
C-39134,153162.52403134535
C-3569,54669.789327910985
C-44734,-5098.202961872594
C-26917,33434.808271576876
C-43369,144922.88180915767
C-16973,66763.08595845397
C-10007,25680.494251776832
C-45821,25191.03483881026
C-22286,23612.000415827704
C-26486,34275.2797665932
C-4785,84069.53671132194
C-41874,37950.79763663802
C-40217,156588.02421207528
C-21423,41432.48992319213
C-42449,20207.989132739567
C-34243,79023.51620998002
C-3917,124849.35170611512
C-33066,71811.11626580759
C-2723,27040.33959346969
C-8412,83684.92158249638
C-9722,14917.483390455956
C-38320,31548.73915306965
C-29676,1860.6672212574413
C-27298,34112.98353958428
C-31654,27981.537505672743
C-13695,8020.501579622549
C-25086,-4503.226520772892
C-44465,1102.378951966377
C-21654,61129.960199129215
C-41060,70068.21708877137
C-49595,57931.58812379867
C-6280,93322.98339859385
C-14434,26826.351648452095
C-35331,35238.107043567725
C-22482,59341.83332365904
C-39569,26993.272332808832
C-7791,71408.09494641997
C-41802,149728.00241901632
C-39667,28266.03960715373
C-12376,34373.015976396586
C-40906,86829.98787343502
C-38890,27233.207791548157
C-37476,57256.112933069366
C-44946,76163.56993520519
C-44451,11803.76720960014
C-37113,147618.52677039866
C-29497,18099.192054951392
C-19756,2871.2615300370817
C-10272,8130.113917349729
C-32834,100507.07608877539
C-23725,65403.792017706386
C-10753,17065.28496499477
C-17104,18862.494663859616
C-19153,32502.088840958866
C-17340,13675.209176291231
C-43187,143061.85378867446
C-49532,20437.672698848623
C-9014,43174.81199604936
C-19519,63248.68933122832
C-46047,54065.27578275998
C-32269,1361.0349922016612
C-808,7547.698365233395
C-25924,41834.014138456485
C-39832,56757.808050804044
C-9670,59169.882637056435
C-44243,51216.18791237619
C-32273,-3343.9226705030233
C-38474,78172.22817254977
C-3098,120672.9128245426
C-1113,105107.4480579042
C-48460,30580.75006933443
C-14158,-6064.375667453525
C-16411,119507.10416451012
C-26187,102204.81091845181
C-47185,60097.09669984999
C-5417,42267.62612507709
C-43392,9106.087041033214
C-13685,185001.01452122018
C-18903,24212.07691325965
C-44156,-425.72153071773937
C-28524,10872.742872450697
C-5184,38265.78272718836
C-45033,57722.421161706276
C-45354,100508.73278490803
C-41123,37189.61346247367
C-14213,-1120.7080965047644
C-6888,31883.883633749214
C-14104,-5273.2260358188505
C-2495,17229.798822004817
C-17057,108342.09628668992
C-5005,48554.0200617926
C-41297,44590.282723366035
C-42963,1271.0830796779119
C-23251,18600.18901957962
C-23970,11800.071650336016
C-40714,123903.82662476228
C-38859,77637.18134539135
C-7112,58295.48168933608
C-18928,27868.642672690923
C-29862,81459.55766306478
C-30212,30596.875759933668
C-15021,69932.26559696092
C-7476,33726.82527143655
C-41600,16285.555440983684
C-32173,35499.386608369634
C-38518,45038.55098846654
C-38801,65459.40113695204
C-1784,80697.3031135269
C-24927,121352.45909739753
C-39547,67923.07870434673
C-43215,63110.31309430989
C-23422,995.345476906441
C-37723,41388.75429757245
C-29178,76714.97480440064
C-19008,99630.88509905917
C-5849,82206.2775159599
C-6004,60937.29575433827
C-23104,9747.668477811196
C-24882,45236.247025372795
C-43468,3552.57383549121
C-35132,84082.72654962595
C-42580,144670.7970594013
C-11578,15926.921572729476
C-8678,12573.570732775639
C-19927,72609.91677515597
C-30508,35844.847765431594
C-44874,26063.451662513246
C-30186,42400.96136084648
C-10760,8781.439153695224
C-26481,76357.88647936197
C-46111,23715.678248520897
C-32145,90934.00196537432
C-32092,26051.591704943596
C-5752,69358.81683597162
C-16382,58661.71978289985
C-28591,107117.70882056915
C-44846,57016.756530311344
C-2932,42856.2234009645
C-36463,126775.78224434475
C-27695,49931.82015172709
C-40748,68354.66571825014
C-29783,103838.03317353617
C-49739,7560.070914023119
C-14812,45449.64675005429
C-17082,32285.468024518534
C-7455,94584.46466414518
C-19358,27454.73647158849
C-19549,22384.77863238065
C-2666,23041.617492400503
C-18984,74212.91566457244
C-13649,12502.792228949038
C-33798,30990.509583387884
C-10307,63353.43453554774
C-35501,25577.85014066978
C-8935,50914.783078744906
C-26153,14285.089016091217
C-4606,49254.93935535845
C-18360,23968.479204663905
C-39333,14777.830432207847
C-12426,83214.05496940021
C-6408,53640.681492993324
C-28868,959.0693461245974
C-42593,33996.43392006053
C-31808,83428.62905565207
C-32004,54479.965808522305
C-32204,31795.801562548575
C-12801,82062.91248904649
C-25815,45759.919465484214
C-22768,37559.992395999674
C-32048,44749.288484011726
C-19658,26723.452659343126
C-26891,2669.065764308354
C-40188,-679.9801414315152
C-25433,14306.58292194904
C-10378,52562.79565887996
C-31318,127235.98193235119
C-15344,13411.277802175267
C-22888,9321.116200574375
C-43034,16526.345740418663
C-19211,50869.74481231584
C-10432,47398.04354605905
C-22014,13380.352410148022
C-18211,69781.44286029217
C-23968,17622.465551794416
C-48530,38535.79135982023
C-28054,1334.3848116121371
C-2058,5081.440945301656
C-34942,92366.02166759677
C-530,46428.323064116965
C-38117,15241.327300559682
C-20913,27390.660181734296
C-47070,71260.66192150423
C-26019,25045.574322323748
C-28532,56446.87699980128
C-46716,58511.99308449262
C-39327,39603.737001481524
C-7240,27994.403629631208
C-37949,154303.99072085175
C-2195,139836.88842416025
C-3355,68975.50858286885
C-19733,52354.8850511991
C-34255,72211.65303421264
C-49287,478.9709853538661
C-32256,80556.78547847933
C-22180,30463.64603116582
C-5193,46112.635661578526
C-38427,121617.49943031301
C-44886,133964.87972800183
C-3791,32584.943294336423
C-32566,50299.00526766805
C-15243,42526.02696786472
C-5240,39955.30349274465
C-49218,63088.71140646828
C-25534,-5366.085034024247
C-47239,5953.946271640416
C-8774,22862.99706939102
C-16520,112291.3494191117
C-20311,87769.1405075912
C-3650,-624.4758693451149
C-18558,39786.83688803477
C-14820,127724.36122910176
C-34556,103242.94415848666
C-43883,107575.89410580229
C-40653,36050.31028156277
C-47621,23902.959325926808
C-49147,60824.716468661085
C-440,130530.10333218523
C-11354,21170.994986495978
C-15107,42817.36240883001
C-24501,44920.18970231483
C-28551,37174.06319639903
C-28773,31659.973137157092
C-36617,124168.89480689172
C-28244,-3752.1873367422813
C-41307,107356.0235417556
C-832,42695.32177086462
C-8287,10143.714223362666
C-41225,93593.44954747021
C-13965,44694.15529475173
C-6491,65060.178031917254
C-10751,25235.463874622743
C-27955,13353.114987702364
C-29401,21315.859285931525
C-40588,24687.14591788648
C-41993,14701.09753083365
C-37136,119268.17084526604
C-41702,50710.19562830105
C-37634,27551.26738354026
C-7102,5259.3367507445655
C-32351,4761.050716261438
C-17461,44068.797120801464
C-2675,11470.428273531215
C-34452,96121.93458032908
C-35202,50885.634724344185
C-35085,135921.9345761073
C-25301,25785.551768907546
C-18247,-2885.2554829955334
C-26468,21065.673905533935
C-39744,68142.79161450993
C-39530,37859.30273112203
C-15276,36639.795537194535
C-27599,88432.03315624985
C-16294,102059.68034070238
C-45920,79284.28666676107
C-42972,51785.105083932445
C-35739,2929.5524330887856
C-48070,12768.54381197405
C-20738,71080.58653171574
C-20164,17977.46082129505
C-35798,78601.94218227995
C-36931,45603.73965927684
C-40067,55137.872615114116
C-7033,655.7480501024111
C-2919,46434.94724101888
C-92,16973.81718642793
C-10068,89245.43769525166
C-30148,102257.04982926707
C-6804,154.1021722056321
C-41739,91367.18275351136
C-26448,11348.925964189853
C-5100,43648.51748629283
C-6401,121721.91265496092
C-14665,44304.21419363083
C-3315,35873.97917733247
C-20983,39288.071954348416
C-32947,40337.72884889122
C-13518,55565.271266756215
C-46708,50561.4564854046
C-6592,139580.4434698575
C-12364,29335.489054739206
C-46390,111491.31716375747
C-7318,37683.61257095385
C-12943,22800.07152377904
C-2883,52560.2152174393
C-25283,23657.629252443716
C-1618,-10317.321371129037
C-1271,-2866.804077912617
C-40127,72014.66747030595
C-36317,24386.17080183417
C-48952,51378.4783839959
C-29240,76853.12457433189
C-25093,2241.311295414038
C-12384,39105.58620330961
C-34319,19517.24079144454
C-47779,57860.128699765104
C-12945,56596.246223201844
C-36060,18859.40013178184
C-5616,2384.339725202939
C-41883,60263.373080362886
C-9039,42788.95618970889
C-25362,88525.57906002551
C-13744,60367.81420125484
C-25047,144641.78389274306
C-13036,93208.57520971293
C-36276,3746.3812320727593
C-2811,-2728.7377477040427
C-21717,106642.07546113693
C-46988,24783.343018236617
C-48564,26656.4427324722
C-24260,40912.6040919463
C-39925,22064.144501923565
C-16917,99279.64678436688
C-27996,-1682.4591367304529
C-37659,43352.27132478816
C-15746,106264.13254962894
C-46465,27967.209519063043
C-40197,33870.404965735026
C-39307,109913.83410658462
C-23902,31331.98586279731
C-19873,13179.830856306537
C-47956,41239.356129664484
C-13273,6267.188407841008
C-48337,90389.30745047287
C-19271,30179.440152232073
C-37094,70671.4705392343
C-684,65134.92667916642
C-24481,17907.689222392735
C-12590,80377.63125294552
C-25151,55349.392597538645
C-17381,80335.57777046357
C-38274,39507.65424421731
C-1011,66927.82417708839
C-1000,98012.12650031844
C-20171,29026.395705419163
C-17936,125350.97610435751
C-44657,6461.14706895643
C-41222,79593.13697300831
C-42705,50109.66078914203
C-36949,105694.61521425104
C-17725,44387.67213227849
C-41035,24599.10262569802
C-2207,81339.74843842942
C-11404,48701.819389981654
C-1537,2156.3515807996373
C-49111,99830.4620732734
C-39701,53529.983780809016
C-14555,24228.61194479397
C-23018,47318.51250352495
C-26076,60672.46085966198
C-1292,69742.68047911656
C-33809,13840.270633265915
C-34753,3486.0775349544056
C-30028,65611.06072046909
C-33662,54244.09394193871
C-11938,32807.40188642395
C-15030,83368.2432990966
C-25693,118067.02065114
C-39706,26307.560018865308
C-49830,33803.95179125907
C-1215,45545.13397666443
C-22515,6328.471499145933
C-34267,43317.44516504543
C-31199,21328.912137746393
C-46236,19365.14601363715
C-16259,29701.511307384953
C-2730,40983.86076807076
C-17938,70419.60333064216
C-41242,61465.621750749495
C-378,36976.41661206843
C-15648,37034.0900371359
C-48043,74450.34373476129
C-3027,110594.50973422927
C-43249,16053.06601972635
C-26632,3212.748057100005
C-16859,62223.964790602244
C-23573,109471.776849352
C-21886,-3123.2451345035443
C-31479,65412.99335178433
C-37999,65911.03719698676
C-45817,69874.11454129628
C-19011,16258.25867770196
C-36365,12259.448075218053
C-7416,44472.38823267641
C-677,22412.525961050083
C-10599,7268.079690696177
C-1103,18258.626383108836
C-44906,69922.61137613724
C-16804,54018.011532033066
C-38012,45888.4548099394
C-13987,157126.83270170202
C-19544,82505.09306565247
C-3349,26564.281954401267
C-38961,35177.941983693614
C-38259,4319.5768608760845
C-3666,4603.032428614337
C-36638,55069.074866425304
C-18230,160840.1514136024
C-11076,47590.83413003561
C-31226,39734.098591781985
C-9312,16666.593485122296
C-10276,82301.5115544718
C-44905,6678.3758549918275
C-33369,75145.46452646832
C-34166,32482.501675881686
C-45310,83351.1695047142
C-30527,102615.51949310172
C-4627,1256.2774885344916
C-38353,121954.9356643153
C-4974,83203.81266407037
C-32095,-6417.839933924028
C-13549,9125.34751472812
C-43862,50198.402181219804
C-6688,90066.43059864722
C-5382,48559.07773728151
C-36550,51055.64924888149
C-721,51038.12119884637
C-1325,109523.32211590793
C-21418,112947.65604052793
C-33431,27135.645865688988
C-25465,120.96038396185031
C-6769,28095.86039524207
C-35667,58279.697937091936
C-22630,6694.403922010657
C-1353,28760.265776035365
C-15765,35816.7511705933
C-47348,21341.95482029407
C-26798,33310.722765744584
C-1575,115211.87188811025
C-26100,9673.822371681577
C-41279,7713.702939210067
C-43388,63392.1122052533
C-11917,98379.8187733749
C-6243,30801.686858659115
C-1218,41507.29903681271
C-20692,23104.64359421783
C-37907,51402.0469295441
C-20591,92632.74222211982
C-34997,18131.908777894016
C-28405,30767.784880696763
C-45810,18606.000893944652
C-10134,13262.502314583282
C-9407,15590.76807958079
C-19191,54371.4928502898
C-15367,16371.545370076346
C-44513,63625.127399557095
C-34160,40041.45986346359
C-1599,22916.229741848474
C-31067,51794.9014951909
C-25519,31442.216993029833
C-19761,33498.004259350026
C-1661,80472.89728823557
C-2525,30886.72745724796
C-25450,32793.75570215097
C-34833,11479.955505985054
C-8560,11334.850984335848
C-20590,17251.898304155515
C-9890,81038.55273163121
C-3415,26682.30977528258
C-7271,18616.058165830018
C-948,19645.677396295552
C-2910,80821.4969341486
C-16054,49106.20926900405
C-21243,24379.635705457888
C-22407,128185.89133407244
C-46383,60257.97852174616
C-48914,5172.628444733149
C-16529,-4815.871780237809
C-24655,4396.4707307184
C-1926,79879.17189488786
C-32783,59962.84017834632
C-30296,14071.172934939772
C-23621,59407.830043409245
C-35554,103752.56465634251
C-46261,50214.05199418801
C-34107,20716.65118518757
C-42655,20071.848393038486
C-39873,53384.577081994394
C-17191,-10223.29708705163
C-23048,71173.22464124457
C-33498,12976.701430213689
C-906,26637.59541725365
C-7234,29549.80314815185
C-18364,36329.65119382723
C-4434,62997.689796137936
C-23245,112148.40297920331
C-17033,120377.65884997665
C-2814,56611.31536065745
C-39554,50088.11838524588
C-24123,22124.167993339586
C-7293,11148.102106647508
C-41615,2721.5779433429707
C-4869,31079.235642773016
C-2885,36709.69136622538
C-18098,88737.29316492302
C-8981,77826.57681795514
C-15668,6923.653287576846
C-2158,87386.45748082036
C-47085,19620.412286337407
C-29563,-611.3373818817563
C-6396,11699.773192325134
C-27245,21266.515875765
C-9571,8197.496051084454
C-13085,29619.263394940976
C-32744,23260.911671933718
C-49207,-13642.720569477657
C-2573,122564.0196198364
C-42732,29629.65006547979
C-32858,38908.5196732505
C-14529,13106.063822335076
C-7709,38680.86072581763
C-24245,168639.03650345316
C-28155,68417.83766800346
C-9237,67587.75824321836
C-20896,19946.39750761255
C-29529,54799.10722735536
C-49272,6352.343457915864
C-3094,98155.36999961242
C-4211,19521.931667728593
C-40530,61520.70454459669
C-26341,66532.12769804845
C-42206,66430.66112785347
C-31908,55208.133370348776
C-40632,48013.516912770705
C-14432,42261.1223916558
C-1169,3969.685780173888
C-29803,56288.55053169417
C-8662,128973.58462031535
C-11102,43317.146904052206
C-30954,13049.246282868975
C-48216,145352.83602916542
C-34932,15264.080856303299
C-16705,34614.997894306565
C-20735,20784.785132221496
C-10662,14114.602378965516
C-6235,93257.29776114807
C-20782,51683.182497101916
C-44827,135436.93813655138
C-33580,94149.44856654151
C-4046,23960.95846372339
C-15992,69336.55551964376
C-12605,80213.55042944202
C-23469,36.81153773017286
C-16923,31738.382083976256
C-41969,32528.572528352553
C-5294,38891.415836951426
C-27875,43283.318891990915
C-1197,48387.505359377916
C-49768,22930.83596555075
C-2251,38210.35669443484
C-33006,23774.54575712133
C-26789,16019.055427044139
C-30239,23898.090079748825
C-26818,115181.25424653698
C-1901,-7112.145236748125
C-23518,18730.115422579962
C-7565,91231.43505540237
C-27349,1942.6189722267009
C-11188,95146.86344140916
C-8581,106336.2872125282
C-25313,88142.39643451542
C-14905,12214.728422347878
C-34147,22543.201909352716
C-19991,44046.08763224216
C-44,53596.60068933669
C-37087,83473.1767844164
C-22924,19960.56964115143
C-33444,37538.20974162826
C-3520,104133.0933305753
C-34874,8204.678098650373
C-24759,105609.76455084726
C-5163,40048.30996141318
C-24438,18976.411830068977
C-39224,39337.88448514086
C-2862,44688.333343141894
C-9322,63496.19799252222
C-14479,-22.571341861708788
C-22571,7664.3809132303795
C-33363,7709.842973276667
C-42425,3655.857272506357
C-12100,26108.111209276078
C-48101,34170.98762600844
C-4800,65369.775956954894
C-37439,90483.70462725224
C-18640,23368.342870077475
C-37478,48035.78130880436
C-45410,39878.872971298704
C-23721,62066.94676879115
C-20805,68458.76598285584
C-4203,53827.57331761732
C-31016,29144.601622963586
C-35333,10692.485404890533
C-27054,31409.45680079661
C-33869,17984.176305660505
C-5611,96743.26420791994
C-28015,62232.72076826864
C-7157,92394.90933513126
C-47876,-2968.9883595839347
C-45609,67872.4630558344
C-46711,80331.84373088647
C-37894,47710.35383923065
C-18639,54448.8874756806
C-39707,45958.573258046184
C-36104,126569.88954569765
C-13946,88167.43433281145
C-11258,160526.8695557781
C-43994,28107.038892315053
C-43714,36025.18643135502
C-47433,17207.155205306637
C-35828,15012.561359470652
C-24589,8596.672390359745
C-38955,22412.96732858051
C-14097,46683.2841674401
C-41681,66178.34256725968
C-30975,41914.700994614774
C-42577,-7368.961696232873
C-36919,-1400.6087061377548
C-24623,26920.538362624076
C-1994,10537.110314536709
C-47518,144583.15650247614
C-48910,78835.83871458017
C-27267,6000.038666250723
C-48509,93138.69929637463
C-33108,91864.25842192805
C-36352,31844.820348387366
C-42408,11874.898593991653
C-44763,46940.21958421023
C-44429,29379.37085643089
C-14203,56888.01499013456
C-26258,30335.937379655166
C-7597,37105.690186515734
C-29895,44748.931561280064
C-1519,48524.39666216652
C-37590,89420.68215402553
C-18931,133831.23953898856
C-10989,57199.12769272766
C-5345,52919.635849269616
C-28087,26593.946606045643
C-3593,23721.144429116004
C-21482,51021.49189500453
C-36998,42571.51690817934
C-29828,25694.630178747742
C-8924,84689.22587065327
C-18318,44166.0256614225
C-28919,6639.87362948111
C-6300,134530.33412363747
C-19045,8048.8610628699535
C-47244,24045.25805383175
C-3813,29788.473619917786
C-9410,43555.107119809545
C-18688,-206.87464517897752
C-28819,-1307.2164576819923
C-37548,22560.15515206351
C-17576,50112.931290907116
C-41448,53318.053399249664
C-44453,-2002.4926903757296
C-47121,33805.87454252491
C-18644,89555.97199386335
C-31096,33744.51198918665
C-4325,27348.597424349173
C-11150,-907.9319462326603
C-47399,22776.61273999023
C-11854,104157.51739318398
C-9960,20249.592344408746
C-6389,53869.89181046336
C-36965,2856.4399615504517
C-17652,27011.437053708192
C-49875,5115.214417438045
C-9387,80796.58358472589
C-36141,18080.32385635765
C-31672,42633.082429294365
C-31174,88129.2987791205
C-39123,53853.642169774124
C-36981,36002.69479049722
C-38636,53692.41387395796
C-19146,10017.892485590317
C-1646,28518.47014006639
C-12204,70955.35863503016
C-3963,2712.4842015958784
C-48599,82521.4145529379
C-40535,118227.16759405193
C-49003,24407.37987617278
C-25917,13460.391487707697
C-27572,142565.59288005446
C-8879,92607.80810087602
C-12492,83835.63437928158
C-33357,101350.63966477108
C-6624,61367.187229051575
C-15322,46683.23362776377
C-36286,25780.321440013293
C-44449,23744.22076781494
C-45203,-1769.2740314300172
C-27721,119170.02570550525
C-12668,58751.51252373126
C-38966,82362.85675410116
C-1827,85621.51498510776
C-5576,43911.0748618932
C-21883,27948.72596885105
C-18490,17230.010620056637
C-2551,10289.061680923405
C-29081,20936.201504067958
C-27653,37112.05245469976
C-23738,27111.66100103878
C-33181,55552.28781854308
C-17872,90524.85562695438
C-36224,35983.572209860155
C-9959,-1560.2797572540076
C-15142,15721.420761459016
C-23480,105550.98878626322
C-28252,81904.0425340726
C-47180,923.9954257580757
C-3908,49071.56902636154
C-20072,48904.570792286824
C-3490,24792.51455837524
C-45924,137451.40484342183
C-18345,51741.91812100172
C-21890,165543.27102431006
C-13936,34126.04565093356
C-30976,30379.459346021955
C-38402,55757.54786040644
C-4704,107297.38014080934
C-24827,25989.98737173863
C-311,34142.732613845
C-12006,115265.1255914237
C-21646,37142.093819332935
C-17666,78292.53025900657
C-8625,8819.784134722431
C-45906,42088.53202868114
C-14530,63413.56462076076
C-15904,53363.04834520058
C-24650,53805.96950961804
C-33618,101306.58237720007
C-14982,22476.1330056141
C-18535,36167.94536687026
C-47517,17401.657297955877
C-41714,8490.789720733053
C-44540,29052.206833551718
C-38287,28474.583899540423
C-43591,54843.200389279606
C-3750,46612.41124003356
C-10123,61294.5633246518
C-29823,50770.13100558248
C-706,71740.50941489302
C-43771,6287.106196343309
C-30935,7888.064249289084
C-9409,21659.62263535799
C-32052,24795.387842155527
C-21291,54087.07241722052
C-12533,3030.7505200107335
C-45066,52808.474400984494
C-18952,16101.61223374851
C-33598,2120.864430854839
C-41516,32553.29165038295
C-20630,84803.54996127918
C-40828,41073.54420122827
C-23090,81506.46603099653
C-36146,44753.64905197575
C-30167,76241.58262566857
C-10,22973.9537143999
C-42182,29927.157758735335
C-7259,16829.60004800182
C-32266,31699.638184421172
C-41613,29467.0413054383
C-28771,13975.701579200053
C-10650,96285.94838363753
C-33635,16088.177938605972
C-8473,104471.946431127
C-26093,8175.3352780543355
C-10401,8952.09718008132
C-9256,-17996.1767203387
C-22384,29177.865835910743
C-45099,31009.6388829455
C-22137,27060.44843863074
C-31747,76729.52196513099
C-10264,44349.76737683904
C-22593,68865.48900304298
C-6457,5890.633729208683
C-49382,43126.086245390085
C-48322,21766.823642079853
C-30083,58607.4011226542
C-33736,35048.35150327189
C-14514,42913.155139895825
C-47895,11404.316750578364
C-46058,33049.01197928812
C-10409,139999.23006033743
C-36999,29199.953790876974
C-46147,17759.02754203039
C-7830,77965.81107335835
C-15890,2055.7897493822093
C-13225,63203.229203113515
C-30072,131327.57784356427
C-26769,57080.90793391713
C-9297,53012.31520521353
C-48807,55698.944770587936
C-17644,32283.726119799525
C-407,6595.458134621127
C-13485,49075.18459526642
C-3921,102305.85049609921
C-20504,74643.3293184996
C-10949,53534.67736925803
C-26961,71694.90484009746
C-12129,23132.462884610144
C-1587,46694.63165494827
C-12661,1225.9781930507452
C-45602,101079.08707760023
C-43345,73184.06904987158
C-23204,41810.21422900073
C-35662,15488.679485209555
C-16935,8750.10418515568
C-18143,98936.30621708238
C-8752,125198.47484876556
C-27650,40825.694474721575
C-30398,80726.19761333965
C-16528,54418.27398931087
C-49874,90324.85665119742
C-7213,21637.081320207904
C-30377,62668.674770167876
C-26682,4229.243877083616
C-26509,88661.6415126187
C-48384,29062.362521662202
C-31429,51951.45481300673
C-21613,-13530.431381852555
C-27515,44984.26067289907
C-48274,134547.90560238075
C-5091,50777.97551244419
C-3707,77902.31970878731
C-419,34696.255393968415
C-16844,34075.72522747727
C-12748,15559.413532946866
C-39683,75227.71919483956
C-17356,21059.202470427386
C-14964,2212.989182692967
C-15908,120472.09833559554
C-49439,41207.33528561326
C-651,73878.93305554728
C-20151,39722.36549843027
C-41459,5581.3702289502835
C-21301,77800.20959414083
C-34002,126908.39687723135
C-49015,8389.216533672872
C-17419,68371.95580914523
C-20315,43648.15080644548
C-45808,121983.90350541008
C-27311,-2011.6083886555643
C-47577,55415.66179787819
C-7419,123068.00673414067
C-38286,-4988.708798246706
C-8149,24940.036256779233
C-11809,23277.8489313574
C-2676,132044.80188955617
C-4571,22924.173111607928
C-35983,55099.616692505435
C-29940,-6635.374751770403
C-30745,13870.400761545505
C-14591,29867.81343131484
C-32990,107290.11108302398
C-38072,39623.95968725493
C-22370,48140.436056933584
C-24894,31502.05120639618
C-10668,49049.75469006968
C-42782,87065.88453503343
C-7270,35495.01693366247
C-32522,70653.56416386986
C-33627,162338.01354634986
C-39977,10515.868777276191
C-27020,32437.458083507663
C-2051,30800.2097943418
C-33571,16084.207732313735
C-33036,46101.4561197353
C-37096,-806.8010119387764
C-20998,3148.884538866223
C-33479,-14427.417085962363
C-11202,91229.94260512778
C-29404,46607.99100640643
C-10719,57498.32679531777
C-23570,6738.678024444365
C-15740,31698.67996494696
C-23697,85726.03393791024
C-655,176706.71746079333
C-9762,39274.98749704283
C-18169,60754.33475411437
C-22297,34289.89387697463
C-5567,17849.244994895857
C-11368,57142.83605462842
C-1422,27975.608740989523
C-9698,40153.36103989822
C-35210,94334.45670053497
C-12067,34801.21369568126
C-38734,20076.163342093125
C-4910,138951.27798320865
C-33860,32830.65761476284
C-15362,77449.09474758424
C-39999,34408.1211022484
C-43523,15819.077042521356
C-39121,69335.49260412426
C-47395,63624.96974961886
C-41966,86745.54677512919
C-1974,-1418.3241086596972
C-44911,-10000.259697669462
C-32501,43715.21236136058
C-11541,30863.09167895238
C-6722,31438.547892340986
C-14869,49839.9024937276
C-37900,69399.05805544439
C-1153,74616.24237148525
C-40710,76380.23025106604
C-14903,53598.24803046773
C-41500,45199.396681460144
C-32037,57847.995100883665
C-34596,60240.86862765141
C-44958,18537.666538353296
C-18829,50357.47037615675
C-27125,21432.61467156341
C-15581,-1262.1626379169247
C-20958,35423.35534519772
C-21420,49629.51023863661
C-27294,7872.704756316962
C-37187,101998.38981478884
C-42472,30836.82009288176
C-37987,42372.25185110396
C-35409,10026.196514525735
C-37636,42724.7678332122
C-25977,49825.576885614355
C-349,63440.61605827446
C-37684,25243.67803797954
C-545,47326.4870068889
C-46075,52709.262851519794
C-22963,56842.708365999715
C-45224,32973.223667230726
C-9691,-4458.643516402291
C-665,69738.08923512697
C-44273,115.8119934702263
C-8558,51011.04278418942
C-12401,69141.38100612332
C-14660,77665.87072341806
C-2343,22643.758520727497
C-23633,37603.40614125475
C-32418,26550.727229530316
C-39914,63047.38068635749
C-40581,11615.942853594854
C-26713,52100.26020019142
C-30567,76420.11087869325
C-11871,102914.48196396409
C-27591,55377.6567683481
C-19017,100985.73468441058
C-13134,17828.98424597733
C-27647,42654.78384657165
C-42929,72800.13934568851
C-49561,60058.15400705789
C-21327,33949.94843937586
C-26096,17642.371455240795
C-7967,41293.85031313314
C-10957,4356.47880919389
C-44822,37968.697256160696
C-41350,79834.28152390297
C-44455,66362.28462297363
C-2219,40566.597574873456
C-38659,40197.61615876588
C-46883,29963.076707030625
C-271,87537.40850522766
C-42359,56264.71315806064
C-29117,47748.5862960402
C-44553,30529.806019889787
C-19647,53740.05356143457
C-24423,26201.982036544538
C-30470,9977.18426361963
C-48469,59756.814908918546
C-23634,121814.49449892169
C-12484,110590.09932873925
C-26020,111665.1959914366
C-12295,40353.117675729474
C-23128,36782.465972954386
C-21087,62508.96277689759
C-31722,24485.828895974864
C-36036,4276.279760040721
C-38726,93667.62353364163
C-22769,74088.66928908009
C-39905,96261.93474610866
C-27197,95541.1452631317
C-32403,64086.7630806763
C-14700,77076.67229412816
C-21284,75619.29023938425
C-12528,-818.0596646059057
C-12508,46663.332831468746
C-7149,105097.06259665967
C-3119,12131.613162800015
C-35807,-5551.403122437499
C-20568,9294.954414565189
C-8901,5203.1124736735
C-35925,78809.46983336392
C-44322,91023.31695033761
C-24132,-610.518381051661
C-25625,56486.61732951832
C-16321,40457.9279805007
C-18295,63848.35551676056
C-39422,-10711.420260183833
C-45473,56521.081443611925
C-12598,27296.91994411901
C-23482,21100.481475153923
C-34508,9143.358863626607
C-4928,36987.175332984414
C-41577,43141.97542002432
C-10220,21008.275760691802
C-30789,69837.46168712035
C-49027,67123.9792231398
C-616,14714.926713637964
C-26530,71862.60608432654
C-38580,41999.680803131276
C-30934,80795.5608918274
C-13941,77122.54038144618
C-2102,75105.84514917583
C-26503,70116.4244430919
C-19116,58623.43273984018
C-44139,105025.70015733222
C-24023,69563.2371155923
C-49900,4092.2735829587327
C-5608,44586.39663112742
C-25790,62875.03166259199
C-33294,54985.1715774415
C-844,81205.49721279484
C-12314,22211.185610794877
C-21076,76183.58169896557
C-38308,7187.00330587865
C-45897,10964.638240290195
C-1174,2993.6902556995774
C-4681,68026.13315922373
C-41312,45315.99491286195
C-204,-16919.946512581584
C-16893,43004.62227254351
C-3423,20528.649735630977
C-29932,-8996.704547460242
C-42203,33686.975744206626
C-19862,73536.50283613167
C-17005,12271.943076123076
C-32840,70230.34743830236
C-42305,8294.176014951321
C-47626,92359.56732739178
C-5137,22789.94241298704
C-41509,27269.248313977347
C-37090,35096.8691086522
C-12812,117734.16388153828
C-4228,42852.23699998396
C-23045,11934.221350759522
C-7795,52586.32180290856
C-30309,59207.98636159156
C-30894,115292.23396139135
C-39571,36056.40062986006
C-36240,46156.767587722665
C-44170,29238.503745055703
C-22271,70186.52841565698
C-36190,28541.845743776623
C-9667,73644.74686730487
C-5604,-5287.06762103051
C-24624,151906.04054308007
C-20424,44319.15929942227
C-332,11621.462486137061
C-22201,20303.325303118312
C-28999,115906.43829435215
C-33927,27817.902380210704
C-45168,65987.76376096446
C-12640,18124.223771551355
C-42180,9570.599610617915
C-26233,30981.35456223732
C-32360,23484.328395612803
C-34524,65700.96613334186
C-4035,33280.69910004859
C-25494,131452.42231376594
C-24585,110511.3180946723
C-14223,9941.855885244979
C-18195,96425.5757401679
C-1158,71770.51906900143
C-46292,94988.67885727168
C-16225,44523.2002380895
C-26790,54152.51754586829
C-32448,114146.65178457477
C-31828,27633.205708361038
C-36479,77574.46563497986
C-7466,79085.35537832421
C-9461,22142.6203785905
C-20937,57318.38029500603
C-47661,-8090.783516409516
C-696,39292.12644246667
C-28575,15653.306875650003
C-15255,78385.14724453163
C-23750,94173.67858570228
C-33364,10428.11907853128
C-14477,72435.08362476088
C-32425,65652.32767323918
C-24700,54304.20720932075
C-9874,24566.929061088336
C-4459,63700.29506430107
C-35676,86348.08379960714
C-29818,17202.158705456684
C-13986,25214.603048394754
C-36652,46530.364625431626
C-1383,9533.167574257604
C-6847,58316.693308823924
C-21254,46860.00483476308
C-48417,38469.77368293133
C-17265,17685.991183708968
C-37401,101881.08514492241
C-18957,49429.768940296184
C-11713,20258.79831474835
C-12069,-3411.7628001642297
C-10705,19976.910974234866
C-980,122202.53250825049
C-16041,29932.699795128654
C-18454,50466.321888979546
C-19746,25929.49186320176
C-41270,74880.68187404062
C-26892,23323.19751242925
C-3367,68396.66096649771
C-42072,50890.403095301765
C-12593,52346.49426751844
C-35875,124502.13142382154
C-3655,78222.58576937242
C-44064,16064.119474401654
C-19745,36807.19347649533
C-47778,63194.341393343086
C-32354,24900.924840361247
C-14690,39331.165787841746
C-2436,68638.45453317369
C-9195,15263.150912011854
C-10996,5964.311288222496
C-46446,76466.41842900973
C-47727,10462.113505551286
C-44440,20515.98449176414
C-38768,69133.90074490037
C-44458,48696.35897062192
C-28022,73025.96487781552
C-1833,45413.992118279886
C-44048,3337.745846660204
C-43581,21386.630541377046
C-11836,110354.92456760647
C-40238,89213.83051003641
C-9540,36182.04339753962
C-24295,98719.69148811261
C-11870,13470.592766048176
C-9176,20115.365869868394
C-491,55905.06409538006
C-46211,60357.88787922659
C-19575,20736.432569031585
C-20477,25976.593820479386
C-7549,36833.643784561995
C-13827,25016.09312001944
C-2521,-2396.694061962793
C-22928,9450.331909999819
C-34367,43226.90374744169
C-44143,49973.56676397662
C-32305,28641.516003449975
C-22982,54272.415103687556
C-8570,24956.686592944672
C-47762,24182.542398870115
C-15745,50661.02198572115
C-45348,34678.171458148056
C-24749,69037.28360656966
C-2886,73800.33401937706
C-44644,70201.73290845563
C-42030,68058.32121258698
C-2422,92134.91385439786
C-44592,20631.238027879943
C-7337,20219.53488080037
C-16799,39196.5394710183
C-1496,12351.683793153497
C-4487,27168.349248881656
C-21362,70250.0846751288
C-11718,39900.54363253422
C-38186,33793.701651747935
C-26635,41799.031576004025
C-20721,28919.561567932706
C-10600,34290.13972467226
C-13269,86862.9195694512
C-40699,47762.52771492749
C-10456,21912.334930623358
C-2914,21902.015450976603
C-26715,33809.3667878694
C-40359,54058.07388778606
C-12470,3217.440915300882
C-19880,145948.28735508712
C-43675,79218.0634863655
C-21623,63225.50230311966
C-5701,63570.35042142407
C-19785,40853.71327138392
C-28535,22892.207360366716
C-7575,70968.16008297069
C-8713,37864.53077527968
C-5556,24687.2993128273
C-8333,22342.52738785448
C-39849,121911.50286450022
C-45164,49986.338170167786
C-37717,5466.167632346653
C-48544,29799.558985972864
C-44768,54957.131085165194
C-47782,45174.36631224513
C-7443,8524.68932982086
C-23911,82879.55403042515
C-38369,84992.02322396677
C-17243,17567.418182668865
C-29150,38039.22574662934
C-23906,19347.284443319375
C-33285,14903.542154546652
C-45544,59115.43308647248
C-17712,21173.187928858195
C-43525,133511.31777910882
C-5201,-16583.81510308013
C-45293,21617.347121833034
C-40814,541.4232560333185
C-9763,44346.58571473092
C-31173,91538.98424971488
C-43912,40549.87638868353
C-35267,5912.110225422257
C-24883,61167.51467041907
C-47583,141852.2041004916
C-4364,43679.26248140939
C-38468,58819.741933220874
C-31953,79521.30064427441
C-8119,-893.0869698846072
C-36820,1330.5189928727486
C-27132,20705.094573902283
C-12158,41849.82219803836
C-24229,54448.36870169276
C-45092,38422.35983681788
C-11256,17030.5610812958
C-32078,73026.7564118854
C-26805,27099.76381383038
C-6587,78431.93324337516
C-16375,11552.124629070808
C-38872,-4757.52833302693
C-11666,103646.62156694474
C-47971,37621.779520296914
C-1758,30457.74829027701
C-47270,48643.413317809594
C-44497,40915.270189268864
C-45485,33304.985164114216
C-11999,49586.39511234607
C-40569,97673.8750170659
C-19737,39085.76961009392
C-5142,5572.934256423672
C-32906,56316.364776587856
C-16349,42947.51673007338
C-24711,61766.865475915634
C-30833,13484.117678619572
C-43492,68037.94613250293
C-5421,81709.92461264553
C-34082,13715.60588172116
C-2721,11618.319898773312
C-34369,101315.41785553907
C-32260,30395.360896346796
C-31597,70640.52082107008
C-4752,35890.66969705228
C-32455,20346.695103099104
C-40491,108236.7067261196
C-14873,52176.66467649817
C-21551,59029.77491145437
C-8116,7025.888455287946
C-16330,7926.316527497576
C-4802,108957.62880894425
C-45841,117341.48320845807
C-13061,157761.78628850653
C-16078,93808.02716080734
C-5128,7478.35053807075
C-46631,39030.37677421052
C-27368,150368.56378638343
C-21132,26398.688559857444
C-5243,126776.5352624492
C-25764,25703.76156546151
C-49433,54855.18475528783
C-30765,53293.39447180038
C-5941,68372.51047063377
C-44619,23178.520281963694
C-31269,88364.72616561406
C-17795,10785.186980496626
C-15688,69604.55552635231
C-3289,93145.61479088062
C-44648,47214.50834791941
C-13060,46029.464176599664
C-11363,28520.927934910425
C-25003,77141.08823635278
C-1404,4284.23203787228
C-18505,73171.44808230615
C-32860,51049.197837338135
C-1226,13711.767047020803
C-45141,57304.73381846056
C-9143,158127.54102190063
C-4323,61952.510382204826
C-1521,50695.29382425789
C-41180,33098.82605237709
C-20947,28783.402473198807
C-40770,50523.42114473859
C-44128,84960.49935833216
C-1630,103053.37440689324
C-18626,3193.067751553288
C-47404,22344.538767974715
C-12049,20004.934845527187
C-14855,16645.400331201366
C-16168,59157.89425280332
C-29548,12173.34593033349
C-28599,31364.421057736283
C-11596,23722.892085400774
C-12999,39201.319770563256
C-30638,44894.83619482098
C-39867,52307.28614490589
C-31751,62812.126809292335
C-12493,71843.12985556743
C-12584,31668.598796935785
C-24518,38601.715491288654
C-15630,7751.111093352818
C-27867,130582.46394378669
C-10871,40962.69196126035
C-25085,15752.314909960041
C-18875,38742.70979708116
C-30658,191596.32201296533
C-49159,51169.10255906414
C-30612,-866.1389709241994
C-20638,-482.6980548493739
C-42246,13524.218121555
C-24381,-1120.445264105998
C-48996,52277.39724333215
C-16822,130006.75306270209
C-34881,77686.87050005421
C-9465,14153.647111628714
C-27607,11271.725337637676
C-28342,54068.86279899325
C-49082,27947.738532811665
C-20508,26682.57571692272
C-18024,166976.48281969072
C-6366,111526.54559510981
C-37311,7629.039676524058
C-15345,52840.92065707063
C-26306,34017.80985911505
C-5597,61780.57879517803
C-44609,645.1954776302446
C-49706,56499.88641176181
C-45156,6349.7966140061035
C-41522,46241.02248910381
C-39836,34633.93167599621
C-22916,25596.398212706867
C-30038,41231.74141174702
C-40372,18717.59391954544
C-12627,77162.8388132554
C-17313,32428.60223345148
C-37382,27061.38588697454
C-1339,36560.40471830094
C-13271,72767.52497372158
C-40538,85443.35577037618
C-35220,67167.13910526899
C-43686,-1551.5295645274455
C-192,61168.272572545015
C-12818,18085.60343719892
C-45205,52579.72554190488
C-7119,14107.071625467252
C-231,13039.199476658774
C-4578,78427.66892202603
C-33810,51608.77826500103
C-34686,49705.350940209275
C-14796,36574.513392793975
C-6032,27629.82947608945
C-48521,19001.3780450415
C-20155,7412.98271599842
C-33183,53927.56030029747
C-21120,60903.92464411913
C-18946,38317.050429959505
C-26257,26407.39204348418
C-15373,82210.35562478719
C-47420,89966.35276552895
C-44269,-5013.287071114944
C-20954,11090.417726570187
C-35151,69570.89212443537
C-44362,113280.06343788926
C-5186,43802.6638141961
C-8524,104479.36578464149
C-31471,85751.70830789383
C-46447,19726.257005557974
C-31885,115073.76116021733
C-32012,8046.4726146660905
C-20566,77948.04069742747
C-2866,69878.8112707999
C-31098,55511.2339453336
C-18638,49959.46379436285
C-33504,1701.3154369143303
C-34261,25552.109106814558
C-28562,126140.57157914965
C-25802,108236.58902403465
C-18543,2869.531904555748
C-9190,24732.334190677102
C-6975,38773.050644602015
C-4525,-6931.9560844968
C-8202,129703.27646778768
C-17884,14363.900357131497
C-11245,92557.67635380413
C-36274,38344.43753128451
C-16046,43314.48114646886
C-20706,88856.89904958528
C-42720,10145.210162033109
C-49694,58303.94783011974
C-42274,34248.5904569502
C-4679,64575.34135630907
C-2685,47127.07737869435
C-6075,143763.59092540358
C-36249,29898.674662272613
C-21360,18057.059072596356
C-7201,8565.171659484608
C-37945,66882.64691899289
C-11873,15034.053802955656
C-18214,46594.043841437866
C-9126,59720.89431268138
C-39294,22588.362901488916
C-43968,73898.54422127322
C-30647,39360.54507013636
C-40754,158497.71026250886
C-10100,47119.41731808818
C-48747,43187.30975100513
C-15454,30280.353809749366
C-22631,44356.18406541936
C-1641,81478.59452466446
C-1568,73735.24483208443
C-22433,12338.934659775376
C-1662,54445.237606476185
C-39656,42568.69386214471
C-37204,108118.19018402966
C-15617,45383.38072790405
C-24856,37774.02839611766
C-35738,-1754.5144355513257
C-1620,41769.825811793555
C-32791,33153.3892401904
C-38273,3163.8945549497003
C-45008,25781.362828875295
C-43112,106259.20486682712
C-34100,94402.2023205182
C-36943,59582.436889974444
C-46033,87890.72206100951
C-25330,27368.62223502819
C-20205,48888.224924401606
C-321,8020.96463340192
C-21310,33910.53885382788
C-8746,41266.18072482833
C-30668,47423.761899653524
C-4868,4404.672973623383
C-32426,72675.16532888851
C-22352,84549.02112395545
C-335,50922.32361941417
C-3079,2182.041554940559
C-4865,114538.18606685921
C-48396,24208.49833987289
C-29927,71863.70448828992
C-45515,17141.780380874774
C-28098,58626.97656958491
C-1212,981.8369549601557
C-16462,-6065.459111999327
C-39807,37142.47267594753
C-293,4955.182496503505
C-33495,38080.587637033095
C-31600,44777.11141352191
C-18197,93983.98015725607
C-5828,79147.64689667823
C-48356,38181.60095762735
C-22272,58318.18032098013
C-14743,22021.693214575032
C-2128,39466.68603082831
C-44523,132085.96283745018
C-36523,69974.33109826143
C-9586,61513.698906591555
C-5136,1142.5240912605805
C-6830,21744.351313242365
C-12713,53912.19222839824
C-45482,105946.7206472456
C-46048,13467.125272064615
C-45773,172701.82188911556
C-12973,30608.139183811043
C-3693,67327.67588101357
C-20620,66144.01566711464
C-19375,21811.403740999303
C-16596,21406.208709161987
C-11867,127002.34903271499
C-46864,64808.132268312576
C-28179,80521.78231994656
C-31877,28382.13640295227
C-24366,62876.9006275077
C-46534,43474.79664650046
C-2880,35170.146304049194
C-19958,640.6799275798039
C-19791,24151.81944843567
C-44929,134084.9219106497
C-45282,23545.500828640557
C-7350,13908.727351768975
C-46396,77538.49917079031
C-12456,80164.39762301579
C-9311,64717.85006716607
C-39689,26900.61507446262
C-10222,18778.955939545922
C-2783,13782.499104521645
C-33971,2016.642178803304
C-8720,-8526.859306242965
C-38029,118322.89372335986
C-74,110524.21952327302
C-43255,29231.383743236685
C-38272,42875.12018698304
C-39462,12180.575572765083
C-16673,62644.842306272505
C-27320,33194.8348822603
C-30291,131624.152584802
C-40017,70514.61526639451
C-33492,48650.98491156877
C-12243,80919.23224055927
C-33872,53778.82464507255
C-13988,27826.090204805216
C-21472,82377.69914558533
C-17769,66460.33074207236
C-10045,39840.7315068786
C-9603,21403.2444350018
C-31076,48324.4948354362
C-19713,20571.2270280383
C-36714,40062.6331125609
C-44826,113284.7444728124
C-32247,22943.6424207817
C-29361,5187.008376943064
C-585,21334.116683217777
C-40935,18201.010997846315
C-10851,43454.85716365024
C-10710,102384.1571540019
C-13375,16012.579337528161
C-16472,82226.35313536655
C-5500,149377.13530959468
C-1900,-369.29657125123776
C-22712,27082.878757942788
C-14778,19895.809368939103
C-48257,24411.51298203015
C-15447,181644.47195199982
C-17302,66741.76982591029
C-8406,29582.358011702832
C-20982,61515.57866721302
C-37045,13295.848762274967
C-44491,104721.8804212063
C-45662,50615.6908336341
C-32565,17708.59164867134
C-3261,39594.28562052861
C-27359,56367.634466534946
C-36833,68545.7505256815
C-23712,67243.37524875718
C-22131,29054.063683640175
C-18495,27141.532860792657
C-12647,52844.92704135728
C-23757,75607.59001301919
C-45802,18756.502766131714
C-23505,35310.36648889551
C-34605,47307.03795750936
C-7130,71975.25720463807
C-39405,37116.46658294057
C-23589,16955.67331325446
C-3925,37050.81658224917
C-35906,12897.35214575359
C-28987,17902.720942897453
C-4416,68662.79056983048
C-30536,5182.329348121173
C-18072,1535.4673019227048
C-19522,14611.148263928008
C-22802,10133.799259260828
C-42828,20138.12676493777
C-16996,23193.73898983734
C-9201,42703.89968890225
C-9752,11647.592712690974
C-4797,105339.425178062
C-10466,40584.27671118869
C-7065,46110.73042813208
C-13259,17438.407642392835
C-49123,26234.966956381373
C-16530,21031.21025563082
C-2039,134584.3313571523
C-46189,44179.73147280861
C-23370,154290.2483848728
C-44934,5757.6442072638165
C-43469,25334.56758354617
C-45999,26258.56449781024
C-25760,12443.392248329299
C-13918,32855.65283509837
C-6876,47817.84094494151
C-13146,106738.82484634932
C-30677,71783.26952850184
C-542,32161.22261489633
C-19135,104978.52070907335
C-30261,51044.57613694188
C-39745,47188.34442429869
C-17659,62258.74230730462
C-3616,42265.51636798258
C-1503,-1344.687262275227
C-39093,31495.516296914342
C-18661,-10779.302421687404
C-9446,49846.39566413761
C-18380,44058.819237971045
C-37452,44375.34942800078
C-41342,-8900.782865792295
C-22671,67838.91050329387
C-32850,72689.06371317702
C-45243,22391.508658389477
C-22034,84197.3958066149
C-8295,195209.609294363
C-41284,17313.258046213272
C-13889,9184.339101032136
C-40587,109080.0228622055
C-14680,87812.20455728669
C-14601,59654.04265596486
C-12160,-1796.32494774933
C-12993,-4653.238546441084
C-28088,14163.590154551312
C-31612,28916.420566086992
C-3126,35590.65337226786
C-15751,9511.132767517847
C-47508,30904.732572620527
C-24939,44698.275249121616
C-6882,16716.108658790054
C-21788,47881.537495696626
C-43964,80761.49283536273
C-30266,38892.45039602931
C-6394,79103.57438211914
C-43533,41062.77301171341
C-14791,4764.401980995317
C-11403,41095.59111325605
C-17464,93218.27366049518
C-4557,30677.399916876533
C-38303,79569.76324173604
C-49452,141601.29129367904
C-20364,25638.32330885315
C-15849,60405.68905326274
C-8725,20875.442444978537
C-34804,87828.71106869778
C-35979,1205.2220288610915
C-12499,85761.0782688024
C-43198,173600.40144806364
C-28225,42889.46311931704
C-29397,86000.56788956812
C-4895,37793.288811602295
C-2756,31763.542199439573
C-33111,55148.82936042797
C-22333,30738.280176479624
C-46087,10402.397468508425
C-47578,18441.12998920824
C-27114,22522.221561453443
C-34894,7835.0142670427595
C-46586,81185.22251848664
C-23494,121223.46735381518
C-1371,36992.63123833537
C-1777,19297.03656784042
C-14598,55384.65619152304
C-18344,113267.97068349348
C-10418,86473.41140673411
C-43572,72483.23268234133
C-13850,37816.60126012436
C-11983,-2079.5460600443475
C-39356,53734.13551811047
C-34201,7503.336248079257
C-9830,16979.3667871524
C-23286,102435.86886515349
C-48239,136480.9432271992
C-25950,52771.55830787647
C-11209,33981.55882477527
C-22152,-8245.2027100317
C-6568,98889.00149640124
C-43322,22198.219223277403
C-26001,83868.70857106874
C-16686,23516.583829452393
C-17438,19131.264038561552
C-38514,55053.69199940331
C-27084,464.06042715274816
C-12029,25241.01637218762
C-34453,60716.51001413022
C-790,68867.79944905489
C-540,25302.414615991787
C-25886,32169.38413899925
C-748,-47.19792840613809
C-49052,50747.04810060746
C-20748,68866.24158048515
C-22844,91546.88897447745
C-17684,21010.311580880756
C-32068,116104.43174511805
C-47144,35094.127933845666
C-5269,64178.5588258116
C-41929,5581.641274996407
C-20659,24780.251296843213
C-38934,52750.625010664444
C-4341,24935.108116997977
C-32764,70888.53207528904
C-13537,37222.68700672869
C-33858,70262.42736352349
C-26207,62703.07403623635
C-40431,38763.831555284545
C-1944,28811.779781594727
C-42119,32240.678734947218
C-48626,-623.2771244510877
C-43466,69469.4844118902
C-43375,55654.84558484211
C-37348,81182.24721312299
C-27985,24052.224606188
C-41158,81810.81950918355
C-39772,9852.647007744956
C-5730,167694.84967317135
C-22109,2981.1837517052045
C-16865,-12725.317996119644
C-30518,75908.37623444726
C-36477,55622.97154498329
C-2996,21447.2326285808
C-47730,30764.07016221375
C-3383,36184.730146740694
C-4499,133058.273418532
C-39170,6302.862133089882
C-32572,51824.123592570446
C-27029,53521.558297359785
C-23996,10805.142288694238
C-9186,24440.918714726657
C-31430,107894.19023780861
C-42911,71611.5538472763
C-6652,49145.8184169931
C-45068,12372.550075419771
C-6698,109552.89869447084
C-41781,33224.81652028529
C-17272,4703.8534143540455
C-20690,95214.9580692378
C-6718,77856.5719436611
C-9948,78804.3707161092
C-34767,31391.234711492572
C-7524,33088.689267058806
C-38371,20796.046706460354
C-49630,19760.119025644457
C-34721,70630.13975055286
C-16406,40167.16459216116
C-21203,109503.09544422971
C-9130,38382.26151619982
C-20795,37751.5543504422
C-26586,31805.736174546568
C-26043,116332.42879963435
C-32959,30344.591510538536
C-46553,75810.14441167419
C-16456,15433.5103865044
C-422,29810.53765821173
C-33286,1985.4705264187141
C-34153,150199.84496063367
C-43953,120837.63239494794
C-25147,22548.855827364838
C-42535,105845.27339977896
C-39156,743.9402464044324
C-43046,24057.707854941713
C-42036,63766.140548401134
C-41166,63327.40087663789
C-14368,47875.68353843357
C-17694,11938.414470353164
C-8236,58829.29078041047
C-10111,28552.422625591877
C-47293,60049.15044742269
C-37770,30840.046286686622
C-25680,38652.907737929854
C-18853,19388.536767641854
C-38507,-9487.615683529839
C-10375,57734.86299135278
C-31550,70940.3168735562
C-6402,96373.51752599223
C-1205,34883.89433190083
C-48238,79761.80744139514
C-47533,28412.1596694165
C-5628,18337.967624584016
C-49950,28496.214787569388
C-21892,90377.78670145434
C-31802,3157.464360903563
C-9981,64289.470870720885
C-38162,9859.80812024446
C-113,6904.8794050638535
C-32238,19269.529922004484
C-29780,29347.689829221672
C-3903,30746.59450784584
C-24544,39769.98666000065
C-14722,60974.113424318486
C-45180,45648.257571983864
C-28411,10842.54209100618
C-28765,25274.511157662928
C-35765,51705.38844283841
C-19338,-210.7235572028585
C-21186,71933.86084296815
C-8559,59809.37817285662
C-19926,65654.19856751997
C-21566,63139.387921603426
C-42362,-572.117497662417
C-46746,33673.42554202172
C-21480,116706.56436275807
C-17207,124783.59688342745
C-3752,-1839.4725838738814
C-26750,50022.29156517706
C-42333,-596.3229911135277
C-7896,-10140.46989638717
C-10811,37616.79358520487
C-20053,16277.728580166702
C-16910,175657.51665892787
C-23003,18186.49335433823
C-18549,9810.830391487034
C-23408,76823.94325395212
C-3759,36940.34022287803
C-27064,43530.53742170221
C-28446,89970.50151861974
C-29377,8573.505208591581
C-852,31043.489269603262
C-5004,13836.429145614813
C-34845,18624.775205217455
C-44670,56179.020449266456
C-44781,54696.11783394308
C-19127,52282.528237296756
C-16352,39625.179186228605
C-12578,24523.116924250873
C-25964,49522.052184446584
C-44637,60702.38872090873
C-18099,31811.403876372155
C-48855,114045.24461745708
C-29167,81339.89865384511
C-37656,19088.13179220868
C-26061,35847.63655562051
C-48752,169278.07042100013
C-12380,18451.810322964273
C-29922,63822.546003722084
C-10156,12809.758695853336
C-7535,68803.55166675887
C-37505,12521.945570488591
C-34293,9422.044823999822
C-6411,64647.49127555857
C-38278,12883.335218358785
C-25653,30138.522451728135
C-41325,105051.84322033207
C-8162,-16457.723216705213
C-4249,-6631.057889323405
C-20143,99605.56716061922
C-49575,15547.914849814428
C-7314,8821.374695343693
C-47737,3123.952104005446
C-20238,1426.8985854937637
C-4620,30176.998972521804
C-6665,20989.361261454498
C-14913,41201.86180680489
C-47135,47222.29328680718
C-6317,41594.37070669009
C-29229,85751.82057631745
C-42867,48140.2934276953
C-13823,43413.66492060426
C-45534,45939.31023851374
C-2924,-12666.032752801402
C-36625,32391.872825391016
C-4540,97740.81910717124
C-11881,107688.83403053584
C-49983,103227.76192216965
C-40799,103007.5562790959
C-5975,48209.671390540156
C-39813,33551.94641708701
C-95,12794.960951818182
C-42381,77683.87960219025
C-9708,117829.01571637423
C-11580,16115.00871558526
C-1967,8871.834572258726
C-573,44888.342018075855
C-13590,36860.09204521049
C-28048,20909.279954427686
C-18028,25359.865751097175
C-15822,9735.048960362372
C-46175,58.887611843965715
C-21268,44528.428624781445
C-49104,93505.99922748518
C-22816,68822.12171699163
C-7465,42273.53402855883
C-19027,27289.417380848732
C-49415,24628.49194433203
C-48866,4747.897173998834
C-4563,-788.2572807602919
C-7189,43200.44942189558
C-26692,36428.09387548934
C-923,26997.554666017582
C-28734,-1314.94333422435
C-47976,23000.710993675886
C-43479,32764.47198578363
C-24745,73949.17632336193
C-6023,53870.67667367261
C-37362,52649.39495189184
C-8719,41222.65701649264
C-1463,57721.2961686761
C-43229,32662.218816538014
C-10369,27296.21298687459
C-28618,11786.361054591267
C-47986,53635.39649195077
C-29386,27794.247242989524
C-20589,5248.069830610424
C-9430,11655.696831627087
C-10171,44428.4824994752
C-15623,64964.25481184093
C-27510,145841.99824307679
C-26369,115296.75155964404
C-37334,5252.259988052145
C-39521,28982.621711759683
C-2107,41762.286621914864
C-41468,5298.011208471988
C-5666,46752.02626149717
C-10202,93902.1742470485
C-31626,81553.41394213239
C-23502,8915.840776525067
C-46776,43839.10391196317
C-5024,133753.4247317275
C-17261,53225.45076777553
C-21079,41295.60994743216
C-46733,23575.56690768103
C-41975,16165.439074975577
C-23547,44864.32827739924
C-35900,14043.447342530177
C-39742,4929.076812990526
C-28685,47476.91517176492
C-16077,26444.877544269504
C-42722,-7452.709426187066
C-12388,-8722.624739407242
C-44073,108822.58753150138
C-26532,38393.96205227578
C-42159,10553.06314403232
C-33610,25041.95668021612
C-43475,115799.30931607379
C-28365,37194.14193919147
C-27699,-5486.432357920377
C-115,3300.4444298197122
C-7918,29326.267565442016
C-29741,21657.708722664014
C-7043,85029.37219048671
C-19578,39916.75860560454
C-29755,-2541.8738522629355
C-21912,22381.03237254126
C-18789,62527.004420369354
C-47738,80677.12868411822
C-18297,38677.59411001822
C-807,16452.719589594657
C-34244,87617.49821716614
C-15376,68761.07987545652
C-35608,132.88698400458088
C-3882,58835.736132530474
C-21475,116836.71131549736
C-15501,3375.214996616487
C-2942,26593.931190614974
C-24533,59828.747452889795
C-11978,75279.65822831167
C-1288,-4243.925303327065
C-27196,23607.205775680886
C-12399,17283.47986232623
C-9525,114317.97532376755
C-46079,34560.23384573459
C-17913,33366.18116095498
C-16140,16991.652989009905
C-29040,10503.952201698703
C-12997,54261.047682563345
C-3271,89260.41374499738
C-28079,36035.52394236735
C-44808,97691.59880074137
C-44623,38882.63449364976
C-27188,30291.861385330798
C-25426,46042.313732461844
C-34667,3436.671419029095
C-2041,38366.50733244645
C-13275,35037.79597286154
C-25203,27182.046785528397
C-16308,30281.211506240204
C-34674,31629.40842955708
C-46440,79287.96385959914
C-22296,26156.264754769345
C-42786,60785.54425445697
C-7659,44259.92119490484
C-16151,44826.590301084754
C-10039,62656.618822423
C-2582,41471.818359208555
C-39877,16536.335495987703
C-9046,10802.366732857758
C-23933,81276.08678646215
C-13689,97886.75407159099
C-26847,39758.42055286161
C-1899,2742.376303507459
C-38135,18836.40141577994
C-48293,76514.22613882151
C-42330,8683.906090880111
C-29106,57777.335549052805
C-21664,66546.41964320553
C-12616,61913.41791957346
C-4275,34109.44044884588
C-25359,1856.858024531146
C-28648,18566.360508036058
C-22227,54467.648440012534
C-27006,10334.113592357491
C-29568,5471.7246257312145
C-24379,97625.7260300791
C-19938,179403.52474041155
C-26608,60117.23589234342
C-48190,13951.489831754661
C-1533,20722.498787123826
C-8519,87775.80670296776
C-29128,54595.782527684525
C-5260,8974.759635857765
C-5194,79225.09141493484
C-2742,61038.12521725088
C-31389,42028.47872139208
C-6690,85614.57507752973
C-33992,45359.97114096697
C-11096,15301.757674632529
C-13429,14972.07455432399
C-24475,16826.7803804169
C-17009,112536.43214016041
C-37174,40014.09618080522
C-7529,50287.146134407354
C-48873,49435.91202946604
C-28417,358.4929004489968
C-22124,13616.270077852874
C-5372,25808.72635899254
C-20616,31932.12066137814
C-6760,16280.381883629889
C-34829,20587.148491561617
C-9998,43966.638626887754
C-33290,7153.7570476784895
C-6990,33919.62941931348
C-43212,94906.8555801088
C-2205,46274.9024008914
C-46964,124573.58237694205
C-26658,6900.720921575499
C-26256,5430.266417026753
C-12483,118225.06226928924
C-28528,19161.948115606796
C-14975,78098.76976525775
C-24852,74692.91037610688
C-41305,-1285.9007599364268
C-14017,108709.80433754466
C-36662,-2042.3884687335667
C-35188,-11942.677250340283
C-30735,422.3769051545678
C-16274,47320.74926402561
C-45736,38364.47028834632
C-3557,71474.97605641458
C-31049,61058.66931537784
C-48292,38606.42280075289
C-25631,80335.91012977797
C-43072,29102.855375593197
C-5685,49456.82056192204
C-3504,44084.98706971509
C-2929,93617.04751418837
C-12119,18062.753583718222
C-4764,74041.48651373989
C-42510,60550.70332218545
C-25615,60527.3479175437
C-15496,49048.02180293889
C-31195,310.72347682761756
C-27501,6502.336489519046
C-34324,70730.39213556623
C-19138,10205.14520670176
C-44493,46426.29333710567
C-31379,70208.96199789409
C-1367,104588.69577712669
C-12290,47232.296321500304
C-25843,-905.0065043808281
C-10542,75351.75914251393
C-28738,25427.975168529803
C-24679,64746.69736795789
C-9744,-5552.944429099138
C-42248,53616.51942343601
C-40121,28129.194784289233
C-32178,21776.312389316372
C-43054,156274.0753468282
C-39444,63470.99512686581
C-20718,56950.18034272158
C-18515,38908.50786992964
C-31791,104447.05550510675
C-19582,36970.60002631141
C-32807,49909.23005910805
C-17035,56115.391680740526
C-29766,-4959.501678450491
C-4511,40669.001392215956
C-10863,34076.66033758792
C-47300,59585.403105718506
C-21643,53953.170928049076
C-36413,19040.312727933073
C-36380,174664.3233871158
C-4239,23671.850453651907
C-19373,56823.02014255601
C-4497,39017.00814524167
C-23034,10762.307909129144
C-29364,23288.89493111293
C-11101,34280.26182788201
C-24380,-644.7163511026447
C-44594,44654.112516834895
C-12183,-6900.337761052477
C-39535,45177.241050988174
C-44300,57586.53918833957
C-45688,2925.699611176504
C-7034,58027.585818785934
C-35836,-9706.994438514259
C-20629,15154.112491143307
C-14853,82386.65672300606
C-39038,83077.24696480294
C-49802,104364.70004648156
C-47295,22419.57691313384
C-31417,34133.41217528266
C-5348,27185.96297566646
C-40328,62515.111001707744
C-45788,32309.562837071797
C-11564,29275.94731889352
C-24823,52342.37840753737
C-41030,49374.35291261707
C-30112,30292.282216050313
C-45587,145995.78272483428
C-16150,94363.34840234467
C-8157,22359.041552600014
C-49622,32706.508137576642
C-34404,47607.28520715558
C-18816,153293.56239577004
C-18199,102098.58762385396
C-17532,29478.61574500868
C-38491,91259.12402728603
C-34018,78235.92730775982
C-44589,62998.707595611355
C-49221,27771.317532670342
C-42142,122496.71019539297
C-26029,144754.39615824065
C-15102,31892.39275108707
C-992,66369.80433536661
C-20071,62281.96826842347
C-34713,69179.2059067564
C-5543,91825.14599275556
C-21842,210913.93622711382
C-11953,39677.94329887998
C-3219,32412.23476893808
C-34469,11081.290772596221
C-6781,35028.520037575894
C-43864,20373.579405683682
C-25080,45713.88270928749
C-40724,16141.37119549069
C-17439,150631.30374109617
C-40595,31598.38333960655
C-4528,30944.889975831127
C-48088,17236.130042994555
C-34537,42496.00124969399
C-45337,94287.66032525004
C-18178,59466.73078430277
C-6289,90753.14652188946
C-6966,79450.64206651831
C-24743,33183.176562302266
C-44366,59090.77270456575
C-30993,-2462.5875594414465
C-35760,139664.70084069818
C-30486,87110.36355759042
C-7367,138581.53093736994
C-10664,-4100.201181919358
C-29761,135519.051181603
C-10447,24694.774006982632
C-47614,20238.20212398343
C-1607,95916.38824399226
C-17011,38083.934413797666
C-8053,22641.74955782562
C-21495,107382.17597816899
C-29717,21148.820093222734
C-47024,88493.04556426618
C-28272,60551.35264071467
C-3317,37882.25476515153
C-19325,59685.652147253386
C-33831,140468.32944463112
C-45739,19601.698397335596
C-738,-2564.1286534402316
C-27263,6541.187711064427
C-36712,27020.498725725534
C-22149,70604.73348827343
C-27115,25088.735498078182
C-18402,31877.883503310535
C-37173,96237.17042189697
C-41201,106449.61529953706
C-22938,1835.495647768963
C-13997,37790.46645928988
C-6190,77117.36047875002
C-44119,84228.80906400079
C-24866,22386.831740958507
C-28961,67730.81406320847
C-8699,27017.128966959877
C-21687,114561.47948902255
C-34572,69756.87199178903
C-44699,31526.6009605922
C-7728,65955.47979030992
C-24471,35394.26755218688
C-26531,119560.90451595167
C-16831,90924.80648576934
C-34800,43120.44173707191
C-14808,68245.7547087601
C-48668,38337.79279540376
C-39526,14721.73269715743
C-49282,94850.66487160156
C-13441,19452.989531497908
C-35465,76651.31365827445
C-12208,32254.48122005596
C-31312,68377.34106189759
C-49755,19237.3015490513
C-26656,36740.12977589448
C-35129,113231.67888849028
C-34935,67791.98534837236
C-39953,12638.960657388838
C-34856,44199.39729322193
C-6835,50132.64637886562
C-9714,9070.227667711733
C-43457,39623.77727229868
C-9172,52503.353419413266
C-47240,25973.12991065226
C-11908,20985.469244579897
C-23674,41073.833765722055
C-29317,134437.49135956663
C-8388,14507.399477323153
C-16409,21774.75901082552
C-49384,120263.81799355774
C-977,14826.525999479141
C-31114,85698.14057273019
C-42308,28238.164738337277
C-4335,58324.452840452184
C-1781,53220.89354124754
C-4943,14964.380269585905
C-26368,34560.54772976784
C-29764,-3465.8050513368435
C-6433,69597.52072940259
C-19446,32156.129457743402
C-45021,46577.940571485145
C-49753,56476.70344780767
C-47985,20835.67250177774
C-39039,63488.267029432274
C-43000,79128.96301257893
C-17819,59295.24477383937
C-22359,26631.78825801808
C-24620,20500.094575042862
C-36443,8597.687727531098
C-45103,63352.8174683511
C-21271,40585.668731954705
C-31884,59017.39214016075
C-12472,39695.31030332661
C-18863,16115.627173092726
C-20914,117414.07791421024
C-167,84273.71706107214
C-33048,5074.9900022413785
C-7860,151915.3742425291
C-17553,65350.59725045118
C-14670,4873.664030891923
C-17414,90107.27404442741
C-49806,55951.36462968562
C-10915,-3672.242883802508
C-49232,41908.75395143447
C-41128,80414.25005194674
C-28013,67112.55782363616
C-31967,52331.050928257464
C-46604,19275.857150686392
C-27809,71626.02098354387
C-33663,91564.78356534897
C-12894,53236.97199458333
C-1923,114287.31878459951
C-30898,98499.67211445987
C-49580,5511.295697696383
C-6982,38601.63216188659
C-45659,175267.43126239997
C-15523,67838.75161277154
C-39188,21387.335287187074
C-21396,55631.37974885789
C-13208,20674.513950893645
C-45097,69838.30041739799
C-29843,19327.438495878552
C-32989,27133.52421974791
C-10442,11232.121190158796
C-32123,37221.30903873083
C-10594,2576.08999659487
C-35192,143887.68593877315
C-25391,34387.33549603575
C-44990,84827.92412918864
C-46996,52022.73263666163
C-34622,48184.33166366758
C-29751,18951.316372533238
C-13412,105653.84648546309
C-21183,73913.71188653537
C-39735,38802.779037182016
C-48876,48320.29600512454
C-25622,116637.98922759498
C-31678,39583.013572762895
C-36629,38287.15503924406
C-43014,42143.309005460476
C-3933,16521.688134594144
C-49335,64279.49238917515
C-13338,49489.4604161872
C-6826,66040.09682255168
C-19063,69264.23378624649
C-44125,35768.711987236646
C-5986,33582.48615138596
C-45713,19535.514805093997
C-14078,46141.714310613395
C-16455,24065.756099921473
C-22714,67742.23805223047
C-17799,138573.73181784037
C-34006,16374.634048203443
C-35870,-656.8519947799577
C-25153,98710.33554534923
C-23770,44377.96444008713
C-32136,36074.1585569198
C-23584,77059.13103158964
C-25232,169293.6671137152
C-30110,36964.20555260561
C-23461,12323.987768852727
C-15386,44431.07097580205
C-28768,84581.57075073398
C-26184,29146.07141616557
C-5767,31663.391205270564
C-8834,24340.70634669874
C-47266,16089.059775690665
C-48087,37811.169909091186
C-46675,11806.43963048132
C-49902,60232.74624517531
C-36238,1284.5113453558588
C-31594,29503.655239345997
C-24026,31082.612305174436
C-46421,33454.02222422352
C-39698,38202.125557420084
C-47657,18007.931432884485
C-16314,24086.00511919977
C-16620,79198.0508704756
C-16293,58957.627216000066
C-7735,71406.44419137617
C-25976,77229.0099543881
C-1337,100430.78977564632
C-9230,6572.963120963781
C-44995,16774.41314721985
C-39031,85889.64698227332
C-35595,33596.42610870204
C-10688,33212.10367306788
C-36996,2230.3505091073603
C-14971,120636.0946356653
C-29715,41767.60461153163
C-8850,65760.69979654616
C-19779,124354.7776527453
C-11558,63698.6664809445
C-47078,14334.763648488697
C-39302,26108.102891214086
C-27210,144385.5441570616
C-9372,23932.892040273815
C-22863,52790.73213959653
C-28936,79537.93085308584
C-2194,46153.62981342278
C-35356,78877.52141683685
C-11663,3784.7484101979353
C-6736,35146.70929674622
C-19512,55376.94489993117
C-4771,118936.41909172048
C-17300,53017.71541413448
C-20472,46177.157101359386
C-38095,91454.50410109063
C-37410,94975.22679767574
C-2918,26296.96062016413
C-35455,23947.5300745572
C-45519,18063.772913000328
C-35251,21134.31130396757
C-27554,20008.562055085687
C-40165,41267.39845176363
C-49788,82242.3325506633
C-38530,54620.74630497655
C-46583,25161.087591518026
C-9542,20479.079972345942
C-23446,-10684.367367321094
C-11453,31899.790231258892
C-49633,55286.852973103836
C-45035,132670.06665095707
C-12482,48777.168696018074
C-38841,85717.5794763164
C-2399,94739.97187700817
C-27026,43600.82200939909
C-21880,29059.643753568336
C-10183,28493.342526188208
C-2566,2991.8512888141704
C-39029,30102.734520992017
C-45947,114356.35554479413
C-43243,32228.431137571057
C-47002,1811.2162039730974
C-5642,90065.25142310731
C-41582,39463.821724099675
C-23292,96084.67230959673
C-26817,77171.22257840147
C-12651,49493.4438779913
C-37379,12883.109773823737
C-20216,15386.475678366816
C-45122,87484.50404813801
C-45436,-9359.290020528773
C-28331,20527.114858900786
C-13262,-5215.004910525087
C-35449,86157.29046786425
C-5686,-5854.9004039268475
C-40025,40017.042273146144
C-12904,25485.64871974429
C-42641,21852.093607112958
C-9666,83057.22747989115
C-20854,94185.25255906294
C-282,106492.84813602809
C-21659,32642.253802583302
C-46662,18563.157063690378
C-49805,-7344.86970033469
C-16915,11194.094889831933
C-47172,17968.100915427563
C-34929,78434.40314646816
C-15499,57939.883388767186
C-199,18551.457302520543
C-8626,36779.88846979421
C-43313,-3989.3342834191862
C-12368,11371.51351431937
C-16542,36950.51513935455
C-34075,17865.550173723062
C-22150,37146.37120011993
C-22023,23035.17092520877
C-49377,12794.764490041242
C-24233,56712.80962353898
C-22766,18172.974689908784
C-28128,53696.11702475095
C-41659,35164.127089786234
C-37490,26896.715568768996
C-4011,18628.78501939469
C-23598,77460.65094142672
C-45547,68144.90221647365
C-10483,93995.0966151496
C-38431,87079.85883343473
C-6636,41756.331274911834
C-15815,38508.48519902026
C-4457,22628.938599526122
C-41420,57884.88747106192
C-32670,31664.61625481322
C-35594,1854.9770033066889
C-6269,-3845.376628547914
C-24151,33689.04427048045
C-8841,75939.26732293374
C-44270,18364.696443346988
C-11773,102209.9091207475
C-24154,100955.26564791662
C-6960,50647.19823318113
C-8914,51671.6973106091
C-9965,59454.32559619173
C-12355,67094.75645700941
C-15440,117381.0981838118
C-10047,4674.101184576801
C-39088,23118.67009494436
C-5392,27781.089486271012
C-26925,42330.69816014935
C-44343,16354.553820827117
C-36956,121166.80817196272
C-26072,10355.806769498238
C-32337,78288.99735246049
C-1177,113333.19340950239
C-10890,-3722.99110614635
C-13122,46879.5483359947
C-24220,118546.5324651474
C-36183,23731.796506319057
C-38107,5708.201104216081
C-910,37111.61358593304
C-23419,59485.45542916476
C-2576,37955.851648884156
C-25201,40397.346250812334
C-24361,25065.620688519575
C-48594,40935.74283948458
C-9547,125387.67938205706
C-9370,19121.033000167943
C-28208,103035.942052548
C-9136,67151.0886693655
C-47977,110971.39376720812
C-29645,22417.03396667775
C-20549,25376.842663909425
C-42626,38043.60484371334
C-19562,4942.2247493376635
C-5528,28687.997117562387
C-39519,101108.79532513395
C-24056,62013.05581424468
C-28953,88821.08313428856
C-42300,68530.58395711669
C-14890,30914.54084768286
C-42876,83374.88415550938
C-21563,55552.63680087638
C-36869,90502.37224630619
C-8381,-6180.050744449938
C-16537,70592.85735849009
C-21968,-2521.2974733988813
C-44572,93707.66138011421
C-13320,63028.206747450015
C-38137,18092.382191611574
C-7632,25656.66578693234
C-17538,75521.19105416712
C-45563,156822.03296822612
C-32434,16670.574261366102
C-3931,65651.62534612571
C-26209,39336.52378995482
C-27987,5575.580423718406
C-28364,56738.266214047886
C-1241,154936.43805237778
C-14523,4711.964459774783
C-32580,-6104.7376896417845
C-18205,11755.980726437105
C-27815,-11158.675255659029
C-2645,19952.25707722246
C-20940,-1517.987365261608
C-35560,26770.527034555787
C-18342,33839.71047173556
C-49664,28245.17358644998
C-26634,118207.47386347785
C-8472,74148.66613673874
C-1196,38043.53705015536
C-9938,85671.70711477107
C-8441,49484.97464516182
C-31990,28443.733235695207
C-16384,27427.4637368742
C-6709,175615.42249386004
C-8917,28387.68156979872
C-40706,41236.28771539462
C-29640,10199.288697475698
C-34137,1907.9513579449995
C-34835,39166.51447636279
C-44585,64752.37453939918
C-49829,16795.074649477618
C-41979,39873.05371951384
C-42642,55273.0591489731
C-40467,73256.07153342923
C-196,72247.73603957394
C-13384,108133.49194629828
C-1230,17061.467453051213
C-1942,83776.52757128254
C-40218,-2174.3832766455816
C-15931,18640.175196456894
C-48869,4395.07041992023
C-16563,8617.33868687474
C-35001,20147.970164341707
C-1266,8821.209644469978
C-11764,15149.188736013813
C-21046,14514.742975900765
C-49428,56703.30884096939
C-32506,343.24613223742926
C-32627,134327.20769142377
C-20464,6534.343275565618
C-3896,14055.331933130627
C-35232,30720.004279725104
C-29882,118275.79638899451
C-47767,91691.20957141565
C-45889,50117.403137326146
C-47579,25809.389993724602
C-15274,78489.78169994096
C-19403,30525.88992670904
C-16709,60576.07861437334
C-11788,12278.023668036665
C-4549,42556.597283231444
C-9414,17638.878956604403
C-42672,75960.88912130032
C-41318,43059.15416218312
C-44512,74776.37789826059
C-35258,2222.456282182691
C-19481,8673.239908510717
C-40331,113264.06034405195
C-28174,25740.865533359327
C-16160,30533.44945818138
C-8540,-8920.514767923865
C-8854,32797.94988297157
C-43776,73055.56693025719
C-31956,93629.02590044969
C-43762,68434.29558788482
C-47001,59650.23893212603
C-31584,131270.34672984295
C-30121,39795.00984186115
C-29000,1283.455877117929
C-2530,116962.53170764675
C-20183,9034.869334005649
C-31586,77962.38454513474
C-23710,18152.419734656956
C-49190,12986.770086356431
C-22782,52071.93496322188
C-8212,105475.123912243
C-34495,7379.096942870921
C-34539,42078.40450654442
C-16469,107028.18322972668
C-37409,6989.0494800396045
C-27228,8048.891238124845
C-21645,25875.9670859656
C-40660,59279.23419902104
C-21508,82801.16399003107
C-37309,70304.29061408323
C-1133,17985.071152494034
C-40831,6733.35612188957
C-47899,42427.01226342404
C-8982,73498.82492049912
C-6475,35264.072562236324
C-11001,87504.79629535633
C-41434,32330.713668406825
C-41856,10041.130815763281
C-32581,40354.77762868565
C-27355,92906.27561577977
C-46634,25440.219585675666
C-35342,38161.70722155557
C-29069,84558.90247677246
C-33756,61506.48475267833
C-13753,35386.782419212235
C-47893,42111.143142792134
C-43682,48744.537698099164
C-30837,30928.50286973966
C-11949,70004.81435839321
C-6007,31776.360971141807
C-30806,13587.306946431418
C-14059,187054.25916504848
C-19474,37484.301458757465
C-16075,19659.17142765742
C-30840,65964.15210558963
C-14874,15531.991801661465
C-7592,60348.70815914198
C-46466,89769.43542628076
C-26128,33741.25759553301
C-26587,-1552.5132002653409
C-21840,108975.2370284122
C-45477,-2781.053935674383
C-41336,49402.33337805981
C-37485,84015.0570493143
C-31604,176565.64293239434
C-24142,26892.196771171028
C-4371,52276.23876917758
C-22008,100836.82316492307
C-4361,73510.28005848997
C-49499,43156.11057437888
C-18422,31070.868163265568
C-27658,98682.95348279813
C-10513,32711.087405782582
C-2863,81785.84692426206
C-30695,722.2344280722828
C-9174,8382.613985814343
C-3305,77871.6388268188
C-17560,9777.862655418809
C-37703,49227.028954280235
C-7915,49292.82888511152
C-2523,19357.769496702593
C-36478,40271.22910942943
C-34621,16946.903806319402
C-3839,9889.112556644068
C-6405,11290.737571972917
C-9360,-6439.347304190058
C-47294,90612.56506742808
C-21378,23589.756894513663
C-3873,34788.21456422803
C-32731,28790.387879569058
C-44537,22301.822349321166
C-18615,85342.0983080916
C-35065,108742.48580281611
C-47235,28508.040997591615
C-41643,76365.50100299358
C-28561,27498.28500080893
C-11165,19211.844018067706
C-43589,20839.16235264599
C-19653,48842.58889391148
C-37332,48618.30923055046
C-16413,19605.862127691034
C-6412,90603.44764734883
C-24719,168478.8372889222
C-9128,74628.58244445486
C-42516,48129.37442273078
C-38604,119435.15409131638
C-42588,99817.86866506338
C-24543,73449.69900145882
C-8705,57625.805279187174
C-19668,28268.39164826777
C-10261,123.83622392345569
C-33486,62515.30938913008
C-4034,76464.00491570849
C-35072,64894.4280968494
C-47014,71381.22464521229
C-31220,66137.84554742294
C-18117,30568.807142676
C-33659,17481.41560648637
C-5238,32887.944115402286
C-48502,34340.40492554143
C-1829,40502.90092702219
C-37256,90168.1237199324
C-1987,43545.853934004845
C-14567,14618.694156563375
C-25021,32979.10075924841
C-6631,56431.324603175664
C-10128,20425.88224552342
C-8764,48984.98886298563
C-37291,37591.83213255335
C-1676,26918.46330231576
C-10139,120910.76023955659
C-11688,933.3786038432736
C-43637,175126.12455712422
C-28110,93684.74319389439
C-29671,95746.86571824242
C-9246,32007.195883079963
C-10116,71497.70191786501
C-24598,26872.06699788762
C-734,52036.73907044276
C-38708,36315.508337772626
C-11892,21892.536146908176
C-13191,38451.376308521154
C-36980,13350.174319145292
C-14840,63218.0341382784
C-15421,49574.106685807354
C-38635,53505.56814969552
C-27899,20973.71663697782
C-22381,3064.9537936823326
C-5037,37375.462534283295
C-31732,68650.92429726172
C-4126,59688.453130418464
C-26111,48576.48152160453
C-31985,32019.56319198
C-22199,25352.431627218353
C-8516,95190.38015265923
C-23685,11821.93892171057
C-37529,42968.06055618987
C-49576,23679.258028565797
C-42158,29004.481335644843
C-45322,1182.1531668318348
C-28509,73849.57142607943
C-20999,12066.84271304404
C-23490,82047.80902074324
C-9305,38140.31212887819
C-30050,25777.60695232461
C-40247,46611.350874608775
C-40069,62163.93822325919
C-815,13153.508536261143
C-16291,94852.19831191502
C-3859,36024.2538314473
C-13526,28058.40455032999
C-11318,44547.07174615297
C-44528,36920.14391895507
C-49592,4383.988605631246
C-44452,72637.61300921821
C-15818,21645.21533291035
C-19715,53500.1023172862
C-40850,55021.43250933988
C-32164,31784.231629707654
C-42920,34130.40947719745
C-46588,37013.69072588964
C-19830,40028.07512167621
C-17379,37003.53406514275
C-22445,20487.874039786366
C-19395,49785.7394206411
C-15162,24015.609048415798
C-12837,35872.42111978351
C-15278,23531.59218489173
C-39392,69464.93561355687
C-38084,8556.205706336645
C-48822,27293.343676048913
C-3907,49544.862421375605
C-19754,27524.62641077612
C-16966,19850.35472181872
C-2541,34854.33579941125
C-44488,15621.230064170999
C-28181,8111.294441551247
C-1104,86759.04434540877
C-34638,29920.38859074639
C-11022,22156.220934338806
C-3322,37233.17535633582
C-7586,40044.4587072411
C-48030,5192.310000923317
C-48760,94925.32694910825
C-8970,37817.33065046849
C-27914,81962.82968078247
C-14175,95380.70995612373
C-38249,122959.2869513266
C-47827,58043.24360237907
C-30725,43908.483959958576
C-16105,76658.35555630272
C-42505,117507.25962203892
C-44828,67799.90840334585
C-5055,23199.900897610918
C-48732,41711.87107612261
C-14923,189681.10389369854
C-21894,8652.361832359442
C-26007,38813.918809865216
C-42127,176607.17036827793
C-49437,40982.38790102678
C-19102,45814.9382648983
C-36890,28705.389525933424
C-2917,21436.811488319145
C-1305,53142.93272096013
C-39443,5624.156374397717
C-36001,24519.88225062081
C-36785,69938.74784813325
C-6517,-2521.880997826709
C-28992,11678.233986753155
C-25321,3784.914566284133
C-9726,19877.308834217223
C-17820,7538.815382163804
C-11330,3067.049049538633
C-37213,69164.15164803446
C-39344,105203.14873879155
C-17654,5051.440631721343
C-40097,86366.51446002323
C-33896,12162.73534380363
C-14379,59016.255978588284
C-16733,93547.88584314345
C-42511,34119.44068337036
C-38261,67958.67067893755
C-23607,56401.11157011838
C-25786,13441.464621714884
C-23115,10805.004734484064
C-17722,38867.671199249264
C-26172,1258.572413740214
C-21507,11044.841762428696
C-39540,15979.881796161044
C-28827,9555.770013146117
C-17537,89253.24100939088
C-7254,23520.67639739093
C-13566,65451.49622623605
C-29469,34448.48636164217
C-24011,38206.04383218682
C-38962,20650.21359721724
C-32179,110512.83305939316
C-38954,48621.91132084065
C-26740,6000.545447553071
C-39525,5266.931738784871
C-11717,21349.390039217626
C-43816,47078.745098337
C-13740,46728.08275196057
C-11536,160635.565166961
C-33102,26058.431193624565
C-13871,46620.29232462781
C-32647,6780.913555040912
C-49814,25901.684431987487
C-32571,72815.30601889608
C-26707,47075.69850582847
C-46085,24285.83134027476
C-44161,29783.19846049264
C-47967,33376.984762160675
C-35204,56577.65916510452
C-28320,12488.626554946248
C-9426,88109.78180490149
C-40453,44878.628431026635
C-17793,74387.41814489322
C-39435,42851.67182320921
C-29961,47463.33197879709
C-28162,152674.35742879994
C-14983,80035.01063210568
C-39955,90729.06189269773
C-7442,16346.580525918878
C-38562,33667.51440720734
C-47613,124863.09499984366
C-6054,80947.69313025495
C-36937,65486.45935844024
C-2887,54923.99411825537
C-22608,44690.80119658681
C-41423,3943.3688495991955
C-8735,19587.443687701838
C-15852,61759.95973052318
C-44361,29639.738709805293
C-38515,65657.51446241737
C-22746,6947.556880890101
C-47758,58654.191052207556
C-1157,72277.77931035527
C-41782,104963.15637914746
C-15422,39217.556073460764
C-36870,52072.594468678595
C-28634,36016.71526813843
C-15349,65561.7415319214
C-17266,26628.77683729662
C-37212,14600.276696440633
C-22136,33170.568049797206
C-2484,16843.977231540423
C-1190,108117.19298518714
C-25992,-2638.389184806103
C-26515,87241.99407599124
C-21215,63747.99347523546
C-11088,1558.2957264605866
C-21667,92518.87020875682
C-34594,73402.21484351928
C-26137,77987.03842876207
C-18058,40069.69236876119
C-1928,47379.88655911562
C-42885,80445.08474712967
C-41283,-3370.040859703615
C-26351,81110.3178933376
C-36553,92971.42921153744
C-34996,68033.14283626707
C-48531,35583.797281488994
C-16624,14659.186810261177
C-2141,25161.37225053088
C-9403,54197.055909924966
C-24895,31433.02930522491
C-1406,24006.294675073557
C-22343,39766.83958375596
C-11283,32321.03808806128
C-7105,125417.18997698116
C-5343,21256.597119045913
C-11877,39470.5906172293
C-25320,-18571.470879075074
C-27584,27729.409408694246
C-9513,17910.26198013877
C-1173,-4648.146972970615
C-16388,29222.59333005579
C-10764,42750.41217286108
C-27942,86009.98749848954
C-8004,-4835.115504138848
C-29201,30311.152272702282
C-8165,21987.08589028718
C-28186,72493.37644159622
C-29917,83579.53108289899
C-39388,54764.543378919305
C-48244,33934.49377702121
C-16084,105957.10542976363
C-25487,73642.70123915552
C-42597,33317.7348708221
C-34167,3549.0510371284327
C-41446,16181.504226939473
C-1239,44414.34134243768
C-33040,42106.160236333424
C-27608,33698.335086196465
C-23453,6833.499342692048
C-1123,41102.088521131416
C-5436,68085.40450477938
C-42174,64023.451087669215
C-4860,29455.02640659531
C-13490,35786.963567719955
C-17174,34091.65841691308
C-753,65982.2697252679
C-15810,33040.904506693914
C-42128,3986.665677384495
C-8811,57865.86539863977
C-31297,8035.756283775729
C-17403,83225.24518197504
C-48410,56268.953772628374
C-46408,2088.7303127117266
C-2479,1953.1231960368168
C-21801,22229.566103046403
C-13619,63291.15010604003
C-30966,116432.9012490836
C-22836,47215.539680368965
C-5626,30931.82037138238
C-20689,22748.792988897832
C-32432,47742.248145915946
C-6895,23802.810634053938
C-25130,16686.46834633674
C-39496,29861.364589512807
C-10030,172906.33802255918
C-29985,67016.83063552898
C-28023,148542.80175299803
C-33366,89444.42032653932
C-8486,21213.43904912569
C-15000,17760.425070748308
C-23912,94271.86057027202
C-1764,8235.1724278213
C-7533,37701.54867655281
C-26806,53177.0990036874
C-3015,15514.30473859654
C-44220,-8561.25500709565
C-39798,9795.98221327905
C-35620,-11721.973354904687
C-38023,99954.72408895518
C-10251,58293.92652369477
C-12284,40163.13395862392
C-35923,33898.46341650564
C-4043,58543.69397101313
C-43164,3588.1057947515365
C-11078,-2105.347071053344
C-5480,77019.82854585735
C-27083,31463.473691889598
C-32623,32745.98885597737
C-2619,119549.29060191532
C-32271,56089.99350050106
C-27130,2197.3831025277323
C-4772,48622.89425911317
C-9592,107381.14132667599
C-36078,58888.45219094908
C-17839,33642.61686755762
C-7688,46674.62820987626
C-15390,52130.19186913989
C-22903,27109.68611869904
C-28377,-3016.7626678707093
C-9146,156778.51513215713
C-36253,9092.540202466778
C-1718,-13366.401326320629
C-45838,36329.494852461256
C-4008,10450.430368016096
C-24734,112808.68389004383
C-5927,40443.25291742603
C-43330,91325.38676068417
C-18658,52210.88037111728
C-24253,6894.4273209590465
C-3097,78217.76428589
C-40966,31362.33218943701
C-32512,67362.4757302246
C-3983,23770.962114586
C-15442,-5461.9488741077075
C-33625,33599.14915195793
C-4560,91567.22942225104
C-5330,104874.10252946673
C-38970,78778.63015615928
C-19394,61127.552895268585
C-40546,38853.22665947577
C-16237,62403.26246198862
C-23401,130063.94303290496
C-633,29755.655140282608
C-33502,21293.093200471947
C-29793,148715.34997428092
C-3142,55950.90586718424
C-41241,64834.35709085598
C-19800,37665.24813733784
C-48557,106948.99225300577
C-3780,-9498.323611669868
C-44356,68964.69159821831
C-44327,17570.709095406906
C-36874,167520.96873071766
C-23093,22304.33143900364
C-20166,32517.60961333963
C-32981,31896.514231348254
C-36672,2575.148715309995
C-44236,70532.5184864731
C-20358,42714.230498938705
C-41614,41949.41133310397
C-35865,69016.45207591717
C-12048,-5775.829915960268
C-20861,36118.288818263776
C-19215,30379.285578627263
C-39255,39865.08099856344
C-6024,73527.79380880982
C-45645,8245.315710445699
C-10205,152086.16845915985
C-32970,115139.41783564659
C-21834,73843.06028864083
C-37152,52261.4283378917
C-43635,25110.255357462094
C-19059,70211.8957834811
C-14522,74215.18131173759
C-7150,25947.117388382932
C-10234,6737.530716286805
C-43828,99040.8378138713
C-11894,-7989.34202839146
C-49682,47112.96556391318
C-15139,48537.07291894682
C-10884,92369.44022035605
C-2340,24497.50784885406
C-17963,25266.401892313075
C-45916,-6585.012082245681
C-2956,27656.029902470535
C-4676,26776.105947840882
C-26014,62664.89909339464
C-34338,52422.07039311153
C-1554,78433.73996500301
C-13952,50759.2599519933
C-38578,32078.363962179043
C-31061,66711.80283719083
C-23993,27784.263196211366
C-21961,44590.92083911886
C-25140,47283.50542258745
C-11746,115997.2883386177
C-45,10538.29272512957
C-4815,197239.82737836346
C-35481,76485.99582728406
C-3116,33066.24947644532
C-33453,17787.508352578625
C-11046,24409.530456032542
C-25045,80525.54121947587
C-30316,40907.09488713932
C-11489,106012.6664613675
C-45852,9455.069811389505
C-15205,45174.619579637205
C-34257,61638.45950966368
C-19023,65998.97032435863
C-22591,38769.035639065536
C-30485,79625.55823750816
C-40551,33877.78016112308
C-14271,50564.548488256856
C-45599,100712.89003706613
C-26741,51006.72621641091
C-9401,29146.072952026727
C-9651,72328.41205765936
C-25661,5404.877438175936
C-39737,112407.90826231075
C-27791,30553.252312420125
C-38997,6511.304385193966
C-33155,99045.5038147434
C-37158,100822.28191124165
C-48771,52895.968995597555
C-7775,26626.61884693262
C-7819,8702.199496366076
C-1228,29605.5641139964
C-4975,37559.90159393812
C-17515,6244.387324607567
C-27456,38857.651093874476
C-9583,18483.79300172125
C-46862,34388.311416947436
C-48385,91219.35819162533
C-48390,68684.3928587749
C-11426,44415.33641615753
C-48946,97927.99443402293
C-9460,39151.29349365309
C-43485,11447.257009589142
C-9876,89094.44326230655
C-47813,137502.1760981576
C-3626,20769.44594904407
C-42105,30182.181952340266
C-29233,97991.20663567632
C-28572,101470.11346484917
C-659,51635.77199618644
C-12398,62006.927827557025
C-48268,57477.27476057234
C-26068,88321.9880163427
C-26528,31466.802779946513
C-8289,39569.53027405251
C-9318,52436.65846218953
C-8296,35777.45672360185
C-21791,40383.79509869037
C-17812,58893.52289187665
C-41047,48104.73546755595
C-3883,2124.1382926202496
C-49610,-2821.9775957790916
C-11569,138352.10740751663
C-19158,14877.510406615802
C-40468,19138.956581444894
C-29706,68038.29111175254
C-17411,123439.17038749317
C-20278,4988.638076104246
C-20054,28274.903983585235
C-156,11691.783933645092
C-48633,47116.864989639216
C-37033,72355.88306033422
C-11708,15581.549899067828
C-45240,29774.5338327211
C-48947,95970.67244838057
C-24983,33308.546403694374
C-553,47459.702889592736
C-21845,89783.31893879885
C-42517,7519.561933157929
C-40487,11645.11644469131
C-42998,36751.25928992288
C-22685,49415.83301921466
C-49530,75743.30687613366
C-32673,80929.70924651469
C-16828,20919.416749876596
C-10482,143476.9592116552
C-48516,59980.44596064332
C-15183,21687.28290320099
C-17446,10365.432421011115
C-1854,14226.075908100189
C-23423,21234.770273023634
C-3733,93884.9733867709
C-44436,27351.79531123788
C-9716,78179.35840335969
C-8326,22438.84777363532
C-45014,33090.13363505705
C-12940,9540.184030568184
C-19670,13833.009614827883
C-1785,12752.158336955763
C-31506,54815.09890144777
C-835,18085.845042140274
C-15366,42309.25018509078
C-3760,37447.14204166057
C-46957,9646.16552087362
C-12072,-9230.959191910486
C-13413,21433.90150677253
C-19284,16657.655542659984
C-26627,171866.35893278825
C-1615,23548.666542962317
C-33528,16595.4440522469
C-22973,71854.10079331923
C-33129,117666.52574771771
C-22036,32992.28090089817
C-46068,-4980.827580398996
C-8409,66041.02031866237
C-48794,98262.78099353606
C-42050,86686.08474613263
C-30741,36035.74815439347
C-38184,3015.070758428861
C-27822,16616.16533013307
C-14343,27560.67523091896
C-13899,128082.86191543494
C-24795,36719.423702686654
C-37005,19855.720999387835
C-3909,11112.297124862242
C-876,99664.71984307907
C-26819,2420.7811955777943
C-26856,40706.023721310725
C-40578,82747.54315603273
C-3143,151503.30221674236
C-609,62573.02091020843
C-18244,20883.725570266528
C-9988,-898.6069263447498
C-15739,53290.78624200969
C-14532,20286.4327517703
C-37824,20471.768947002725
C-6214,39381.91779003535
C-46648,6862.35494070204
C-33716,32243.705504865182
C-38625,25512.664092512707
C-26176,49223.11492567966
C-1462,83270.17059460179
C-6348,31722.53331408513
C-10057,39953.01457436425
C-17188,71124.91581568656
C-35499,49422.17019879157
C-5236,48024.59793985716
C-2235,9460.924741648676
C-24643,131606.6157324906
C-26355,21210.361085463417
C-20331,79601.19045327729
C-27065,79912.19026363225
C-7174,-6520.14620228608
C-25226,32914.23672450492
C-27811,15693.380666879573
C-37357,39711.44889245917
C-23146,65206.67944928192
C-14511,94724.64883624512
C-45733,23497.946318854894
C-2788,95149.5573380368
C-23699,142532.23450434062
C-15229,14327.885457086173
C-21262,120481.80990376674
C-35787,24271.555446007587
C-16786,-1885.8139876203131
C-1609,18664.19485789873
C-45919,68173.64122869482
C-40793,75130.21347621855
C-1768,6639.353672897327
C-25497,36433.4830405481
C-4014,8236.865606825915
C-26901,151710.94621990947
C-12928,65328.42236237868
C-25423,29073.819887566446
C-24563,28249.127847187123
C-17449,20081.133519855284
C-23304,23724.851761260565
C-13956,24462.84078642149
C-23103,98057.8934448699
C-15709,82403.39012129107
C-5044,3184.8082742814076
C-7462,59442.65616818641
C-4774,12311.625169572922
C-10818,44298.91221881696
C-2642,24309.418456228068
C-11734,6091.12493467873
C-31677,84450.09910294911
C-40024,97101.3287506135
C-38399,54463.144449021245
C-6929,53982.053292753255
C-33626,-3539.1939958744842
C-510,-3171.145612087261
C-27848,54005.04857108439
C-14452,63853.22142737103
C-45380,102587.43041601917
C-44769,88249.1083146084
C-14121,42931.49870944056
C-24120,104879.26705792207
C-18481,111266.10495073299
C-14119,120740.60688319757
C-15069,105726.00433144553
C-49217,30438.02836560971
C-45792,1306.9361782722117
C-7396,101860.47019818373
C-12020,4963.388712144333
C-12967,-819.6109294711059
C-12179,28452.262932347196
C-44636,73166.57415581506
C-44662,107448.90034483407
C-4754,15417.556003004418
C-22562,36755.49806020937
C-13584,4573.8452181035755
C-36926,39691.8934428084
C-43824,5839.461019825605
C-43880,82899.89896851705
C-25540,44784.653744536765
C-21245,62007.292045478454
C-21317,6271.547844323613
C-14879,39728.6708312172
C-39842,33229.58909377616
C-31122,49573.01235565785
C-16760,39064.32920259966
C-33697,92737.86971206247
C-16429,43052.32437040403
C-48440,148031.0768788098
C-35604,86898.51182129706
C-1144,68839.62167580634
C-49713,87356.79437351963
C-29490,43425.69721902702
C-36158,39128.15645966185
C-9813,28904.50067852266
C-9595,3180.1811779939962
C-3328,21438.74514094799
C-31864,129343.50087575188
C-11409,21420.995243565754
C-18414,35319.03168067884
C-37415,1030.3916219268867
C-17615,101982.12477324299
C-37761,84105.19521618713
C-10795,19091.962950268808
C-33521,17436.978767244786
C-14643,86195.38048136611
C-15457,3425.186568198158
C-2688,51016.82932057013
C-38293,81363.6522893566
C-23708,60469.08064964077
C-2089,84085.47681217143
C-36852,-7979.1679432466335
C-4819,53130.28650847594
C-7452,79750.94362652255
C-32749,99627.80708189511
C-18393,39680.79606708443
C-22070,80659.0447340855
C-12652,25085.944659027395
C-48470,62647.26796416544
C-7929,16428.711059860354
C-38911,75507.1194897682
C-13815,106682.66217981259
C-33189,46977.14797895568
C-17296,16672.71819780043
C-30931,6125.156696023318
C-7244,51593.78845991382
C-48498,42129.32568370735
C-31629,5002.357799023746
C-825,27071.412084517335
C-46832,32811.21544351959
C-49779,144765.6694538592
C-20528,141060.09631342432
C-3239,42443.86285034556
C-34070,6547.4694808118
C-10281,50249.31923202722
C-16683,30387.889749966474
C-5255,22797.701581321366
C-46252,37930.78052971195
C-17695,87003.1777104325
C-48663,51503.531799373864
C-15332,39056.56553366386
C-41015,62971.258903421454
C-49112,6627.047379797572
C-12116,81899.74059002294
C-42427,26546.44748354547
C-11397,2942.126003149555
C-35950,18736.628822561517
C-15443,121253.8719963848
C-33016,124298.3163259661
C-2279,63838.1551872353
C-25345,39279.67409336233
C-12008,21815.87909578047
C-15500,23181.885606549957
C-22952,6538.912459724226
C-38842,35383.837462150244
C-22972,125660.35408905067
C-3297,68917.18959866706
C-4339,35082.659511688675
C-16182,115468.86301814894
C-41903,80425.06054514564
C-32193,63789.387131688985
C-27767,15454.844710533107
C-7638,5579.660807756132
C-3205,36540.051282159184
C-13025,72546.55252869829
C-26304,84962.5086799927
C-17944,96454.54525543106
C-11888,66986.9166273154
C-20396,90841.99030551914
C-35187,40736.33623170884
C-2029,79685.79179280445
C-43484,436.7326350740477
C-43851,40231.145561326295
C-929,27460.05047259724
C-30502,13082.40591849354
C-34752,39119.03157565027
C-21430,48910.81715769145
C-41521,50133.7025791982
C-48124,32358.040130901063
C-49508,8234.599569716876
C-22577,37004.605998040206
C-32491,118216.48324555077
C-15771,50449.88211196804
C-28074,43089.11126773499
C-12383,5633.563160363919
C-1427,18158.98361102966
C-30389,75458.45733493991
C-12637,29201.738107317262
C-11498,80506.40597914267
C-17157,80325.21506783788
C-19914,67947.75450188451
C-20704,26408.875558041924
C-12763,37300.008682611675
C-39264,27899.751090511407
C-10734,24696.62407073936
C-30428,17797.43485104717
C-2904,77850.51187885273
C-44945,54912.035922638664
C-15169,153039.74932770059
C-49349,27704.093524909473
C-4727,9320.770846425869
C-40352,90819.77936380997
C-23264,58969.1232459886
C-30859,14428.116568497011
C-19561,14745.021507412821
C-48131,37776.73995207677
C-12665,21164.661934338656
C-6218,86664.04618657875
C-29789,20424.532854648518
C-40455,1633.4444001645534
C-4733,56511.38851316275
C-9005,-4076.222033462589
C-13448,32092.30890778967
C-29854,21843.671339839617
C-46308,37276.66279215143
C-25871,7002.325266556771
C-35920,41194.51306921303
C-47400,9188.420345127706
C-48555,31172.0316375801
C-20212,31153.211855506077
C-40371,49786.02339695633
C-45424,7139.949098427278
C-15779,20121.445603465363
C-12702,28893.01270263769
C-20660,76898.46266094733
C-10168,-6232.394202053751
C-17122,54351.341327558104
C-10455,25270.9894935763
C-15634,28012.676608058795
C-49360,64523.02668109808
C-45640,83220.7681684095
C-13308,176533.5224529581
C-3298,11709.21722374935
C-44630,82431.15959891063
C-12879,5848.915387938476
C-23365,15746.21997760906
C-27525,131376.96141802846
C-9975,26755.763913627517
C-34342,57366.786072164396
C-47751,8134.935688959093
C-26879,8540.089746173151
C-38483,24798.253779175844
C-36518,35110.22842781906
C-34134,119650.25764387162
C-36138,74567.56051449152
C-39891,85306.6010515195
C-26973,109847.6081808373
C-29353,78004.33192581378
C-2786,46200.14853964803
C-38068,57611.124874142595
C-8110,31317.59260195275
C-14388,91954.4439949053
C-29065,108325.51264092902
C-36540,122533.59694835237
C-20188,6827.567997556449
C-37752,44750.604611581315
C-22606,54632.46330775705
C-6055,103531.16094530933
C-39935,16417.93124795336
C-25521,77337.17345372686
C-28918,54172.16404754195
C-917,41246.22598553664
C-28373,79227.14229934281
C-17067,9682.082549573563
C-15755,25972.684644121022
C-18334,17703.418828349873
C-39746,-6013.929647811456
C-26095,24331.49709569099
C-31934,71269.59232830818
C-29203,19646.047974959038
C-4442,47502.87604222113
C-43285,22748.034873731463
C-8080,77790.98296592281
C-8074,62460.41626101955
C-9064,19498.32471847647
C-28661,34272.592617695875
C-33298,61709.0512922623
C-3682,66721.88901751359
C-24047,70997.41246462498
C-27828,86057.23050676537
C-25227,3820.288826918011
C-43134,11659.683395663451
C-6135,62407.61196387476
C-42919,50589.08923731097
C-28495,1509.364878563756
C-34022,142057.13497496326
C-7993,83633.93813006397
C-37825,182770.85405431013
C-15473,46105.452876239724
C-22118,27957.68862214801
C-9018,109211.23130148005
C-10947,13596.12949879335
C-30373,10286.58918536509
C-27433,4974.0085336772245
C-19044,116954.69496971616
C-48226,-10127.02271529242
C-48229,11061.682935926452
C-9934,18033.345968360638
C-36360,100949.79921029217
C-21150,126604.10973807477
C-30376,-2501.2163217185152
C-20223,37813.864950886265
C-37649,36822.1255428184
C-9175,77158.91517137448
C-47832,96905.95098541811
C-46503,45823.09836633802
C-38923,49836.30405463019
C-2332,137764.6375271865
C-21329,106089.80543097696
C-45831,26375.21627157893
C-33757,20565.49844692844
C-40227,70844.75964239873
C-757,31052.846077036695
C-46217,40413.66068175834
C-29101,84048.60956987215
C-26629,33810.895506081746
C-20520,15498.932342187025
C-28928,29348.98446174869
C-3850,72223.44324097037
C-38692,39049.19057648548
C-18090,42121.92124121893
C-5861,48898.8481162449
C-41044,101302.1072223144
C-29154,30979.532477234014
C-49914,86249.26949392032
C-10031,54863.36018648693
C-8962,41579.12695794711
C-48004,40542.91429367857
C-26745,59524.01428460632
C-19302,63027.55929070084
C-40970,105418.99348035983
C-16415,23320.08120611996
C-47555,12888.1626923195
C-2770,86418.2310525754
C-3021,76990.5247370038
C-6303,22728.14373087945
C-13721,6277.325684347874
C-30124,15152.515960670986
C-32833,91490.32793901057
C-36042,26320.161026255984
C-28242,18102.706212883088
C-14843,27437.567637439715
C-28593,101560.04472557259
C-5638,497.6592358548078
C-219,-11551.646589528158
C-42017,4322.668731387777
C-26701,121831.54799400453
C-36284,61936.89466988892
C-36086,23168.70530639308
C-31609,43015.93192031656
C-38393,71238.9470460967
C-42347,11753.457604797019
C-41416,7998.71642280338
C-27243,494.47441187803634
C-41644,9615.956297976823
C-15903,35694.59432848769
C-41518,19576.89382357234
C-41696,21617.230926312986
C-12046,50586.0277278748
C-37129,4172.394718531272
C-37098,15400.115274807897
C-23538,39933.38902519961
C-35101,63411.273527923084
C-28860,65126.307940035666
C-16964,20661.8455932489
C-2871,45889.66209388033
C-18796,40263.71331304794
C-26265,58485.8323355587
C-8954,80683.116011043
C-45868,50241.577630523876
C-39051,-3499.3897397135006
C-25902,68261.23416286067
C-134,93797.10497519857
C-11823,62231.30786500474
C-8666,71184.78907914858
C-34926,49717.98733567006
C-14581,33691.506030820725
C-6807,32411.186197060368
C-26371,51037.46124191897
C-44134,-3281.574078929938
C-43149,70229.50325524408
C-21260,29128.30811233422
C-1117,46795.58734327845
C-49588,41835.95958984796
C-12452,22624.217744458234
C-23553,37602.2509072198
C-13875,37907.022636174195
C-36211,9423.060723190632
C-13377,11605.702803837296
C-37925,49210.291718730754
C-11159,3685.896526291959
C-44097,630.9738837065088
C-42023,35202.61470621421
C-49822,46349.45717092956
C-33922,95219.14498843599
C-18707,127726.05984106692
C-11147,8906.936000724243
C-4465,38683.22045655999
C-1577,60089.45007145761
C-11960,67523.47476390703
C-7182,56858.38213043602
C-40091,56287.833149547514
C-21054,98164.679717399
C-25822,75029.52629594255
C-15143,9236.453466361578
C-1945,32347.29107607647
C-40511,130207.424849051
C-4356,32085.823525334567
C-2078,38294.13900519301
C-25636,27518.579213938232
C-16947,20378.236320092525
C-15731,143241.87681354774
C-28967,79251.99955247581
C-2063,49408.92194533052
C-2334,34805.83884218978
C-28442,166049.51226210094
C-27047,104311.11990098174
C-9601,5356.318825945171
C-957,66493.35927537917
C-38487,86589.16574685583
C-11793,92025.9174249139
C-2787,7765.428332034644
C-48278,10109.32493930868
C-21877,96893.2436519018
C-37625,55561.385174638344
C-11691,7108.035474197182
C-14816,28167.72409173977
C-36584,97428.32281706625
C-5126,47657.49491258135
C-33687,34517.64152754798
C-38064,13988.73541548624
C-24374,40629.37302597657
C-23749,109917.25434152104
C-7942,8093.615275835553
C-16655,58828.70308108366
C-37317,32567.995677238865
C-37469,20768.921531236458
C-12922,53199.2968146304
C-24161,-9383.34560720229
C-36221,96341.6561045167
C-35240,5709.024713491963
C-33092,38612.88924593097
C-43860,81355.54470575333
C-26221,28848.33502828548
C-36834,10474.483634295422
C-24577,21979.63925922921
C-20266,2280.0267320811618
C-48568,9871.35175052638
C-15346,85303.17125520301
C-13668,61402.21202012662
C-28574,21512.23260689279
C-28643,46049.524588208515
C-1839,10684.63690717925
C-2105,123605.42813819379
C-35783,7088.281615055304
C-14594,35440.14425152767
C-25986,48073.28418011143
C-40128,55024.525668845374
C-4170,36471.16539553038
C-19643,3755.9110038479485
C-4735,35174.594026575265
C-47903,16356.26320983516
C-49819,67971.81422440658
C-643,33783.586087569936
C-44320,24268.6924577464
C-32102,29961.881877134714
C-18804,22250.014404619877
C-18395,43410.38458844724
C-32277,31562.301516830987
C-30331,42854.30610996643
C-45179,51247.905542243796
C-6450,49510.75461815912
C-11223,48110.6506430553
C-3399,86928.35362367106
C-42791,25542.53809347716
C-41709,3730.160126259616
C-7424,43376.40156665686
C-42723,9510.138283670334
C-25196,129981.39413011188
C-43583,127859.85422958898
C-19272,40243.41430953177
C-40990,173366.00261225057
C-556,48243.24425805844
C-3002,35699.73930051979
C-2649,20594.213132045734
C-35775,31575.269961620514
C-13798,28774.582075789433
C-33316,109754.41620488455
C-48275,23165.192802164198
C-37613,108188.10304947181
C-23035,98840.09750858997
C-3310,3106.3332936100705
C-17525,90530.10521783694
C-4839,17794.036250505764
C-15861,106923.33534738336
C-32745,4062.0953197472118
C-41651,51135.23044012941
C-10419,7747.647941447984
C-5691,93341.28462803512
C-4237,63036.5528659196
C-7943,28776.844576943913
C-48186,118002.68428920762
C-47124,29322.07250949631
C-44247,60102.03479961763
C-29184,40490.30448311304
C-27106,2413.760198727032
C-1804,8565.889017956048
C-47120,32921.87551954336
C-45106,21681.736237574383
C-21304,23851.295891100992
C-44339,61673.819734485296
C-37349,45008.686563465795
C-31321,18069.878263028353
C-47919,62095.12347068403
C-4317,38586.85208143781
C-6670,15194.551428557374
C-9367,99061.27662764522
C-25510,74844.16759982528
C-40096,67333.97692467346
C-10669,44914.863742218586
C-5319,114275.01897791325
C-4318,29864.888038044708
C-19339,36711.73463800682
C-31777,54218.10412420063
C-29966,96483.23344016288
C-26994,44835.903700475166
C-3929,34160.8278499877
C-15794,116908.9180906152
C-18548,14410.994356794901
C-4751,60593.928306272355
C-17504,76554.22742446736
C-45118,117220.39718104292
C-49690,65424.48030247072
C-19852,92061.76085395814
C-22045,154191.12069580329
C-42941,6343.470765071077
C-33509,10517.857572620022
C-14837,34627.16591125421
C-45486,4941.748661237376
C-8808,34519.70207527557
C-14376,35768.87729092342
C-1068,76736.33966464909
C-8294,20999.30935649491
C-40272,60365.016570631735
C-48657,72680.91862916302
C-37512,93890.50567242323
C-32969,85383.9391012305
C-48333,58036.083657070354
C-13263,38158.98991513573
C-8777,65588.97230821513
C-8019,67698.46131688872
C-43155,91666.80900801746
C-10537,25201.66396887922
C-35837,37010.750920115504
C-15291,55272.39927472752
C-49185,69418.91773124109
C-17483,25397.9453092135
C-1244,45134.05896394658
C-32938,7271.64246206353
C-43632,6351.803205569857
C-793,25621.092327971786
C-40262,615.1161655139585
C-7725,67944.35382152669
C-43053,28915.104476719633
C-5757,52456.537575047056
C-32537,19388.674504418403
C-22896,57786.241670483665
C-950,74235.3038239169
C-26409,87172.37445855157
C-7296,24735.288255424348
C-32521,147279.49752057303
C-16695,77938.15688377363
C-10274,-952.69533283075
C-1840,25487.004192160766
C-45431,76861.51798858195
C-25697,48964.843667194
C-19725,12537.599631097859
C-27954,5112.621461648334
C-26657,28631.11879960907
C-30914,7980.708303262116
C-26825,49271.61739103695
C-2899,28346.89853726089
C-31682,62570.24850374039
C-13811,35106.48952239986
C-4337,20734.960650722274
C-6379,90497.91786421565
C-17308,4552.750696428295
C-47992,30401.53971085043
C-2169,26576.866795843736
C-33454,76642.4799834306
C-5799,11934.256799564093
C-6103,38999.15757941224
C-49435,38558.47534042813
C-41131,20958.833811103807
C-18937,62284.35725967065
C-38889,-7943.206349399916
C-47539,30638.76730530076
C-1026,52306.15497192138
C-24071,31383.825536997225
C-27694,125852.81370343259
C-31518,2713.0629869706754
C-34635,28363.15947845119
C-31358,91261.1288723024
C-9956,124506.60768583826
C-45804,101798.21783056296
C-20655,2559.097954900695
C-9343,96316.21800080377
C-19125,71738.00459855796
C-19181,16425.692180868347
C-7674,75648.93982272006
C-41130,74643.09810097382
C-18677,38303.410081348135
C-13630,7370.546540099858
C-37626,93353.30229290335
C-27892,21958.65959086602
C-42564,35973.89288855094
C-23353,43644.822710343054
C-18866,54025.064805273076
C-32130,13545.977337296186
C-24545,56651.035390418576
C-48034,49213.54336576468
C-11371,101509.12702731867
C-1645,30666.125717579664
C-35327,18168.825263636278
C-26012,56557.440588262
C-15222,30683.39285082244
C-49265,-221.44122173415963
C-11487,56225.2373034767
C-14689,95101.33819242557
C-47385,39135.65539635924
C-45749,54683.61967242393
C-18325,109862.40330621666
C-12000,32559.854547794166
C-18372,47635.78522095692
C-42579,51997.241213688
C-4546,61537.45065393063
C-22795,42811.25194013915
C-7976,35921.922953956506
C-8646,24420.08294175916
C-5589,62267.36491971904
C-49897,17975.784792758957
C-15409,53773.68773605157
C-23080,80029.69494246785
C-22520,195973.65651519777
C-12465,41001.01246485571
C-28253,44015.783229077206
C-1851,41570.23300712806
C-10540,25110.6544638401
C-30297,129287.30030707251
C-24845,3171.419535602865
C-33370,-6592.369564052475
C-48643,43283.046305721466
C-30564,32722.063149624635
C-2277,35875.73031936148
C-47596,85117.83501068712
C-30119,65082.891217915676
C-33415,50435.668115081884
C-41944,61916.76244734125
C-17911,83061.01901248674
C-40171,20842.122486705543
C-38832,42177.404904251795
C-19252,1864.0077192486642
C-45276,5316.158286605685
C-39142,149428.72897604955
C-4404,126084.19881071836
C-16907,38499.10379958459
C-47861,44673.26169510619
C-38533,72870.44319526503
C-36508,10691.205319209781
C-20766,72045.64922175324
C-8190,75909.9565527961
C-34128,110872.01754429909
C-11776,80558.3309742774
C-34191,20519.67663598927
C-40720,77269.81274981453
C-2874,65133.61202245379
C-11566,14375.016306591846
C-8804,42399.647937628295
C-15775,13935.124845402519
C-23624,60679.55831266859
C-12756,77696.18502265263
C-22101,25910.746774626943
C-40643,90574.00064976513
C-2969,137907.45006228506
C-2646,40807.15264208734
C-10410,12211.108015739126
C-23870,70555.17523168164
C-19796,67605.47065010008
C-45959,847.2939280119899
C-28912,105822.3983348779
C-7781,4601.663116635202
C-35891,43803.39143806125
C-22959,37773.60741476306
C-9059,95414.57225264826
C-28690,96060.16374056014
C-8606,62888.51053983064
C-24885,-6128.6250671459275
C-18964,139534.03892523123
C-43143,-3311.2306285228333
C-8785,24122.019426262174
C-22205,23559.178804043135
C-40859,33105.47552237882
C-8249,34959.14395780696
C-25517,42787.11030980698
C-49350,93081.99809324078
C-23909,143339.11354828157
C-22258,17101.915863722505
C-29979,25315.94950813283
C-23277,18969.10283239629
C-42727,96807.50237248489
C-5619,50559.763615526565
C-13371,110268.31580694095
C-26182,37473.37887832048
C-7737,-10371.761126319456
C-34606,56947.124117419036
C-28332,29027.22831504061
C-5703,10365.02389582571
C-44358,70174.53473283972
C-37073,-5435.140478005829
C-17027,28247.866430451035
C-10833,87125.80312773264
C-25907,34911.80478727017
C-5601,25925.890459274924
C-20627,-7475.9766690983015
C-47524,13523.256735254945
C-10257,38515.650442731465
C-9091,90346.6022708487
C-6416,9053.16245019126
C-14034,7536.5562174549195
C-23121,10166.89713514792
C-46156,107204.37720041054
C-37048,26382.852424983954
C-29188,25073.79571414918
C-19005,43850.18374034498
C-6750,15758.188823896075
C-12407,95445.96596673345
C-28428,79429.64636139237
C-35523,50803.11156730367
C-5669,35013.34679703767
C-27850,77246.68440739071
C-44867,1170.8250843245842
C-49810,51119.8380080417
C-30087,107140.54501282083
C-12817,33364.88509691168
C-31155,27543.221133853483
C-9440,28246.12100854014
C-10887,3879.7920555176534
C-21696,29535.563425220527
C-9756,86816.47098195466
C-36872,29886.98966547789
C-4901,48282.20430359817
C-8032,21208.940475239404
C-43178,49560.154473906805
C-956,69412.0419170009
C-28856,60804.73841696237
C-24279,19433.659067069624
C-49774,15871.187118101581
C-28563,212428.083413799
C-1947,13773.329880674624
C-14589,84128.05581068552
C-45509,70072.5855726128
C-45326,41246.852448056925
C-10770,21783.42543105234
C-25174,132885.30362755537
C-49724,58697.80920422776
C-6277,17528.91447012332
C-19056,42300.97913186339
C-19079,79786.69878292947
C-9822,7046.620278767878
C-30985,29699.566721216208
C-34352,31658.755629362073
C-41464,57349.58756497142
C-32790,22019.60274664671
C-25608,126861.07710949455
C-26035,93798.16218295832
C-31139,21407.628827521614
C-25068,7899.144350176059
C-6889,9129.584101299595
C-5926,-249.93567020833143
C-33355,51096.2763334958
C-4824,28226.08850283731
C-43923,61799.438811650005
C-10011,133808.26030262042
C-9131,89238.72483713028
C-40496,113027.14220108058
C-44931,24210.826862317608
C-5510,65025.29528775225
C-5068,27662.15086772928
C-19839,30535.356563531077
C-43344,55214.81726285497
C-18586,4030.11382361906
C-20176,25791.779325352676
C-2193,46822.02930352815
C-2234,42934.46631557573
C-24524,707.192807980704
C-28202,63062.60203758531
C-40860,23095.761853051365
C-34366,58297.506183932084
C-40789,42850.60554958387
C-11783,46713.919710888
C-47774,14814.051675657305
C-27016,24114.622101325436
C-28092,14172.419003511342
C-13660,122627.08616542294
C-15494,22523.051675119077
C-9300,67750.97383279387
C-41758,33030.434048930765
C-39820,40519.062129390084
C-4140,24942.872866896294
C-9368,-2535.991257382353
C-38967,8921.319122257839
C-24343,151191.21636216293
C-42519,58058.14800318199
C-42543,113633.6671576414
C-17374,85077.19089049735
C-47526,1331.7316747101577
C-7366,-512.357709940341
C-21139,30974.91611175931
C-34509,-5881.5914030321655
C-36289,4333.688472152484
C-14866,90594.30510769223
C-12603,67978.47765144045
C-17925,52067.13501313628
C-21683,34691.94560034362
C-18130,18075.902313656796
C-12431,89901.23707799589
C-1731,5367.220870250516
C-41661,91817.50196259338
C-23682,22370.04905842265
C-18553,144918.14180534554
C-12819,47180.267084421284
C-38153,38790.68735789767
C-48354,47182.09412078384
C-43544,41353.89984041044
C-41958,12359.685922777142
C-7172,29151.264157712543
C-44514,100801.2712500008
C-2861,32589.09753830546
C-36311,18862.942409970492
C-49678,52373.16325805752
C-19160,34151.970671924646
C-4643,-6369.901938393217
C-17333,20367.156812528247
C-2749,-596.9130158716289
C-40599,58423.29828351435
C-42806,9750.802669706005
C-47653,26937.071702833317
C-8051,59060.27043075144
C-4573,19741.059569062105
C-6474,60047.053751437874
C-38169,52362.777751602196
C-8227,36332.47582631404
C-32926,4331.158177926249
C-1276,23614.212969578228
C-15430,-7850.795576831428
C-26540,68783.30658095935
C-26874,85529.42857406235
C-21766,69571.13420655622
C-24059,72653.2219252011
C-32895,76957.36570160757
C-10622,153932.32096968585
C-6128,-3236.83782441981
C-8732,68975.42749432205
C-12924,21186.201928726507
C-39062,59311.95052276489
C-15493,94503.79476492919
C-11443,78800.1225768029
C-47701,39465.488820210885
C-42902,111152.81603171804
C-31961,26349.218773628425
C-11170,33584.706340364544
C-13078,28939.192877401812
C-43234,55325.056938151116
C-11375,20219.501854125465
C-26575,75206.17213146467
C-38445,4531.753557073665
C-49913,13108.166732282829
C-17373,29597.146839225206
C-15388,62863.70418368716
C-21287,65956.85344827277
C-10027,24652.597160446323
C-185,41584.78051195082
C-38301,21485.710513341346
C-43509,31587.415109692054
C-36077,46163.72187839514
C-14304,17970.72127970971
C-41605,58017.381525676145
C-48684,101847.24287513203
C-49866,70471.93339994166
C-29683,187279.57710375165
C-32060,72938.65707932372
C-8665,27806.94370330456
C-40854,55151.426566644775
C-16097,23229.120140965817
C-3049,19936.67146592929
C-3430,8948.305504371965
C-16492,66865.11751515289
C-34038,45348.63717439738
C-15450,27754.229586595953
C-6734,9798.490750321136
C-24506,15222.913117947057
C-22083,-6559.0217474254605
C-16135,20092.695661438098
C-29857,2090.720413522984
C-46035,118289.1749310184
C-43969,14934.736558853889
C-30727,51102.71199476356
C-28707,29903.27489232252
C-17325,99391.63826915398
C-4740,31999.3074922404
C-26392,19338.688111443913
C-49506,29321.658308575606
C-23097,20327.60206255371
C-7838,16015.696362027422
C-25807,197137.05314559478
C-22758,97117.66360955036
C-13594,95322.28359941288
C-28068,89140.75528772846
C-5760,57413.79082709685
C-15152,19744.62256927173
C-8257,31146.263179172965
C-43363,63450.6758645457
C-3285,39752.26863103648
C-11221,58379.16017723363
C-12768,26297.977442454645
C-40230,38034.42319304616
C-5599,49826.756529585145
C-34877,49913.96009340351
C-18119,101385.19209719055
C-44042,25631.2410466579
C-13296,3281.8769389531953
C-37969,35540.577035664515
C-47828,7556.212713794637
C-21923,33865.995685956594
C-8736,35371.31788966492
C-37732,46328.162649174585
C-21954,59505.31911356433
C-27278,45411.557685876556
C-16100,72927.15230041891
C-13919,56179.49005591529
C-5303,19552.463338789465
C-34004,45631.31371499158
C-29068,26076.831114436667
C-30763,64760.8717400213
C-6292,28140.906725840243
C-19645,152360.00004090864
C-14478,4825.026396341425
C-1145,5768.423363621143
C-11827,66848.44476495718
C-49892,5967.104405915728
C-1262,41824.20154172598
C-3566,5850.45306822547
C-48842,126452.31628232078
C-16262,56216.40243719847
C-22259,27612.746028166144
C-48704,14832.966383519451
C-27910,22876.87411009562
C-15813,18189.698403228722
C-36823,48477.7024175058
C-2714,5341.262262301185
C-32449,16998.782699411186
C-36325,31858.93705929401
C-10517,18488.248725555557
C-16842,31576.123551482466
C-7020,27182.174358760294
C-11728,54078.04788552503
C-38121,49226.183672224994
C-4373,17284.568327402092
C-7239,40834.15811223127
C-40440,58379.9954154628
C-2692,60058.81421960526
C-4216,98836.24010376379
C-32562,15253.671018417335
C-33255,66696.21108689423
C-36244,45998.97806737875
C-32394,86666.15157679602
C-18718,-6452.365915628849
C-48672,24475.617615865358
C-1301,93983.0094772591
C-43299,57528.51210539634
C-44393,48564.97351859585
C-43542,63886.24461153097
C-26080,34279.982617545276
C-44294,9220.478927930351
C-28896,80711.081975404
C-23704,46867.799654447525
C-26651,95056.11708748843
C-5023,16624.605758297217
C-46806,5242.448553568451
C-12259,50615.91813941244
C-44882,62865.91731512684
C-3182,67385.97774594477
C-24831,14388.781370602643
C-49547,24871.66874913584
C-20713,55673.43218502164
C-9238,3365.3801997111586
C-30031,54405.783501360434
C-33242,36435.74885390363
C-42589,52641.05060059305
C-22919,22170.745794932976
C-31875,33105.76278095254
C-40492,62038.206951565924
C-33275,28830.060423622068
C-45764,81321.69203618493
C-37517,74176.82996985913
C-44296,65023.218443535254
C-31148,46981.872616776454
C-29114,21565.572632172945
C-1313,45897.61702463375
C-25568,87118.70090028233
C-21426,64649.73704709404
C-14140,47813.98574569229
C-20886,27200.563339981378
C-33302,-8100.85183954268
C-8948,93497.42173977071
C-30367,8639.548910966812
C-46914,32680.760893450948
C-22704,44479.8620175979
C-23569,84254.49215172278
C-42215,49493.62864849019
C-8893,14464.403266118592
C-15256,40689.965031716885
C-46181,32212.937150472448
C-48838,36719.6246655547
C-20323,26758.973593227303
C-2569,82961.40492533277
C-35745,-10289.45613954668
C-9173,9178.063483448255
C-14390,37273.16893568712
C-41887,36448.99396434271
C-23863,10600.446893949855
C-2583,41240.68710387189
C-4829,36759.33856655026
C-20849,40996.51064203326
C-22047,761.8420144556003
C-45403,73676.60731457695
C-46121,108978.24883526
C-41247,14472.88495862345
C-9252,30927.591792629442
C-31235,12126.379337653838
C-15462,63513.31355551812
C-19954,18105.506350811123
C-41716,12243.436853663101
C-3259,53462.071626746496
C-34031,10867.71142617293
C-28374,30723.55006223675
C-8758,74067.12835559767
C-34000,22373.650020812038
C-25084,-5618.347676641904
C-48041,37719.16635163952
C-1953,75580.90505657188
C-9848,32176.34204662011
C-12698,50914.874534755225
C-23113,32872.01295305939
C-42107,30375.078389973725
C-19462,29968.633466779233
C-13984,44486.04049358547
C-19569,37943.70523248227
C-41503,1579.503583680169
C-40118,20566.44535413567
C-20199,29542.889759245874
C-39106,91654.76256168715
C-10999,19458.92360125781
C-26109,70660.30155292258
C-48139,117613.59534691824
C-30127,32506.45244887979
C-29067,89106.28084285345
C-31918,39444.95288358509
C-48942,17546.852953275884
C-40385,14975.197232411323
C-8716,38343.45743519619
C-1163,46158.76474285141
C-9084,68920.39351757958
C-16587,53307.398779266776
C-43179,28097.32441529513
C-27546,34801.562917803094
C-42522,87394.81697976755
C-40244,74818.13578400618
C-26473,13540.706495698352
C-4847,86692.9766264164
C-39685,2828.4940509243024
C-31526,145.51507357227092
C-29902,22078.203517664755
C-27394,101961.96717812232
C-44467,-524.473931027358
C-16042,32882.092839010744
C-34708,71046.37770343642
C-40019,107448.6733504204
C-18430,-3567.6913538894005
C-17655,24160.952127158103
C-10936,61533.023005720905
C-40113,64744.24233608729
C-25016,-6482.081928605381
C-43047,71221.36918220323
C-20169,31312.813013558334
C-6770,25610.308667723686
C-34478,130553.92656578768
C-5030,-5840.840144079484
C-45009,24163.246772741713
C-38201,22143.40610022766
C-8681,39548.26680886883
C-1813,34152.13893544634
C-23497,14238.572269066943
C-30489,51537.99950727859
C-19081,54122.66265975169
C-6140,41967.21333304245
C-28403,27321.111582741632
C-10320,17703.70848418074
C-29827,57512.65213050871
C-5411,-5654.755437029118
C-41756,35407.36495561479
C-16016,11892.100662740515
C-46635,7567.371704699981
C-29056,55603.70943619869
C-20860,48300.15300395561
C-20073,52401.59281969653
C-31048,54852.4191200971
C-34492,35780.618425101056
C-28990,17770.454612828635
C-3739,42461.470133677765
C-39296,127009.85394952055
C-36166,57864.5204411182
C-46576,19233.39471566681
C-14205,6783.828298829707
C-22757,2109.15141847582
C-44740,34868.06121908143
C-17342,48115.57900754739
C-49089,50712.89340603052
C-9040,29486.409905762215
C-32994,73967.46211554442
C-28309,71563.20011890488
C-42329,41068.55984719294
C-58,42514.678489849575
C-33568,53659.53084651802
C-22856,45806.08592261353
C-6257,-6989.154221849611
C-21096,24975.58811995053
C-9193,82077.44129922791
C-45971,-10394.593544825446
C-27395,9389.233462652162
C-32762,62743.08577494351
C-10573,8373.481072656214
C-13608,58275.08311991222
C-34298,78688.06506611701
C-11113,32229.555765728142
C-6189,80982.44352664884
C-8477,40570.70773069867
C-10056,34771.10959617267
C-47166,82076.56835112136
C-3625,18155.536642744984
C-16113,25794.252875066784
C-7291,31209.854632898197
C-48284,85952.3153091689
C-2629,85737.49689096882
C-18503,92941.04721243365
C-24072,17912.079557681314
C-25858,113644.76271626835
C-31232,57724.86874145975
C-20523,73507.61915599887
C-24307,495.4281173361378
C-36770,100398.9868622985
C-14788,20123.78929725651
C-38016,3209.9832049496617
C-15733,18622.57308802816
C-37589,77320.11601880248
C-33230,36308.91540220926
C-36700,17385.133354498037
C-2859,13106.557217911257
C-30324,99093.54007249963
C-28653,49645.9958123299
C-10666,141086.1635994481
C-48902,43963.78171247977
C-28435,83848.15863455393
C-4159,11387.915649909351
C-23496,23859.894523029714
C-7456,65465.738551911294
C-15632,123421.5650736036
C-17370,29142.57422870323
C-14347,-1414.783373404338
C-38403,30800.928150188305
C-49563,23372.99153514966
C-16500,57610.930409021494
C-49787,32959.632851618095
C-19719,99779.8947356975
C-47381,46609.11338454179
C-45573,11144.714411720066
C-39021,67368.6723266196
C-36044,30417.62272702877
C-45885,15241.028755806947
C-19497,128831.84465606174
C-27415,130945.6378806838
C-30257,73629.656318135
C-11455,-2764.4434335400147
C-22672,4563.831480892484
C-43982,61135.16173070093
C-33632,65303.65772013313
C-26101,114864.60636734375
C-29753,46024.86594266115
C-37802,38054.480304874895
C-49214,99354.4292880324
C-8360,104635.34955988402
C-34730,35115.5095540889
C-15385,-3015.21241645157
C-12009,94120.44609295063
C-5494,55466.6771767865
C-18737,35420.57441734375
C-48493,29422.897908039064
C-7745,69837.14736062841
C-48893,80039.47276136883
C-45712,49259.29590734029
C-16773,6039.686512080058
C-377,12592.421513838832
C-46760,26775.535353050676
C-36439,9061.917365466885
C-17581,28771.432739446558
C-21853,17342.715115675135
C-24162,94275.83634134977
C-23431,-77.22440232089866
C-15136,40682.95341558397
C-8173,118737.70136301198
C-20067,20845.819683164926
C-26726,99802.89712960448
C-29254,57920.543954898014
C-7989,48679.451673669224
C-12558,33440.22257628324
C-30641,37740.78505924996
C-46585,12601.225495609804
C-16253,24701.953639400064
C-40980,82421.4103228353
C-14151,85566.31056881661
C-32035,72203.36491892929
C-8996,45536.72190779242
C-27943,-3337.158096073632
C-5083,50366.90269078629
C-48849,48320.797075712355
C-34235,154476.13254974977
C-1073,89115.99419911558
C-48455,20261.81644082639
C-12471,65602.16733618086
C-47301,71848.41725628807
C-46482,20005.979852512428
C-21486,95031.40416013997
C-2746,45622.44239675269
C-6737,45549.25698986528
C-44345,8445.0403530662
C-1124,82714.33254135906
C-27602,128754.75676239867
C-47814,91217.1928247255
C-39662,36366.45992409691
C-30803,68601.44834616523
C-4386,2448.0400088720417
C-36021,5260.31398492086
C-35944,43337.63672268197
C-29139,130803.80193378539
C-1458,7168.03294706413
C-37186,57714.90461455727
C-10144,23120.23571191996
C-2486,83989.32285056292
C-15258,13538.091254557257
C-43004,74041.42022524468
C-45626,62342.847398276426
C-34459,23524.48179808281
C-44020,62894.5858358766
C-33815,49253.12864500225
C-9817,54076.65710861206
C-40758,12276.016876804119
C-19261,8053.02395014996
C-16250,62054.892207301076
C-12112,40601.43903659863
C-40081,116119.67609600065
C-14169,72250.52017546003
C-40753,86083.11813088806
C-21075,77638.11627827556
C-209,96823.80052947125
C-28723,21433.17380389566
C-8384,12340.704790792595
C-24710,46220.43381431022
C-10815,39418.97693075983
C-48481,4136.387596894921
C-25158,32598.653325808533
C-16452,28099.241447906057
C-18033,40960.22893651561
C-7120,43760.62498012029
C-21479,59325.602529331874
C-33978,76196.61859196967
C-19024,29916.407279762647
C-12092,90482.20562840978
C-29058,-101.22899054072332
C-6294,13637.026604431856
C-45783,32936.19158295625
C-25788,17627.3345817586
C-17452,13834.601074486483
C-32973,51945.13805968738
C-37672,178725.54774600803
C-37335,67749.71044662506
C-34136,-4070.8391476638353
C-43061,17746.708229306052
C-26811,6066.253751368829
C-7378,91792.09159133429
C-13862,28182.042078265447
C-21747,61438.64251202295
C-7236,-2784.966117508382
C-12310,55677.98682051054
C-24609,21281.50322904898
C-4881,245388.17685486126
C-16144,60897.29995261643
C-4166,46978.60173005238
C-10245,63680.498310254596
C-7703,28567.614898746455
C-44076,18911.712184217755
C-36028,91157.537740617
C-45994,44291.05307221572
C-26860,31814.905017887708
C-45381,9541.6709639568
C-32101,99382.61914179829
C-45650,35744.25881981261
C-6529,91072.18034533404
C-3249,112228.48402057769
C-14501,24653.1723965699
C-47482,88292.6667874715
C-9265,13707.439477112384
C-13907,2175.9857253761074
C-31288,7126.73351898299
C-21128,31912.84300372752
C-31000,5836.620746810804
C-33830,31067.50667452679
C-5806,8977.277687938426
C-28960,-8870.688857082874
C-14102,145857.80332587613
C-2002,58872.583120093754
C-38928,32651.800418638326
C-39637,49091.20329721632
C-11868,159729.498755669
C-22410,14004.825281560537
C-24637,10905.494443982949
C-19825,34776.61481362518
C-21363,71310.17249694897
C-18787,67737.17672335639
C-28311,35081.53225619276
C-19240,36474.403652643545
C-2256,29281.11577779342
C-13465,76927.85876153955
C-41161,23378.40212613419
C-35320,122041.92679830732
C-2557,93852.36385782897
C-11901,62522.542536267254
C-13707,23171.465018045863
C-4691,31582.90406458571
C-4948,90786.83315225001
C-35013,6908.910016417984
C-25560,19942.559659098806
C-15549,49988.26501947485
C-17882,13688.807236748238
C-48217,22010.87547977818
C-5734,-520.5537048628685
C-13381,-7446.084471846989
C-44831,17741.59002768412
C-21453,118807.11597548939
C-23931,111470.93162853479
C-46714,96293.22209642606
C-22735,101705.901572659
C-15846,30661.522263794584
C-13910,72683.4831699021
C-541,17969.78425591997
C-23722,33540.81592840156
C-23468,21291.542739351906
C-12670,17577.237813368272
C-31052,38228.91973398231
C-47929,75079.89106209738
C-18679,64043.36967380587
C-23467,79730.50924824717
C-49976,157676.53352197335
C-13841,48358.129428427856
C-26539,111105.04541892491
C-30850,5319.3465135664155
C-20498,23300.840161045548
C-46865,57967.662753139084
C-31402,132983.8149632669
C-42130,185844.22448502015
C-30786,30010.511499325192
C-31663,15943.681428879292
C-38513,38336.66501528122
C-15261,38683.593021446206
C-38486,22416.154686888032
C-1267,138381.47626444558
C-43362,61838.95283784486
C-20821,52379.20109156237
C-44201,91938.27332894165
C-25502,42052.38441344736
C-14087,51325.261162422335
C-19974,3159.583629505214
C-10683,703.0653603764949
C-4117,2988.8814448939156
C-19200,38555.4520222367
C-47276,87053.06003951526
C-18041,63407.18628998899
C-46686,26975.86438287521
C-19372,81508.46417917879
C-21338,16948.084841176627
C-46659,31236.71422313727
C-40708,72959.82483274488
C-17376,48378.28377724905
C-9635,36338.16084959471
C-30329,51968.677672009086
C-22794,71417.2234440504
C-13945,1848.0503035108268
C-42021,46647.25925614376
C-527,14817.771529063946
C-32612,74506.81395123631
C-40428,50159.34392542409
C-8175,147073.20043696638
C-25335,90521.42290588163
C-36559,40196.78825001659
C-34181,16103.294680012052
C-49559,589.6865341168814
C-27473,53977.401242978725
C-20106,61215.802277625844
C-43623,66689.37772613287
C-11795,38116.902917193474
C-26607,63530.6818482492
C-26525,109907.70995358947
C-23680,51381.45000501468
C-5423,36896.579011629896
C-16050,92969.7742151565
C-38447,2904.838165064277
C-15603,108946.72384097429
C-49509,18610.604028111287
C-25695,12965.286226003664
C-25058,45459.53875003961
C-26949,52766.901085842444
C-27148,93535.91936761216
C-43092,70995.06607445324
C-183,112300.12702864906
C-31036,33333.95227533768
C-25122,73432.91482214065
C-13491,66254.79030612504
C-43972,5267.098906827705
C-3330,95946.33742589716
C-32302,25211.269229324338
C-34102,109295.23205867654
C-4632,10928.970789646817
C-17897,8603.402091623808
C-48972,24761.24704187058
C-32343,79609.93625567424
C-45024,42972.974867919525
C-819,123039.51226910912
C-46967,37336.541059784766
C-26832,133342.68258489604
C-24818,42778.430772061074
C-45461,83475.62328600118
C-40987,23966.025580028632
C-3610,28614.293038489657
C-37574,53699.55444299278
C-10490,77645.09496744517
C-43755,923.8304199319318
C-9457,87423.79108130274
C-20468,-4668.050712739481
C-39647,35960.72981302549
C-23024,181737.4866183512
C-29074,58358.42498565368
C-34896,18490.6265522877
C-17689,76827.97338732178
C-16146,76205.09874816127
C-37020,21329.065083288333
C-8307,24536.682874149155
C-2134,462.744258570463
C-13904,-3655.485529159123
C-21181,2446.884932936009
C-19484,15894.554817445893
C-10745,41291.11672665506
C-38407,51526.86048173381
C-25107,120940.12674234796
C-38115,27042.411171696815
C-24731,53314.465248850756
C-106,77494.6385421931
C-3281,13578.104422791686
C-5520,69165.02585537214
C-33562,15862.498488224352
C-46361,96001.987188979
C-29222,49113.08515921339
C-19041,42192.96229192272
C-13258,55400.54961855961
C-32177,31868.498011656557
C-10266,36478.30048859516
C-3894,45519.9809029368
C-46377,5038.615578072291
C-7106,83467.16586756692
C-1850,4837.42845268501
C-8353,60361.56637789173
C-39289,19157.21656176781
C-14761,22700.259047231273
C-23984,40166.26975998547
C-49865,32326.32209818456
C-17972,22012.643149691852
C-26328,14525.72226247294
C-31589,70511.98659738891
C-653,78766.99573248222
C-37069,87540.11705592797
C-46267,462.21669281190407
C-46291,14075.574332252872
C-41904,93387.21249286295
C-37078,41143.028087537976
C-38651,14267.676532639292
C-9376,10054.361326378632
C-16710,19372.114616579107
C-27557,62057.26075942892
C-4282,43714.64928646975
C-3085,67538.28689435225
C-12988,106915.6672260275
C-26240,39508.898550509795
C-31493,37356.059392653275
C-39810,40154.60736108321
C-36800,5629.696779388672
C-9616,22219.51586193175
C-7769,126170.32983501804
C-3661,44376.12710306853
C-29740,10333.164689961784
C-35302,73865.23185778596
C-18281,52916.63645549113
C-1430,-293.8519648970687
C-21542,2858.9326020997833
C-11156,1169.8730911784223
C-23922,48680.592602894314
C-46074,39268.447277542706
C-13637,12546.466611841213
C-9677,109257.21789522134
C-26485,61927.55552480521
C-4436,132623.73927264163
C-13524,92304.71990884334
C-6792,41198.85690906276
C-31433,95721.07263720156
C-33613,20232.57344016015
C-42316,-14880.667607021955
C-30814,46699.974699084414
C-37241,59570.88819272175
C-38187,10976.093509810402
C-1398,74088.0155421197
C-37445,48185.21666840662
C-30369,60688.04528396591
C-39137,41053.15737885478
C-12983,55933.3361240321
C-37958,37384.47642550271
C-46462,46810.25286364223
C-26849,66256.8056630277
C-28534,43626.088506106826
C-13209,17570.824741370227
C-36678,62093.24032912537
C-49312,48880.44438503486
C-15449,80630.03569060564
C-18017,37912.15706960496
C-1255,38040.874351402585
C-21876,89436.07544684084
C-45620,86657.42202854123
C-18488,39315.52727397121
C-47056,44826.510111903546
C-14279,1494.9067738168087
C-6228,153943.9318850462
C-32821,157694.52588860737
C-21651,9041.154346430209
C-44848,62433.72233444643
C-46555,12987.190431593976
C-7167,82049.44269862978
C-89,38406.46726753083
C-8809,12722.464022141758
C-2744,22744.871080549427
C-44463,51931.330450180736
C-3755,122165.46549946701
C-4163,-5037.8746540827415
C-16641,45074.558869725086
C-49587,84931.77584745231
C-29384,5011.87951125564
C-26047,3223.652806473823
C-17845,56673.344297604766
C-14269,73323.25025656605
C-44148,51409.998504595154
C-5845,80829.69063310506
C-5900,16656.78094469585
C-48833,133518.58796062664
C-37738,73358.16787784518
C-2951,15967.518771963943
C-42636,80420.02827410027
C-34089,59004.12306225429
C-49178,72571.5033569367
C-6633,58970.799623038845
C-28930,23269.026488660005
C-5106,55769.39841735801
C-46913,104644.94104420493
C-37197,56556.929984505405
C-24689,9337.747130493612
C-33721,15068.979982746729
C-934,124923.18678489102
C-14828,78617.16226073881
C-48369,30770.818590011808
C-19437,13543.642111750007
C-14692,51643.18140256549
C-31154,24908.11475981406
C-362,42687.963256562565
C-49356,134313.46284540615
C-35700,62384.46725975733
C-13407,74369.38458210754
C-18538,2770.5293789811403
C-18974,98699.91671120255
C-22363,4646.48064326281
C-47022,16844.71680608356
C-16320,44835.25304723903
C-48072,2548.262611689097
C-29628,36918.320467939346
C-36577,14919.903161852111
C-8538,178428.58383013972
C-49813,75772.76445797586
C-19068,11389.055798421476
C-35563,71327.75010335134
C-30393,54554.53240348905
C-15090,88835.01167578249
C-45511,88366.51775032605
C-16326,19851.292301928497
C-14026,16625.33340139462
C-25278,46576.33273626445
C-35579,46581.996118114184
C-15012,32141.861933640757
C-30344,54473.8317100533
C-9284,77203.29038561313
C-35905,69323.12713244553
C-16102,-14296.134015092779
C-24119,7002.183239047932
C-2516,62485.50075847632
C-11695,89185.76892628931
C-43131,20707.47384569879
C-11029,23884.399632733926
C-16245,101604.72579896334
C-38332,48874.54510583289
C-41611,47433.25210436793
C-396,-874.1725861505838
C-15799,51878.73392196563
C-43935,-7721.510672955497
C-3502,-2716.1104027756155
C-24830,40810.9079297478
C-15944,147257.7524136288
C-27859,50839.20841660537
C-20062,29295.680782939562
C-28450,120943.99349422759
C-38903,42202.212956579104
C-16882,30273.15941295026
C-17029,16124.207537230184
C-49667,28522.664954086435
C-48670,109497.93453779841
C-43918,5428.210473676059
C-28514,92102.087312839
C-38532,10957.372911891362
C-26698,-7375.214577530744
C-16126,23985.25079509378
C-41114,30652.131373297463
C-27013,25766.26032372707
C-36962,27024.952182683453
C-10170,37873.00583460646
C-2327,2819.8823980162197
C-8639,104621.43408114309
C-37000,59847.67044936751
C-36029,71588.20430288382
C-19979,50506.09309517923
C-19452,17062.711094820366
C-36893,63889.4424066255
C-40153,93764.71915158947
C-27040,23022.93308614099
C-12291,99641.86381865047
C-32329,44793.78125713649
C-38901,100646.14168063866
C-13014,39240.673155849945
C-11166,83365.53746481513
C-7299,80224.24162233932
C-31641,30394.302236539454
C-34905,29995.67516694112
C-23819,35645.62546642857
C-47457,14274.269378671466
C-40607,35773.605488770445
C-12096,42208.34688986643
C-29859,39701.80811784575
C-41013,1674.5890834720121
C-4968,84740.59217472187
C-19360,50207.51338701338
C-22531,8844.078188879415
C-7822,65829.02526723461
C-17705,43007.60624196546
C-4394,73006.87267676719
C-36809,32858.838610637686
C-22511,-10308.785937313907
C-39198,49228.412047582824
C-4913,87922.49414789728
C-7000,52576.147867111984
C-35606,107033.45888474926
C-44395,32352.3750915201
C-33574,28589.531224648712
C-32812,27212.613646317473
C-36719,82679.28483740846
C-39557,55378.00442299954
C-1917,14483.828777443217
C-38857,27933.21531127567
C-8543,78304.63096718362
C-16364,6317.6275314029335
C-35227,104817.1307682288
C-16980,33762.233694063376
C-5856,100361.20572833667
C-35603,62358.13188307703
C-5742,58317.51171977153
C-2214,35805.26530836241
C-34281,31135.369930116132
C-41083,56099.79837980683
C-2878,156000.93729622604
C-40392,30906.00822756643
C-5921,55424.154408931776
C-13837,42629.5469426584
C-48699,22501.04211649609
C-18320,6789.447411834393
C-36467,89941.78257086186
C-10428,62281.76983113414
C-47332,4288.045227399707
C-12301,24191.570677666503
C-32659,37738.90768264435
C-30987,49802.74849189855
C-5889,57328.42154426445
C-26564,8089.694054160129
C-12238,96822.73913674249
C-47324,99530.05449928576
C-38063,28897.70025327846
C-13508,15805.095567802658
C-4543,12380.989424923151
C-7536,95972.39264413643
C-27882,-855.2127553126629
C-15527,24631.50900290088
C-34334,13076.863182578862
C-5265,54256.02856065646
C-36683,105781.26621480119
C-28660,178451.33740921217
C-38166,61345.578791073305
C-11562,107251.94284148552
C-38499,5870.636301765226
C-4398,50435.67369286949
C-13042,81558.05578785189
C-45827,42901.68932031961
C-26059,30788.513280837262
C-25728,32746.533760654995
C-28865,60659.08560880577
C-5696,42274.74689109496
C-17389,149111.9904805381
C-8000,15710.715983743
C-37315,57457.327355913716
C-22860,22800.96420057558
C-26594,6795.701446211853
C-30645,65135.848107890735
C-12524,76183.55980924051
C-35079,14730.131046539289
C-31836,53275.0209681779
C-46564,114007.72443108668
C-40286,91512.30002046813
C-20950,108182.13424738847
C-42064,76542.81578085259
C-37603,15944.583848154089
C-43896,63748.14313110758
C-43380,101781.61611145605
C-20900,12868.620458943733
C-16381,103151.33341875425
C-25157,93017.04315306741
C-647,44154.56999114611
C-11177,96734.95706138574
C-42757,34725.97453688314
C-40557,159800.33646207186
C-4958,11079.327501346386
C-17994,52524.86576790408
C-47451,18086.86510337186
C-24945,78877.98605413074
C-21248,-3814.1284638806246
C-39149,121376.82438212112
C-44389,89516.27775472443
C-40933,10909.050732835494
C-30736,31089.875568972755
C-22864,65349.366616391504
C-10567,35216.3094131509
C-37988,85171.3777744243
C-49316,74385.39852187686
C-40812,68044.81580245499
C-31656,136899.42651111478
C-25970,27673.166624953243
C-47258,2160.1092869224303
C-17396,87552.17594461366
C-20533,38307.83552731373
C-35884,81249.13430163737
C-21536,43097.96688973985
C-16948,14381.14662097615
C-1771,786.4101479683231
C-11581,44773.81670665637
C-19054,85515.50633736179
C-13003,53115.74639345249
C-13276,16525.861740106277
C-49974,2460.14541322524
C-35016,69665.89279413968
C-20492,39447.90836112622
C-13746,34974.9392304268
C-42966,42263.91914130261
C-13282,110032.77851806418
C-17909,10477.023036860599
C-41511,2987.049442675576
C-2990,74595.82254220816
C-3980,65065.096848360765
C-12980,26005.53369110605
C-37876,1899.7793002880935
C-4695,106128.83738974566
C-10385,77720.7940006103
C-3809,98519.8366974031
C-43488,43586.396786636265
C-11504,23461.729898257687
C-7587,53741.23788429487
C-9607,40277.94010434898
C-38250,26043.83102722816
C-36558,121716.03985291925
C-8014,19258.15470426963
C-13596,23018.570698274903
C-30582,7087.248263419868
C-30021,16234.533690574925
C-18258,100372.52121247718
C-47417,64574.25482436047
C-48343,31418.960109863106
C-49890,123480.65808558186
C-24979,64025.69901701786
C-34908,34263.49577737816
C-23517,97600.50618432951
C-12995,5213.693760615068
C-3177,12345.452105272547
C-43422,44551.296601801514
C-810,-11554.064980513256
C-23230,20990.38318888314
C-15969,32858.188669722476
C-48865,68500.2442684843
C-48168,13522.792666427187
C-27948,29985.18524034734
C-13588,37442.23836503194
C-22222,455.13452261175553
C-46909,25216.928031785217
C-46719,118054.05563579555
C-48561,102320.64848282294
C-33590,38453.54322207398
C-6465,21863.29705502853
C-26717,56941.96136055634
C-34944,117601.20829128663
C-43280,20313.30196066153
C-2419,69208.1647763225
C-11724,70714.36584270367
C-7460,84625.77028184684
C-38521,65640.8417940379
C-41788,81870.51665024617
C-33463,-8624.342581653662
C-16161,10439.528743886527
C-49024,76469.14487599386
C-19025,70631.69716104997
C-37109,2214.3180841044377
C-6430,121586.14241329815
C-1380,23090.904013907217
C-13361,9731.378114049498
C-3078,116657.45466241689
C-11143,92488.0857516594
C-9634,56993.08071991692
C-41067,74460.49647892438
C-33223,12403.785869666259
C-3974,15335.96808985691
C-24044,137240.5136291922
C-29243,688.8857754159108
C-37475,107773.04753197626
C-13969,17654.22109558744
C-45863,38871.10830352609
C-23780,-17268.990082485878
C-42163,71596.43237224602
C-39856,18344.2960809418
C-7496,3161.0041861528152
C-42894,118366.63109183377
C-49730,33107.787250815585
C-37419,13215.27994984694
C-4380,26028.33689276615
C-43713,1760.9185580301637
C-5045,25544.544912271656
C-12353,101387.32409056446
C-43673,19806.195304176268
C-24756,36552.35684148722
C-24647,106847.36708582364
C-207,82083.41787489559
C-18777,30402.99892399543
C-33276,78225.19079941374
C-20392,52401.88312341321
C-47823,13026.520859048454
C-3602,11564.025044520211
C-27911,28962.62377608152
C-13758,48406.03293208055
C-46679,23243.867410293908
C-36420,37013.89019545706
C-14075,77148.51780212148
C-39863,52847.50641769956
C-24035,46048.21625378836
C-34287,71600.67449557052
C-26828,1875.5792729885434
C-21739,92723.31579423873
C-21451,44632.9667062067
C-48862,25845.119582872736
C-7275,56462.89565264608
C-5002,124138.93836267146
C-11940,58375.37677114886
C-9771,-1898.3414285425824
C-46859,45237.10130246013
C-30551,54763.82800217876
C-19159,-13429.302386172829
C-43671,52307.28594480336
C-23125,105504.99404308702
C-33813,46418.17182098091
C-3255,97743.62649615308
C-18212,44412.01387725271
C-8069,-3501.2084786868436
C-45366,46691.53318042647
C-15031,34493.568019149
C-27798,89975.39511076942
C-10353,79114.90455657721
C-45521,27412.4977212249
C-25181,35689.21352634427
C-8490,15019.53017758087
C-6789,75728.61052449426
C-9527,47217.90923488989
C-26902,2225.008051809986
C-36534,100446.51591069152
C-35442,28355.070979163207
C-39696,37139.86665261064
C-42783,44509.56717688591
C-31361,91755.79833345526
C-20621,87830.07066257716
C-7599,57514.74533076075
C-24378,5978.9445195773005
C-16170,48267.1535765099
C-14724,21148.89640328082
C-20279,2057.7295354804082
C-3183,100806.9340882645
C-7091,8090.552495836106
C-33081,44155.35150631331
C-10507,56923.141664070296
C-6997,64153.45105365176
C-30752,26468.632275952245
C-29646,24633.306653133288
C-24514,67217.19831771305
C-21587,25315.378846031384
C-8816,51034.677150460106
C-44550,721.7074863430607
C-41741,43351.66755984694
C-40536,50118.02716558489
C-35728,68160.76133685074
C-30594,-4544.877746380545
C-45845,110035.79344425426
C-7550,69287.59527930839
C-49341,16437.55419357952
C-15624,10361.170660380754
C-17746,33901.82377770702
C-44745,4060.0093908929775
C-29197,38355.22339092857
C-15417,70240.4548124367
C-45088,56094.64089912789
C-48686,153545.69242780237
C-14187,26495.69482300124
C-47052,24929.975617051336
C-19224,90539.01857736323
C-26033,83786.71868626717
C-30978,173699.1849577857
C-959,6709.0798888050485
C-8561,28342.531165696048
C-28713,53185.53599816304
C-15087,9619.091501678267
C-49061,538.4675830100314
C-46801,22963.717027657534
C-29344,50011.33968953789
C-28212,62770.41351329448
C-46128,3782.551145090976
C-4099,10506.830098915583
C-20535,123810.80386028627
C-32902,11299.590363283234
C-25769,16878.330853388845
C-38267,30992.603913975137
C-2736,131445.97063162632
C-41542,90606.44986668574
C-384,-3695.746240973065
C-35820,55093.42752740482
C-30469,18551.76020753988
C-26083,52867.43423191499
C-7134,21958.964557794563
C-28782,5807.607801454469
C-48012,77567.24780232183
C-20244,41418.99802847521
C-45606,109951.37674079975
C-38789,42248.74855839272
C-20208,82018.88473260037
C-1125,109957.09540584295
C-20799,38610.038127471096
C-195,33574.24267691054
C-43760,-4449.3570668972825
C-37418,26037.622424740322
C-2894,105584.75957886621
C-30037,22117.430879233845
C-4598,118178.55123464255
C-49838,111255.47758631046
C-4888,29655.619109949854
C-4286,97787.73328640411
C-4621,55384.799472133804
C-13852,29977.86794816112
C-36581,6327.92073171692
C-1622,56662.8905990657
C-24961,-9762.657924924177
C-20532,35981.464537552965
C-7752,47701.650035000115
C-14705,169073.76870004454
C-38026,94540.35914477185
C-15911,32852.33103102994
C-47972,52561.58511721897
C-14208,34456.65379848269
C-37272,3917.869777043248
C-17238,15181.285504573563
C-29294,43098.247217688855
C-13942,25613.263012203286
C-5022,19817.25929558772
C-10633,49483.83543031509
C-40608,4205.335797855398
C-40821,26916.00785833462
C-11342,28171.700555663592
C-43963,79714.74440609531
C-22953,132720.36686232372
C-2061,92282.7377938423
C-8906,170459.70016829227
C-29564,112002.48553176604
C-4345,41033.0318637069
C-29710,30922.78434722824
C-17982,81336.09038690798
C-40843,17033.472667419635
C-11478,119612.97639906094
C-45414,31961.651847925725
C-16518,133795.27702462842
C-9293,37164.76606073139
C-11251,44008.83858362523
C-43478,49622.657263424975
C-23008,77824.33603815673
C-36223,54144.09273189466
C-42785,67835.74404222565
C-8761,63337.15532244296
C-14711,43028.14923929635
C-22852,42589.77622699825
C-15189,45830.89499066697
C-44107,155.00243038794724
C-39132,26037.5128681808
C-39272,111505.37440837035
C-26599,-8039.733768532336
C-41059,19226.3665559531
C-18814,184845.3270651147
C-9191,80823.65791694583
C-2602,7569.3568065731815
C-37948,29648.68265518984
C-33565,-7364.251393972583
C-13380,16009.59916371762
C-25095,159438.92943683796
C-7578,7374.849521790711
C-31939,70631.35794430973
C-44809,18930.571615029785
C-27238,57368.67034784686
C-31504,32628.924020007118
C-8930,12984.133442950348
C-42011,79171.54597611932
C-45386,-5191.673547508341
C-12,43939.37559765023
C-14728,44069.68204560072
C-10521,40450.87137235836
C-45709,12502.948977550499
C-12165,4104.0369920916055
C-13621,32312.598181064957
C-46595,207181.98236598674
C-20431,21349.368739345857
C-15663,24376.3016881538
C-2229,90926.40013268773
C-36376,76589.7343289708
C-23807,61953.999894481734
C-1035,-2956.0915968716217
C-43085,5184.759482317706
C-7376,46051.9660766953
C-1627,-2492.234905603931
C-35410,114525.30770105848
C-19247,98082.33287504388
C-32436,28607.32817297006
C-24460,81291.8814735724
C-10995,33887.21072217825
C-16771,26192.121956651594
C-28073,43476.68055050606
C-42525,25968.19295748849
C-36239,69674.71179865094
C-20443,1787.8182785356476
C-47177,139244.9067243255
C-15832,4850.722948557865
C-33713,82044.7863291458
C-28362,9319.460333101299
C-30228,53152.870996093996
C-41956,11435.140277681545
C-6217,168615.5421082236
C-39468,18752.466077844212
C-42324,102973.29113539687
C-39155,99375.21975643444
C-26527,95627.72884816407
C-35899,2832.1464139414093
C-39586,12477.473271560739
C-28036,42447.561432498
C-8400,54546.925210825066
C-39248,26888.78189584554
C-24046,35067.42212570511
C-28479,67872.14085993603
C-35102,77557.37881952789
C-40652,122009.91007923568
C-498,93277.42254015355
C-23074,95000.26306457684
C-5888,17774.838198000496
C-36749,37039.419977075675
C-45350,37463.28165172294
C-22294,27545.158287447815
C-26584,37447.78254764236
C-47438,42475.945333077674
C-18012,68728.62139653765
C-2182,3465.5111239396792
C-7577,-678.7973699052527
C-2045,18580.742778784155
C-8697,21666.40865829712
C-27480,35042.74985248655
C-40427,8992.640504885276
C-25637,35874.238970099344
C-12850,-7350.5071749623385
C-27519,49346.146382413564
C-23281,6298.756223373981
C-4103,57892.8878396969
C-33406,34440.949825655756
C-10581,108237.17589680824
C-46409,-2949.667204738129
C-9609,42909.33007170883
C-46319,40677.333964481666
C-31529,9036.98256073489
C-13101,-3174.111501654472
C-7740,23197.058073620166
C-33210,64848.494136673966
C-49480,21633.46543164495
C-2410,38213.646359266175
C-535,33484.94007061927
C-39988,-4914.057603541485
C-25903,31998.76515786732
C-17205,26379.268035272264
C-6356,46812.78498845274
C-1636,50609.25709165838
C-36260,1871.6595013995757
C-28444,41706.468246441116
C-32814,8551.651893141789
C-44750,79448.7509934812
C-22477,59598.91836219699
C-47465,90628.2381885601
C-29148,75538.47204765098
C-39259,46433.18809291759
C-46549,35789.92090567842
C-47921,45236.50317051828
C-44936,44215.53043324973
C-4870,27620.397847348155
C-5015,24495.40197539145
C-33581,20102.277804451493
C-22369,-3160.2179457794773
C-32606,28415.582322167968
C-13834,60500.62581705468
C-15710,64313.725807703726
C-93,135508.49364549242
C-10395,58766.621733816995
C-9918,102867.89482422858
C-18071,70284.33350059201
C-18465,17863.555683084072
C-44580,16146.723638402174
C-14737,37246.133591289145
C-12834,103157.88176690179
C-21618,54675.69871014378
C-38834,129936.78166224179
C-16300,82996.63899445374
C-3878,162832.4793060876
C-29136,48086.91592384615
C-28178,13281.25171961209
C-36280,17024.80495262806
C-25952,17028.659846559778
C-32583,20039.41092606263
C-24549,74913.61273330945
C-44549,3470.5093096571945
C-48718,58237.29424295368
C-35325,2879.463621957402
C-23748,39935.320454896195
C-27920,90253.80400365542
C-1363,54265.92668559539
C-36327,74161.90458328997
C-2798,27405.914348743652
C-38594,61021.917500654265
C-23546,52521.86309056075
C-619,32915.214042226
C-26238,57174.25470745553
C-42073,-7217.8005550705275
C-34472,47655.381929693656
C-21856,92170.80360128144
C-44649,115440.83415880273
C-4987,11790.817173597788
C-41699,8912.401485255294
C-5660,127287.52231178855
C-39512,-8879.831090857726
C-9727,91629.92314289261
C-48153,30234.134381631076
C-41480,53320.51421117616
C-15558,83587.45848760856
C-46491,81756.4941587625
C-19709,42886.422194514846
C-45592,119837.19638619573
C-37412,28526.878973912557
C-17125,-5668.8793222621825
C-26735,78039.16764651725
C-22360,55890.8768869407
C-38410,7709.238500432184
C-29082,86943.79382264106
C-18135,27991.351987904258
C-29990,54169.447354877084
C-40303,148843.5705739662
C-7272,572.1150413528449
C-597,2802.4645597185954
C-31715,60751.415279931
C-24447,10061.247440829087
C-49288,35647.98347775095
C-21364,138882.97303077177
C-36505,46668.333700178475
C-27839,5294.548697071987
C-24489,40732.37529170183
C-1733,46044.93058531245
C-1896,53882.51339363143
C-46188,110706.82068520892
C-42426,7874.022978808709
C-46926,56555.26802065963
C-44280,30499.078829573224
C-32964,-6755.181777020633
C-34966,28311.82979784384
C-44568,59998.68369316767
C-23241,48105.002495752065
C-28807,43800.61919905143
C-31643,16745.98339367302
C-36418,24818.02144784767
C-7101,54073.24568501959
C-4218,5112.24613548191
C-43945,180521.7894409236
C-10623,18591.369695398294
C-23629,104921.53655920259
C-42934,-501.8012574432505
C-30438,13320.6947019156
C-17008,66798.33078633543
C-39663,17138.82990439057
C-9187,12872.904856011148
C-29432,89188.97515820134
C-12626,138935.98989493694
C-13177,25480.197244041185
C-17259,21208.898848445035
C-15460,86562.88576339287
C-3514,2750.3866157729717
C-6121,117304.13935603068
C-44713,91790.26323328492
C-14887,112071.93941924235
C-35718,58081.503024326164
C-9750,8261.54242133742
C-45297,24513.685352196848
C-40119,33292.95133098524
C-175,48761.97421574951
C-41482,78334.69261046617
C-33849,-283.146497379581
C-6327,63007.45649157318
C-10169,30280.25101871704
C-460,27452.96383484529
C-39092,7371.367294336138
C-45752,116700.11111829923
C-48001,52021.76677051351
C-31469,94508.57726812619
C-30397,43078.27732112124
C-19183,81206.62816584247
C-21168,109892.44768170132
C-47676,36676.31111295905
C-600,48169.5793166966
C-28112,94930.73491899724
C-7487,99264.44413613848
C-45162,7545.091977719749
C-2539,54193.43316794639
C-22771,71460.75396890295
C-14773,16680.667344523965
C-7507,82759.93437464224
C-24809,87082.99628065208
C-15953,72610.46191901327
C-35193,180849.63630739046
C-3118,34570.534732979046
C-10488,83815.9937759324
C-15573,39065.150660364554
C-41670,12027.739380906103
C-39926,43888.036696116425
C-30559,24850.48377067411
C-21297,76097.2175869381
C-27666,68038.83024812394
C-27011,1022.2619176749795
C-4274,38330.65815264982
C-38652,45605.813992924304
C-15987,13527.93562465458
C-20347,44154.34176137921
C-34389,61184.263405834936
C-18706,125159.45515236822
C-20963,20043.42078004251
C-40419,10307.006741188387
C-1298,2056.7002427984116
C-10572,52274.41669875094
C-7995,47380.61785130549
C-45952,21917.761207406526
C-22151,37796.61144500814
C-49294,66575.85750255821
C-5698,-851.3750282094406
C-30248,10005.278373754387
C-36085,23710.76620821436
C-38963,1179.2885734948359
C-33418,-9450.020553610186
C-46219,33171.642585678856
C-25671,42244.80886216623
C-2124,15950.640681121906
C-49697,55462.47164083213
C-46251,125463.26668776077
C-11725,91102.9658263838
C-27249,12755.494263132932
C-17361,18858.883697848534
C-41384,29492.082685519264
C-4143,103130.5439582136
C-17294,130523.87862111384
C-46548,84299.339321677
C-46323,61692.11001415587
C-44066,16387.282209601162
C-7122,109346.44821599685
C-9336,16560.846503154404
C-2066,77041.35238762709
C-26224,96758.13056227186
C-23923,44095.47443539871
C-3102,46405.00549274209
C-32757,38176.214163520264
C-35088,114055.08078447267
C-29782,150752.6170401622
C-29718,59613.80699752925
C-24032,77583.05769605415
C-18003,54939.31089916988
C-42445,44644.4161522171
C-43393,35976.57393434182
C-22060,51369.11181312814
C-31157,127753.90940141339
C-38218,37270.93550563446
C-5199,39101.243967185954
C-26135,66357.01127334818
C-48006,107974.13796487114
C-21470,52055.08774798035
C-8536,23501.788511225936
C-30199,50569.005616208284
C-12104,44106.2917452959
C-36408,40999.04008865116
C-41300,19066.11849441268
C-19149,695.1595287984164
C-30145,48744.64376659765
C-38051,44707.275226071026
C-30323,120480.40171501327
C-24280,107111.95870965022
C-4611,50659.75338304302
C-25009,34684.03945214356
C-42210,62138.15250146543
C-5948,53437.67296129099
C-45905,58062.18618434875
C-33217,69930.81365860645
C-13288,40789.1722755643
C-44611,23204.527947179187
C-43194,65673.23298327345
C-30670,15055.684976832657
C-39776,31965.851831053285
C-34292,30102.664303972182
C-364,9942.084524932761
C-16690,42848.99751458719
C-29971,19328.4590255505
C-25894,24477.64347294126
C-32726,38996.85314574476
C-18513,19933.685739532033
C-30056,94493.0858249953
C-39859,70683.54060463214
C-46151,27120.015407532926
C-40162,23753.725867498357
C-44672,22274.20256185707
C-47797,62067.619586133864
C-36521,42136.626814681425
C-40489,62082.481748819046
C-10880,94911.16430025437
C-6478,52625.954086744096
C-49619,28034.0070383527
C-3196,6656.3977182383605
C-20878,107820.31107630846
C-47945,16973.530821049433
C-29648,88939.275299187
C-31984,93697.85445187236
C-18498,9995.405490631601
C-417,97366.27638705712
C-3867,28421.444899234397
C-17940,54498.49746005352
C-8448,2603.030607936671
C-18525,39365.466961505546
C-31557,18204.84849039933
C-49133,30903.338752202784
C-42620,37679.811322329464
C-45072,4421.306382433424
C-32317,21584.798059254634
C-35522,98931.71423166586
C-42295,1694.8226937398213
C-22563,-5320.287914924513
C-39659,-1129.029721641884
C-35306,29936.581255748788
C-11821,32156.266732990654
C-35025,84824.2927592723
C-31065,51391.45141662496
C-18682,33313.332536040165
C-15941,19350.33161774588
C-45190,-168.19157327525318
C-4145,62223.849707484165
C-15477,27871.61246753911
C-42799,29646.819177099656
C-16891,6682.7275173947055
C-43874,3662.8683682547344
C-39934,116447.22212650096
C-42682,136492.70978897915
C-12935,-630.0821993418213
C-17619,28369.58190705911
C-30338,27238.412671051323
C-30503,36486.18785600381
C-42259,2814.892567370749
C-30524,208481.6186027911
C-30100,125401.18740434699
C-559,19415.21295121799
C-17552,29889.165826080905
C-25156,31582.236564287647
C-49615,43237.49916630424
C-47965,57163.5153960728
C-26549,31224.548681466527
C-23662,44260.21763147753
C-32009,10441.894966176958
C-19356,49470.198132074074
C-29076,-2633.8901664166115
C-17423,40296.37619468759
C-35612,33406.58207460567
C-32297,6081.3723998555215
C-38631,42574.8159850468
C-23715,27725.82635203356
C-119,30282.12492921335
C-18089,70418.89214994626
C-33459,26955.86560324811
C-48548,-8994.179506365384
C-42392,17990.95006100484
C-32827,117552.43627931856
C-5054,85479.1685761659
C-3462,48144.771631703494
C-19524,47105.1939483929
C-41142,11097.124353839288
C-20367,105343.44811356405
C-16066,50063.44396171014
C-33918,3950.285338601083
C-45588,112651.57034705963
C-10942,63386.092283373364
C-16309,73081.60448809675
C-1024,64305.21323250911
C-44980,72037.38514717798
C-42661,22528.372417001152
C-41144,48182.34421900971
C-45371,36215.72654667003
C-13019,65862.52185459335
C-38156,6069.703912603931
C-45996,26469.361531450857
C-30178,33462.94053250157
C-11290,15735.119000159408
C-3065,-2137.5729049874208
C-30425,29234.56004159659
C-30576,3981.780372673835
C-45423,96475.69007701919
C-22790,19428.024014445637
C-23608,110132.70425687692
C-27159,63264.7876525904
C-18061,7567.766222968363
C-33777,65585.91576606255
C-16613,24528.711418667408
C-34593,36474.899504123474
C-7869,87662.69016278122
C-14701,12609.807374550976
C-20501,112169.29216300866
C-37488,-4028.357128118223
C-13768,3221.0202326603176
C-28663,48516.18151642003
C-30854,12463.645845051113
C-6445,6258.59684110088
C-35815,32521.598975614976
C-44481,59943.28691839729
C-39400,17748.886417348996
C-47492,46287.31931370284
C-33159,6255.780702099815
C-1988,18208.695128717132
C-24803,140403.5116536927
C-40887,46981.60373109902
C-45607,89142.39926877228
C-21383,34677.19892695238
C-37571,57662.29043723803
C-44346,31875.021809657224
C-11904,-574.4333374471098
C-18999,53263.54913662486
C-26552,49936.680256290994
C-34796,73748.75736210484
C-493,8028.6706428287725
C-17767,23522.045246625676
C-35902,25840.183322002857
C-34724,36330.19768565973
C-29837,26257.585382116085
C-22682,66363.61484317994
C-36430,-2313.6313743715436
C-2732,52424.20822661015
C-38728,32625.78626774565
C-26862,30184.55932023225
C-5973,55548.21678371845
C-46952,139039.96918418864
C-17967,31348.989067243456
C-405,188228.89641679847
C-38579,36716.347104577944
C-4769,64799.7330782716
C-44511,57411.230286531296
C-44026,35418.67137547626
C-29021,26851.19269986455
C-11716,52743.35726354993
C-1059,51296.49862794206
C-5544,9069.458029893343
C-15566,41924.1710177383
C-26896,103715.64493026113
C-44815,49731.30208537482
C-28789,69292.63510153527
C-19212,17515.024608333024
C-10515,155988.19210971828
C-6444,6675.630403368421
C-7137,21030.025687747442
C-23806,61677.14574564791
C-13724,77043.14807173576
C-36039,70959.68675907832
C-35675,31050.78200173233
C-19916,29613.401347273182
C-2187,17249.342261493835
C-29007,37279.47838017071
C-33998,98692.73639109111
C-9359,10789.073654189116
C-4836,124200.60807390421
C-48867,109787.76596254777
C-3304,48679.51032526739
C-22055,30809.06736979277
C-49090,8398.996884977758
C-49226,24452.86677062248
C-9491,113666.90418730634
C-44337,420.46623107773485
C-12333,66061.68296271963
C-43170,80191.8660492433
C-33279,31495.706628502663
C-13120,120570.56171027318
C-35332,11479.496153406217
C-29692,57604.76997996607
C-2979,20097.4906818543
C-4412,50230.2502760678
C-36987,39920.062408467216
C-34956,23943.560359826006
C-6344,100779.4285724376
C-46766,121257.66975413193
C-47493,45429.62914063078
C-7712,66012.23619359691
C-197,25353.169630279845
C-4241,7400.237867785232
C-5467,22698.81658647628
C-30093,12907.845578415334
C-14302,29252.14845479117
C-28545,8891.694973317492
C-47845,68380.31526764436
C-26340,123142.79272425969
C-41348,36277.37007737908
C-13489,70363.35546018643
C-33053,45927.45165764156
C-285,30524.873946438078
C-1689,22464.91453465828
C-39821,37565.92417900469
C-9955,18919.542810971863
C-12866,8901.288693460927
C-30305,60324.321414766404
C-1968,11018.807693851057
C-41687,61733.45044051412
C-46113,28712.043514886533
C-32056,62770.27720053423
C-6318,48706.08408680979
C-28267,123459.56987408658
C-23650,6253.295747639844
C-11387,43498.61331376335
C-5893,3524.193656834199
C-43173,67613.51492494592
C-13184,-4556.886780210058
C-32385,64101.71064034478
C-11618,23415.636156078697
C-22135,12563.597782068391
C-48577,89473.81967030303
C-21672,24124.639673321224
C-37133,34404.47720352192
C-49305,74013.6010715008
C-46887,119877.89418618096
C-47565,65260.858753907916
C-38978,14704.526445654978
C-32222,20995.039210846327
C-38633,7258.942877489164
C-28589,190254.51121854148
C-25867,22292.427782684783
C-22573,37199.694263634185
C-32029,80804.82713553542
C-37436,24350.238932695294
C-34057,46479.037418639375
C-37989,16031.266130776683
C-39972,45224.098044495826
C-34900,36443.1958505267
C-31853,34306.442060380374
C-30766,80202.51060558207
C-22610,94133.7662013738
C-38856,83855.27276269722
C-46752,35144.55803872927
C-45986,136737.38587310686
C-24449,31825.797143451437
C-2773,7228.436691101662
C-33732,69862.22372533414
C-30335,114688.40140926374
C-6291,26254.175344206647
C-31746,74774.9634804537
C-1898,14198.577163812122
C-761,51561.02172361754
C-8250,42336.73005367973
C-27441,46065.72852754657
C-4496,71160.09021865678
C-20417,97096.77517006817
C-39316,36853.19855504296
C-26955,30234.65813970956
C-5118,64053.77159443229
C-19361,29241.164914841214
C-43099,68183.33709894272
C-12890,-4793.579330343084
C-49251,5104.343368360642
C-31455,24108.665025737566
C-14224,-9869.284996853763
C-41678,56119.36177492642
C-28191,3813.7887053672603
C-29293,33705.88800852646
C-11619,71424.98751286467
C-26894,14047.434480425385
C-26342,88161.84235973505
C-34439,5135.627227968405
C-40430,12624.476473464543
C-23677,44845.326214444256
C-31640,41136.054387932316
C-48768,39765.43498564168
C-37180,90296.65559160511
C-27686,14235.70323646041
C-30139,46066.172579637976
C-501,28848.313416242192
C-10366,14697.063483830905
C-6164,53827.33712561026
C-3832,29422.238410523816
C-8066,22710.301698067447
C-39579,43443.54733380348
C-48136,41232.26462605316
C-43999,30557.267794665477
C-24424,122110.62336553332
C-30115,23878.488829679085
C-20010,20604.04970160097
C-43511,27993.427903594384
C-5109,-1691.2136987594567
C-20989,88879.06446144261
C-46636,68708.65297214678
C-45786,6225.866426212873
C-28319,13713.826198042974
C-24158,-6601.863950330728
C-45387,10676.833648286804
C-29498,3147.2749714046804
C-37809,56781.806220146915
C-29237,21742.741580325022
C-5907,71662.21541230897
C-38549,39989.1547990775
C-45890,38219.50914659012
C-23004,26232.570625387172
C-40104,26449.900036458217
C-44702,36175.22333093679
C-24157,58430.83729936734
C-2156,33460.155017801575
C-19348,16341.433427236247
C-39310,50855.082027086624
C-1746,76074.43642156836
C-13135,45070.44710960458
C-871,47241.08182891736
C-39212,18379.91185608402
C-16919,3629.455998343692
C-43951,-9865.469032104302
C-29510,14766.768382939721
C-34456,57594.60872441878
C-5931,21577.183471238037
C-12137,39103.45103952402
C-17738,17817.577959313356
C-13931,-6139.649702704803
C-23123,61446.95764697666
C-24089,1715.7600002900217
C-9742,56176.328090858864
C-13601,68009.8293954549
C-40014,63723.06559719154
C-46316,70414.85754436687
C-3432,15226.17727720568
C-38008,101873.51216203376
C-28238,6600.126912147643
C-22866,34850.13008783724
C-41212,69498.47797255122
C-18340,-644.8095342187298
C-18146,46056.676025933295
C-47799,41811.69142230575
C-33954,50395.03021905658
C-18054,111559.2720566718
C-47748,-1734.7961352433922
C-11124,33052.58100262929
C-20930,31526.94367772493
C-159,-4520.712551153294
C-48280,59492.194891883424
C-28468,-2392.8467499928956
C-36978,69447.56580536503
C-44819,75020.02452473901
C-23383,48965.777327605334
C-23951,74204.85405663925
C-5498,72999.74678284625
C-4183,16834.391833480833
C-1283,4529.581465417927
C-34781,68883.14285195907
C-18693,80661.2730253879
C-42278,-1646.7981206309341
C-13982,3911.522819775244
C-376,44620.289101245995
C-33061,65313.39630000111
C-5342,32265.888690324595
C-26677,52744.465160861284
C-17765,-1551.4231113461574
C-27136,42685.39318728902
C-14862,90424.84034699426
C-20557,25406.210010801173
C-23720,51012.81213690268
C-44570,98643.20692278205
C-15730,20770.893144506113
C-4599,68685.2678345739
C-7160,25035.215314697976
C-24797,38320.67703369153
C-40600,43831.613868384615
C-10531,45201.08380321809
C-32719,9032.575154885752
C-38980,55121.14704194956
C-17717,75893.68565006118
C-13143,33326.41018061773
C-27357,13547.721852311428
C-36125,112257.13560142723
C-35555,51455.559761458346
C-30418,-16999.87334609397
C-9070,91705.98145777585
C-2357,-1702.7365311520043
C-44943,24512.017987501124
C-10204,51797.820536855885
C-46070,45444.94413202343
C-42515,46748.65765357682
C-47037,27136.108902596832
C-19758,15830.046390123804
C-24066,99377.11993962176
C-45523,182000.1240301975
C-45835,82780.39347547639
C-22013,75704.52479570222
C-23987,17127.362412870938
C-25561,23630.362513372263
C-42062,33409.018434620375
C-11021,88552.36369969897
C-9807,39730.00549434562
C-9809,77666.61973615039
C-749,36239.37786874702
C-41238,14494.871348167639
C-38920,21497.155267740298
C-23559,71188.25769992788
C-33707,8218.463464066219
C-41338,21946.655142455045
C-11411,33054.27594215779
C-31866,22085.51259516504
C-37260,-222.94252332694305
C-47151,115173.94154104611
C-44124,18656.34263644312
C-33868,35810.253149437296
C-35057,53939.29436195565
C-46508,37594.95814747891
C-42454,44264.799627777684
C-29169,85283.68946252053
C-46907,25859.411308914336
C-49671,46597.021276544714
C-15995,932.5586577542635
C-19346,65809.5705609273
C-24718,98568.78558049304
C-18791,89653.96702682815
C-45129,35216.33363892102
C-28371,10110.353761309074
C-7693,71932.95149922403
C-16994,148018.406027544
C-15339,2733.775032838923
C-6531,63987.19536154351
C-2491,32409.504136754604
C-17330,64228.29889254845
C-6803,56132.03100138261
C-19019,64272.658943011185
C-28216,32395.64884379286
C-47932,57316.232576968374
C-18452,23422.62787117574
C-40266,41316.05991326654
C-6595,87665.77992388849
C-47649,42312.084554646135
C-32312,85122.03594159608
C-20892,-4628.8053664902545
C-11603,83830.90030902761
C-29577,126897.4875801287
C-46821,3383.2761114455207
C-19382,66378.17823159379
C-3013,42880.41493379557
C-2684,63716.90931023272
C-8393,37084.20836790028
C-9636,112892.00478313261
C-20393,81215.96284002741
C-30630,126915.89106566121
C-5209,38416.45970011453
C-13739,67388.78530812611
C-40274,32270.8238852715
C-28205,33621.28422381019
C-21992,57435.6359811772
C-19792,39578.19360287673
C-27495,-3454.451397927929
C-35089,38911.89981050661
C-27207,36330.36165886065
C-41335,83854.42032148322
C-18507,110358.7966006499
C-14086,39822.57896083878
C-25437,76274.53498894919
C-20670,57.63874265457707
C-46968,61228.870063517206
C-43058,12645.439831158612
C-33845,72215.5514053469
C-35887,58452.33391772363
C-20455,106921.97794472252
C-32646,29125.444384282986
C-25199,11243.126938202215
C-17794,39647.577795101075
C-26367,69731.88266441546
C-6540,45506.569072648555
C-45847,7003.9707118621445
C-3634,45156.21654536319
C-23425,23472.740737837048
C-12001,105509.66045762823
C-38626,14340.027921462264
C-23335,38434.24612471588
C-1939,3162.6265701069788
C-27738,44914.93718135766
C-927,54784.25497521283
C-43387,92273.14456162036
C-11432,127436.9312956341
C-19046,18252.57007791855
C-44418,21636.917212927645
C-7233,42991.78351248676
C-47159,-5147.409795454005
C-10287,8876.54483081583
C-3808,69063.92107834935
C-12721,41797.19047368452
C-33708,98508.34497201198
C-29143,45090.48747461006
C-39345,16420.99891249864
C-25379,30863.427924259275
C-2616,20929.96238967983
C-27193,81051.21161594329
C-35821,22573.714193179032
C-5204,77623.59278996073
C-14451,-1666.080643442685
C-38849,46426.51810918345
C-44396,-206.64529335213592
C-24166,1628.1333435039996
C-11270,20111.63820527382
C-39549,1112.6944170981733
C-36861,20256.605506470794
C-12697,56394.27383458533
C-41256,-1703.6836605620774
C-37306,29678.75472060681
C-16236,10519.49803326562
C-5364,16076.80972021987
C-1159,36.579371545492904
C-37850,9463.016775203745
C-46502,10853.592138174354
C-19625,21497.61031828911
C-18327,19672.278179458983
C-18370,81143.51140219098
C-13957,63865.61145120632
C-12532,19929.443627932313
C-19030,25600.229993289016
C-40885,72566.4515957484
C-8146,50867.90055471263
C-43800,29011.357669629393
C-2821,35417.631543244795
C-14872,108371.37639893868
C-20382,39867.49020155622
C-40219,986.0388931973284
C-30415,96773.94671168076
C-34843,39750.26167603301
C-38569,67577.77155771293
C-1841,54532.493668175775
C-21838,71799.4737063827
C-7966,45222.37505291718
C-21110,18309.918862298575
C-46164,79248.49342239389
C-1540,28753.815913985283
C-37564,15552.22432221983
C-14449,36551.2586236063
C-17742,86096.14249582967
C-42005,19289.089523846815
C-9889,15331.600344095143
C-12882,36444.12873865255
C-28176,34350.17488157006
C-30370,181727.4874110563
C-46354,82167.44962908454
C-4272,8825.02891799029
C-5953,49795.03726152661
C-38795,16969.749000852684
C-45076,94404.3587505983
C-16619,72028.283331148
C-1409,86047.3285487603
C-6783,42369.614280955575
C-1751,106383.67877664536
C-6897,47265.08986181335
C-32878,132523.73781765485
C-5737,38366.59350397564
C-39850,73490.05879227714
C-5378,19461.962287488597
C-35538,66903.11856751595
C-10345,45579.95290500595
C-10615,12415.720291935984
C-46368,6880.840182534419
C-47111,125293.18339729155
C-41460,30105.303025374604
C-32960,35772.51525747935
C-15801,107143.1842155674
C-35278,24126.992350095665
C-13654,53022.07981165682
C-2093,18449.76621810086
C-36246,2293.4509280678976
C-31309,24579.09163463713
C-4437,56516.65372249884
C-38586,90853.94256022248
C-37640,81068.73325837438
C-30583,156120.6377333408
C-1471,29923.13044703503
C-42809,12291.916494721016
C-22869,81562.11125107415
C-49763,55447.44892119525
C-20763,34157.97699077115
C-41539,81248.41716673545
C-46490,40412.97840953919
C-18194,63803.89768854476
C-31740,7359.455427524052
C-25219,152429.46720677026
C-46736,48617.977367707215
C-24446,12811.917767264145
C-27688,59889.8304063793
C-13318,96849.74731016721
C-33335,62579.46457370478
C-34010,7167.704547786299
C-30443,25788.745512143076
C-3272,106040.49982212481
C-2940,185924.04879594792
C-42456,5967.786996578281
C-37135,47469.92793803502
C-7625,23082.365230197443
C-37957,99220.30766159164
C-11994,43932.46405207208
C-42957,56360.916767688715
C-41129,-3107.608678286728
C-38560,7295.703505990161
C-13600,16303.239563453957
C-39168,69064.93477065535
C-16949,97264.71352504555
C-18142,33953.642093600094
C-27871,2543.0218038957537
C-15307,34099.54621603858
C-35954,17984.666375845394
C-20802,24095.327575323274
C-26097,58695.79432946127
C-41235,67221.25907995371
C-10532,14108.593133791554
C-24405,153470.277302364
C-36355,23502.585458032085
C-49311,58361.04633095409
C-26783,25705.24314446208
C-41395,47957.977529491785
C-21686,62913.23721136744
C-22102,6022.887556984126
C-3552,32892.1668789058
C-36997,82132.8334246579
C-37760,80194.25411035803
C-20458,20827.98046534681
C-21773,125728.94551528414
C-48148,37119.20872216523
C-43093,38207.42957125619
C-13505,52747.10579457847
C-16188,56365.42002737686
C-9921,97801.7350075471
C-49816,23185.337531840472
C-19535,29422.962020752435
C-27268,128134.22412247438
C-252,117515.93724695635
C-21624,41258.81726837445
C-24189,39182.930906994196
C-32694,48418.571650690705
C-15780,26345.051849540596
C-14678,57099.26217636258
C-6175,39594.98247815956
C-28060,53012.11682102515
C-26861,9159.788737212453
C-29897,45175.99005258877
C-12315,-1774.305292743884
C-23231,-11457.872754539756
C-25617,25603.247054177777
C-42741,15974.380981127619
C-37741,58845.14745494202
C-2306,24103.106491194696
C-28625,9400.888544888861
C-14318,37590.092837130636
C-2261,59244.93008697282
C-28414,56844.83327038082
C-49949,16794.061066713984
C-45840,19089.699421766763
C-5292,11986.803725598918
C-21941,48676.09374678822
C-26626,45921.978854470566
C-41855,156440.25204762025
C-25322,69006.35551943061
C-41193,32638.769164374666
C-11502,11786.577937783462
C-20994,45635.61120095721
C-22173,76755.30367830355
C-1202,60121.54777548288
C-39598,30427.113834424526
C-14357,64505.20975868327
C-15564,30304.308505410703
C-48220,31967.50410339027
C-38189,43382.74264276234
C-44704,49302.67229928107
C-40420,11132.959039693444
C-47880,22896.14015652318
C-7520,69522.36027012373
C-35764,96949.89452634983
C-43802,26451.470159922792
C-15228,73051.39427832255
C-39642,24861.374193061823
C-1863,102993.3144725943
C-47075,1130.3890839480155
C-33345,46135.295633266986
C-15474,136190.86877478415
C-45136,21753.57955385272
C-43847,25845.36262141377
C-19516,48017.05997317336
C-47277,37830.91650934611
C-11546,38201.457012965955
C-44844,64322.13800098385
C-954,72081.60348840163
C-25775,29222.549524159807
C-24262,55379.276891258894
C-1320,97272.51494629597
C-20177,114292.97556861893
C-45735,9203.2654448096
C-2532,131845.51802222733
C-40426,35937.89652271893
C-17961,86684.71365339114
C-17984,24191.74323607464
C-40657,30061.841159237305
C-14416,17275.197336816236
C-33323,78511.61448253867
C-27233,83400.21566665979
C-30174,97374.03354550431
C-25273,144859.41430276053
C-25707,45411.99773767677
C-28165,52274.80628568083
C-36079,39244.936789541825
C-42257,87428.62085136937
C-31153,15361.772176230246
C-354,5759.194742578147
C-34188,34795.84793794985
C-1441,35645.802490591566
C-23778,50912.04002878658
C-40207,107016.55093981363
C-22148,162448.21552401443
C-16215,62637.66101814947
C-30304,46624.26760630256
C-5771,5266.091570352728
C-9964,31936.871920648227
C-31019,135459.25955898137
C-8644,9330.345316314335
C-6139,8359.913118618279
C-31336,22367.728962143163
C-7206,59822.951380272236
C-12425,88709.56017345854
C-37803,58546.43765603019
C-28095,67010.28842525861
C-47933,-2446.9680540513
C-47736,12505.954856976794
C-41889,121899.88967294559
C-1472,140949.7888819583
C-12340,5635.0512366160765
C-4100,39817.29532956484
C-6013,8034.151146628283
C-2998,105514.14862968877
C-34782,-356.7208923127182
C-26438,24745.52166707628
C-7421,-4577.302085312687
C-42976,30143.46983452435
C-14842,229586.28362149256
C-6119,41298.60152315182
C-9121,72360.95004857688
C-13631,5824.415925677007
C-5988,87520.06010157254
C-25430,57852.53076801213
C-31268,20136.15068247878
C-25123,-5281.989095136902
C-40402,8811.711054295665
C-15726,4454.116077231956
C-23173,58775.63180725037
C-24413,21507.21668645949
C-34828,80233.94130335852
C-7523,85939.41524567225
C-10469,83037.37997746194
C-281,5851.357118456355
C-8284,23351.230857996496
C-32813,10636.471849322843
C-48504,10932.249423095418
C-9197,5751.746215107814
C-43141,91712.42031471213
C-40725,61504.24352426549
C-18970,33928.77498641017
C-5895,33624.090560836456
C-10352,27878.339999227046
C-26521,38703.22690618434
C-43571,20189.2570253184
C-41971,7281.387339270586
C-5873,66709.63953084074
C-5356,37337.25243041376
C-22392,97152.77312817182
C-43342,3555.2133086958347
C-5279,16621.814879967893
C-36201,86833.01469770753
C-23338,37828.976532469314
C-31056,38788.140031879055
C-30992,73726.87501552238
C-2312,82760.20652297261
C-25288,13031.17440821587
C-37487,45629.48939497298
C-17085,117829.2547209019
C-13183,71850.998357413
C-31073,59855.56769365537
C-13953,98484.92982033108
C-34065,31178.54892485211
C-13858,128982.48196007869
C-8820,34781.07793253672
C-84,21807.777824850913
C-47384,7067.596354850502
C-11285,65402.22292732181
C-30001,62920.09076464242
C-37393,145109.24463625567
C-2877,9444.694630184807
C-49126,20268.957540589425
C-16450,53559.06331278484
C-5164,82587.07134109864
C-30004,23421.98658744526
C-20037,121976.80508813863
C-24917,55176.19010323612
C-45734,61735.51598887093
C-48789,79293.2239979284
C-38109,7388.72812010326
C-25403,82331.77629084922
C-20752,31434.26759363742
C-2548,109158.66487686397
C-31162,21435.016178394697
C-45513,38939.54406768939
C-27289,59899.055287720235
C-9023,72203.09524169397
C-4114,-181.4947345587716
C-32051,4367.06024790254
C-45594,96744.45539423356
C-15652,43560.11463021944
C-32098,11242.615126917059
C-3323,91752.78197322348
C-11899,12381.275859491128
C-29771,118641.94316059949
C-6788,26093.026199367916
C-24341,77648.64525435146
C-34987,43147.425234202456
C-14022,25636.699208555456
C-12740,69429.45904615815
C-20921,40507.21527465168
C-8695,29320.306583199992
C-19061,65429.91203439432
C-47585,30309.620990862917
C-17597,22363.67910374794
C-19383,-7925.787040868723
C-8927,38449.51860579144
C-32781,-6485.587475177061
C-39063,48288.89064893149
C-23536,95164.23727004227
C-33660,46324.513786479474
C-22182,26946.80606292378
C-29848,124352.35138756262
C-36174,35705.560557387624
C-32801,-10323.143924281045
C-20618,47968.21413866801
C-10035,105280.20373177687
C-22998,60231.51402942788
C-27285,122887.25231209454
C-32176,35181.59224312271
C-11787,65193.55436603161
C-44357,43407.06322711506
C-18097,29315.51283405271
C-6359,6083.611822154577
C-22559,36886.37743155015
C-9687,17700.614268641417
C-1747,12022.65290912232
C-9192,67958.08018131087
C-24526,25265.859025828526
C-36353,61431.542247774596
C-42610,39199.572651930896
C-11652,98644.65106533415
C-21546,81225.20994148587
C-503,9128.39703893147
C-15939,22194.95877337927
C-4738,19926.604605865366
C-16435,51407.64989059931
C-44394,16530.000193775755
C-14910,65606.49818009308
C-33214,30389.63478062218
C-47696,46342.75626352371
C-38337,153447.17947876372
C-44552,41801.66013405209
C-26630,35054.311226747945
C-28398,73448.45016260598
C-36205,147324.18769996762
C-14696,28691.32328282958
C-42042,88775.47191143307
C-29941,43932.14993484363
C-49347,56334.71938165848
C-4666,4150.146299965621
C-48065,-4100.681229696274
C-44880,64200.54112435443
C-39335,23106.174809213215
C-25848,15315.495148973976
C-24867,13371.752057923019
C-26113,123920.32251330801
C-26920,19980.145670393955
C-23533,36071.42847788622
C-16231,-8384.477967085346
C-45349,23595.767393820366
C-16354,123592.20424129836
C-35690,71100.33748527104
C-30446,22732.143579989523
C-24634,9806.681874235881
C-46210,49398.057588526295
C-3435,6957.684455134164
C-46180,79508.30639096271
C-3525,61527.3464877758
C-994,34133.3006101209
C-11749,13032.782580147454
C-20049,31004.728771741655
C-8769,68455.5521289258
C-14661,21518.06143302133
C-40609,39389.62428722462
C-23,39004.97103030562
C-6865,32603.202115413616
C-45524,21243.629961329356
C-46286,52410.128392516744
C-25909,39506.984496407174
C-3946,-1120.314917076801
C-21004,32696.636511727833
C-324,35645.20553852538
C-5688,67388.74184824289
C-4340,59960.51222990379
C-10108,651.8706225242058
C-33638,40182.143648964986
C-19374,23323.18624748168
C-35259,19606.564751970353
C-5874,147690.2649283727
C-36604,125907.68510339572
C-25679,13770.40960350589
C-18616,60625.80678262908
C-17598,65232.45975528467
C-48098,40826.2358572767
C-36319,54309.99562808047
C-40007,40945.03571919933
C-35546,4172.021229002014
C-44975,44485.82215218171
C-15482,22842.33782877754
C-3957,32214.48431890588
C-14551,49623.785261471705
C-45564,95014.51689757936
C-1714,78617.00482624336
C-770,13437.227627217522
C-22693,31391.681640942625
C-13624,14775.954783486071
C-1188,4600.675552822533
C-30857,112813.01003090097
C-45104,103510.73191108696
C-5485,76446.07560798814
C-11625,79988.96064938726
C-46781,86827.50051781317
C-14823,61068.41554454518
C-2597,25283.190332252183
C-23874,11402.334049683632
C-41841,-2938.582428248039
C-42175,-336.68755014878116
C-30802,10477.171676847567
C-47202,34064.174794254504
C-25069,32902.517680988996
C-21576,23582.63260508619
C-13616,138265.89646681456
C-8261,40904.748797931425
C-24310,10173.340744038556
C-9633,51277.87435595503
C-43347,37414.64282378143
C-45533,30668.70055869052
C-32371,22184.132498471696
C-7837,22219.952734531744
C-19455,37499.19697746525
C-22479,17076.15618614161
C-23563,19481.660248082604
C-39750,15777.709257700117
C-30345,68511.25220849246
C-28209,179959.64345682587
C-49710,18652.8398111068
C-19220,26386.98796067353
C-30478,21221.581707673475
C-38262,25785.234437337036
C-1481,47724.34788341396
C-8676,36297.30111604549
C-5226,54247.19212873072
C-47678,3029.4530213279504
C-9086,130386.46738557635
C-15644,5326.364378172089
C-23739,26103.72114338621
C-43915,-10751.123693316738
C-49606,50752.619576051664
C-36035,36550.748375712166
C-3448,90238.72259672816
C-7673,47633.619542594395
C-22943,64744.27204691272
C-24010,31061.643505314172
C-46609,37299.844663273005
C-26529,92433.61866301879
C-4905,22335.888799662796
C-29788,-14140.546875501721
C-45776,335.6777745837171
C-31691,17814.783357109685
C-5654,25807.97323905008
C-32119,41901.08538997194
C-12716,143.2859976940308
C-36015,45228.92802582659
C-2913,2930.9306379585105
C-35786,-3039.0581712940184
C-45668,25496.017737280432
C-9377,70583.58049370944
C-10579,23567.49454492981
C-41721,43017.38008016634
C-24907,44299.69808766793
C-18118,22715.91762216136
C-43410,51964.73109249373
C-14547,50141.11465580184
C-9558,81644.61056984674
C-4502,21936.113497758408
C-34473,42398.25993966161
C-15324,53324.83572730927
C-27770,16274.082986390611
C-2168,79358.2521275504
C-16138,-10223.933407565244
C-45169,-48.23642440630647
C-47176,5008.292807640377
C-33822,40874.48908254058
C-44332,84304.02981119718
C-23260,16079.315744582844
C-19020,65218.79343961673
C-19550,56377.98701468548
C-21569,55564.194882144075
C-29037,48140.23350365995
C-28318,34163.88784978066
C-33340,63461.30804137976
C-25579,52888.43716764422
C-2639,31245.605419602234
C-40094,52359.920304751606
C-4300,36482.2455868754
C-2901,94697.38547631456
C-48403,20602.021233439227
C-36018,119137.64989570965
C-29517,21490.38938979567
C-4650,50540.192555343
C-14023,101757.10156513513
C-16906,61745.67481030054
C-47230,135668.9050313112
C-12920,85459.36819531603
C-9498,71755.00584555505
C-14101,39892.49590116725
C-24433,21756.331539042956
C-40102,65483.58249953864
C-3257,72180.60554820673
C-8482,21499.541301009544
C-36804,11344.715546497733
C-42038,37267.67142093979
C-45159,50070.0270404192
C-46458,113625.73295030055
C-20789,57274.0140813215
C-34915,-115.03310223744484
C-44386,37813.51257897429
C-20127,6878.325292846246
C-29316,80180.17112920056
C-18145,2061.65600210517
C-20833,11533.356766831908
C-11452,39852.19058473907
C-5298,168.0860534277963
C-37614,44676.37221807888
C-25569,70358.89330556478
C-13160,50640.25147003013
C-3695,19705.636651327946
C-15250,25939.718714268776
C-43441,17452.76926812036
C-31459,59399.05938892688
C-24652,154519.14649453672
C-16107,88335.58929684221
C-26390,100942.8713781327
C-43248,22811.78880440275
C-627,68669.45967673034
C-29959,49269.117727949895
C-44730,12571.644924116415
C-16284,122925.6016525437
C-5867,55475.371120046606
C-42422,143337.75195890054
C-32556,38902.95680461415
C-26130,104874.97931499279
C-42565,12783.193623812382
C-44297,42816.514666192845
C-36655,91074.89144685434
C-49675,74711.29763749542
C-49472,58563.16628687677
C-48644,73635.26000126604
C-17582,19424.080982955486
C-34412,86471.88989590356
C-45535,-2303.2123965533174
C-48766,1788.2100917742355
C-32059,63905.082145333654
C-31924,6953.565573457337
C-31293,95605.28601979009
C-46517,42485.926595527526
C-802,47054.17791358893
C-32380,84169.04073135201
C-44253,25533.872120836026
C-38360,14139.305502735879
C-17631,3111.5763577499383
C-40902,19556.113593656228
C-48817,24678.639857638318
C-14753,159241.73139771976
C-15728,1934.727796011597
C-24236,56797.27638456269
C-48294,42603.68147777791
C-3069,42534.25523931168
C-8244,41895.31328965911
C-18944,7847.601320403599
C-17264,-2250.639675980725
C-19345,38609.759550085866
C-25505,48753.54933460216
C-11968,29261.600261079817
C-4972,7325.9497562156175
C-1293,28308.68238164689
C-41835,104246.16012721944
C-47089,69790.42797748926
C-11959,39238.10419918337
C-31635,47964.72933136436
C-10937,193287.6935320939
C-21513,141067.7014119745
C-42575,36346.38868917107
C-21023,2550.255865013918
C-31914,19296.17412344688
C-32666,28292.9340608579
C-37797,173540.27759928477
C-47020,28021.94105116808
C-13903,31463.806837864744
C-15586,82476.98121639
C-8891,56781.4270089714
C-18437,67567.38183821237
C-25901,31775.125876022368
C-24177,113469.72617894082
C-11721,43614.09639589736
C-31030,94514.99959846513
C-19633,53888.057854275045
C-25144,42062.43229695408
C-23900,53529.316779032604
C-27646,63139.375768305224
C-13574,52540.41310874667
C-2954,73335.21695546844
C-14174,16294.653909315457
C-19858,40472.371537297
C-39883,126756.05776019777
C-630,18608.718377974208
C-6650,58220.115930952416
C-10277,115980.54024521026
C-38021,16414.084879937614
C-37172,29165.16086057917
C-37706,53625.00011269577
C-49092,46679.940896508095
C-45241,39837.69730634309
C-38740,117556.4533527619
C-3076,47852.6362333216
C-4907,14081.281102690002
C-21824,41344.62976923442
C-48380,39467.476156440294
C-5522,-12677.053294522098
C-20368,13390.578468485342
C-33714,60834.868793668225
C-24510,47460.10045546332
C-48878,34236.47171696359
C-34734,-2142.68591307335
C-543,41882.27375879884
C-27452,34567.31319262831
C-28772,51477.95540688612
C-38681,-241.78566991288972
C-16493,2915.7249263227495
C-34861,135609.21735082465
C-12257,74313.97185633302
C-19828,140640.67668221408
C-30427,1354.1296496171344
C-6712,28331.85165498693
C-20811,88152.83498716564
C-23389,62502.43730957271
C-40647,43717.52963722437
C-4221,21004.09606214267
C-39343,59837.65608059276
C-18782,25893.925414586825
C-42373,90692.06597958991
C-15061,30249.27855960292
C-24572,33228.02784324808
C-26125,101617.35982032941
C-17095,109868.61213825498
C-5854,132238.46233360865
C-43396,41232.29855429272
C-36601,39961.98815233047
C-8656,25801.359559683693
C-5554,46973.46124082407
C-34365,93210.10109213582
C-27971,15295.465076046345
C-29553,36601.10264622975
C-9929,40372.60467158811
C-3653,60392.92671909924
C-3629,28463.56131161993
C-30679,131802.8232222501
C-11574,39048.41127566415
C-15671,59344.56009666665
C-27507,27832.531849815863
C-37795,35195.60908937948
C-41727,22738.783228687065
C-29152,29909.616998405505
C-10342,97343.61848728523
C-4248,99719.77811051518
C-11499,30554.380367440033
C-33027,11290.625321733714
C-22437,34313.54769441859
C-18669,34518.17589783507
C-39759,52477.775777526396
C-15724,71352.91762729682
C-11389,4996.411806222284
C-21768,16970.07254076112
C-25382,76664.85709241376
C-46691,-1619.2330293645136
C-36150,-4071.98432005223
C-13090,91563.97159303483
C-19473,112245.57318968116
C-7863,38354.980823049176
C-46399,67792.28224338796
C-15551,38063.58115201075
C-3914,37217.454673933644
C-14317,115993.8428287222
C-29514,38937.4280016503
C-612,-9398.224677966937
C-39770,26047.03454346759
C-28570,124781.10531301271
C-13523,21874.10574765336
C-31923,41559.80235983539
C-557,56637.868679762316
C-5404,5380.486639999581
C-41264,86220.03671812246
C-12972,33929.52514292414
C-32076,191308.56634925422
C-3805,83225.26404814472
C-39653,96376.32254413904
C-15534,13294.583057551084
C-43766,82668.7314632459
C-30184,48013.18525453101
C-40053,19786.848941603697
C-21190,36241.07901175838
C-17244,-5248.64409767888
C-25752,21267.152542129686
C-10726,7888.2157231604215
C-48052,15288.778645579394
C-23195,6715.816922379599
C-13763,78244.10132467175
C-8030,81132.55354895393
C-10093,125472.59199568433
C-33107,59985.955998350204
C-47080,20578.164070339742
C-42404,48865.22360359043
C-11750,26392.90057461551
C-31270,20683.755377397203
C-23119,11460.74559726083
C-30844,20396.366847298385
C-34202,10453.828333342157
C-26094,48303.02948523956
C-6256,16545.09395924712
C-9158,6065.935256817233
C-16286,16914.92153142623
C-30678,17219.682486487436
C-43814,16066.094626413964
C-17002,31705.089878067494
C-27169,6327.724581791721
C-16538,42450.62745893946
C-36528,37525.2306880863
C-14622,55694.23807028424
C-23432,54721.43173763257
C-2741,75.32862816298439
C-30163,5193.548101757158
C-48395,43638.68506697987
C-17454,70891.68146994793
C-3841,74765.74784266378
C-2349,44383.65525572268
C-31901,117337.01687854074
C-2717,26740.244089783264
C-21737,17847.187616476964
C-19723,70790.77209384934
C-45603,-943.4958748817298
C-8555,38955.679976136715
C-5615,10221.201337126702
C-26375,16893.604157812264
C-4148,131349.1181045798
C-43240,-5685.831488850861
C-43368,48325.08083246925
C-10859,49648.153921574194
C-45185,100391.471275776
C-11405,106681.9894061709
C-27077,36715.40533358032
C-29492,27322.37210481002
C-2445,43051.813583360476
C-8153,3070.07630421879
C-22064,36275.33293567569
C-36332,70474.48644525978
C-46150,128424.59989163406
C-11742,38194.232146404494
C-32853,13647.611789586968
C-45572,21399.173594502045
C-6414,73084.75905621413
C-37381,12462.112705433414
C-37892,82165.61499559217
C-16129,21585.95230876139
C-23191,68684.17231358496
C-46497,51180.26755185673
C-14638,58559.12991392221
C-20353,28245.360361693743
C-24225,-692.8779572350031
C-30984,67044.71075768732
C-15498,43458.53978810721
C-21264,41470.08963907778
C-9357,2450.2505362571974
C-41445,126437.81622436669
C-42187,55855.780572094416
C-44099,98018.52892664976
C-16847,46300.9537513092
C-9234,62161.15305140448
C-45836,44375.51541094827
C-33774,61955.32224089643
C-20142,32504.1460266907
C-18938,70795.84967479072
C-21837,27285.24179183422
C-6746,100180.4374050346
C-26962,64862.460924703235
C-47211,82590.773876165
C-30122,10093.212286878093
C-37602,142532.96526236588
C-8303,30590.312674453056
C-40044,90405.72797539984
C-46626,38411.334325628486
C-11013,49432.81275016965
C-29992,111643.79087376966
C-38409,90385.61278769592
C-38102,34624.54563311383
C-35350,14905.501825644627
C-40689,64946.135609135985
C-6101,19238.233034109817
C-23619,45855.77140784785
C-30925,138952.42163245234
C-22675,8928.462115721813
C-42096,56035.280011930576
C-47527,38804.476051070495
C-31239,124645.66118568955
C-2554,54292.004449930435
C-49911,70404.47272108139
C-29937,-1747.4431926177058
C-23812,47708.91004695279
C-39277,20242.921110965974
C-33833,70553.09486572217
C-41213,103025.13022148045
C-4135,55505.31825428377
C-18708,28980.308637063048
C-8476,43099.78647304202
C-38386,7406.2695405966515
C-28085,38212.03334167308
C-47960,87691.01190341052
C-33972,39625.45656518653
C-40786,82084.14734302415
C-40820,49715.706427953104
C-31919,40123.85709246265
C-6059,59900.23468720634
C-31032,48763.05219534793
C-20548,128589.97052754504
C-11516,48108.90138132796
C-18642,70333.10041693646
C-49934,14197.994102232216
C-42320,34708.50264820065
C-21511,30529.76778549241
C-1098,39300.236926738806
C-14656,21426.676680971395
C-41631,6601.349955013095
C-6195,28590.288717185926
C-5825,17520.661376686345
C-7919,12495.500978329466
C-27904,10963.498375171017
C-47922,59407.11665803919
C-44793,67252.60591651202
C-23581,19651.2134890035
C-24929,71039.89474359644
C-20543,9761.468525250719
C-22213,104599.15657792352
C-24959,1783.6535152137658
C-11848,78041.11848183718
C-29845,49256.343408576126
C-31224,105216.53607671495
C-17220,65494.569283896984
C-44806,26874.534561687975
C-35172,-6599.0287349736245
C-32427,41737.17629024092
C-4582,32971.65204389916
C-17807,88138.16288155479
C-26614,19999.69402968377
C-49236,62475.7562296304
C-18975,24097.25804102297
C-31946,16637.111556030333
C-13243,1354.880458023632
C-34372,62307.01456972036
C-18862,52854.7942029595
C-47087,45613.617118449656
C-5657,160862.8655049332
C-36496,64505.78660288562
C-38254,41589.7632305593
C-17237,88598.88083517362
C-23366,26752.072975273237
C-19571,51624.31852264717
C-39576,-25.05183392708568
C-14636,23998.219917916846
C-34197,22520.486225968554
C-6544,26953.551627546894
C-25846,63421.18480522129
C-18457,151853.45958185423
C-13656,29367.49263404682
C-14587,12395.344763292727
C-31243,22355.78668155808
C-2382,26977.296212635374
C-25414,45152.48884737212
C-8078,103288.32761595139
C-48756,36856.70198044108
C-42386,21678.299197019776
C-8316,32651.205479607182
C-17572,11737.846686355842
C-10200,63300.77707062932
C-42256,54408.33669246508
C-43335,73495.67252430526
C-12621,9260.784872673
C-16486,44431.10221117028
C-19258,20719.8004221109
C-42927,80948.11275211556
C-44168,19378.860793631597
C-1934,39730.53288607768
C-34797,-675.2702197607214
C-45913,90611.81445295036
C-33786,58408.07191100658
C-26120,26048.398667522888
C-35843,31776.81267397682
C-15918,36603.18331938605
C-3830,27915.673861678028
C-28038,32399.297305473803
C-34195,47949.49865184578
C-16154,54861.45740411294
C-4990,30065.884930129272
C-12042,-6164.101480229292
C-13057,89916.01600849298
C-49848,18857.33745115548
C-11204,125729.48219107657
C-7173,26771.790828992496
C-9101,43001.428276476916
C-26013,-1700.6440152110008
C-10526,95124.9273631518
C-28569,-4678.405588855618
C-42979,30053.797652493227
C-49308,29675.127879531912
C-41854,107063.41082569474
C-36373,30631.22057940971
C-9090,16619.050137308404
C-9945,54668.82466644365
C-27388,19726.496781897313
C-13650,32666.69914425503
C-18031,38198.76421112585
C-34736,11927.029207014166
C-37635,31526.957768670713
C-18531,70631.03790418102
C-31849,17120.783572961318
C-806,97065.02594228831
C-48968,132612.95934639862
C-17789,6565.604992616791
C-32298,24589.100203920105
C-23448,13256.403861870276
C-11508,92355.04966448472
C-26800,25018.810886933876
C-19673,-1750.2944852879373
C-5620,45872.524715707674
C-25389,-3572.460056410411
C-24672,33463.223567391266
C-26959,37374.06769196002
C-15315,41654.09188138863
C-35566,71129.30243809632
C-7935,109756.26257711885
C-33127,51697.58047138739
C-47371,38698.17470482249
C-28506,44151.982166888556
C-20604,90013.8603725636
C-48843,37106.47097906874
C-47313,49422.18773798135
C-7035,27049.656452166506
C-10099,72896.92822684595
C-9733,57467.03817238135
C-10613,29447.29657426447
C-35623,29882.011917267264
C-47760,36044.88532304054
C-16995,75057.4790758918
C-33178,70904.42136721726
C-9138,91615.59022282102
C-18277,33853.98531895735
C-31203,72327.58987762078
C-16925,-12666.966198099704
C-46861,29115.753773572025
C-23029,104995.55099926381
C-26804,55053.61078538241
C-21627,101927.02694458437
C-27104,85019.89027301763
C-5031,49966.308612143075
C-11053,53981.55694934421
C-395,10161.006350314863
C-9371,85776.71446596488
C-35585,80688.31772563356
C-46897,20506.73251554289
C-9679,25738.96085244121
C-49906,88507.43029979608
C-69,68522.11726185432
C-25813,30482.13439495323
C-41483,4313.661724959493
C-35613,32976.396684006155
C-1118,94282.76837771368
C-31023,43273.98619394631
C-46911,50050.32668018911
C-25237,45362.81650066872
C-42662,138863.5278348787
C-29162,82829.27904904101
C-36012,5934.723034598181
C-6148,17632.241637895724
C-31027,63427.355271605964
C-6686,47690.29676440342
C-26646,6250.727005986977
C-1745,3060.5700484043628
C-25166,8879.831518482883
C-10774,66000.60933004128
C-10020,33726.70573007682
C-46598,53460.29955257306
C-2857,31864.07991441043
C-21728,21693.32246256037
C-39332,65364.254979988065
C-49617,29185.983354501983
C-35824,48022.12143156855
C-12161,51392.207308945726
C-33604,38363.124843149664
C-14698,131854.37092033352
C-21703,11932.411360185186
C-38190,47070.83774546652
C-16775,28436.75962945971
C-22495,41679.761357599964
C-45432,26617.152795447728
C-2143,53980.25316007302
C-46842,17030.20655358459
C-34208,9021.304912272557
C-48204,104316.25485803337
C-35496,1119.6778431089988
C-4570,131246.3800901948
C-40813,74543.08885170962
C-49764,109459.86148634568
C-44627,19031.928588393937
C-5001,20796.45472877807
C-11329,24349.55316345064
C-21321,-649.5652093833269
C-45977,59706.38543465005
C-20842,61498.89034515779
C-8028,52361.36657154519
C-11756,-3880.97741653915
C-14135,196627.97786543245
C-9875,12022.976741363309
C-46039,20151.136575625576
C-48977,71717.77124343015
C-18137,101314.38738838694
C-1807,44616.95935787941
C-5420,79488.84368027681
C-47759,17688.90084590284
C-1399,40231.90961718682
C-41505,-4723.555903250162
C-47544,44917.480310461026
C-33689,65671.30556355539
C-21398,67494.12709474968
C-33429,2659.7573766968635
C-23225,28889.227497890774
C-973,35699.18946120211
C-39961,22905.288865791576
C-32067,35250.88177714881
C-30717,138107.4858842013
C-34891,5011.064401978241
C-36777,7017.54929854253
C-48591,163506.10576685384
C-36444,34323.50618912188
C-29420,110726.22331328578
C-239,43862.002759500276
C-21455,173737.10693421436
C-6043,57334.99203298388
C-28327,36401.520342343036
C-4160,84773.86634503765
C-35782,22883.817546041704
C-13179,40094.01527779567
C-10029,49912.15050008551
C-18780,68597.84367015515
C-27716,87831.24871650449
C-37037,100525.93996588403
C-14646,114336.74720883461
C-26506,47312.25182038428
C-39049,13505.879685437925
C-555,23900.970085528388
C-22719,39259.19613383924
C-964,30691.197576161252
C-12220,33517.909152096545
C-46815,53239.53136741571
C-23350,-5719.957145612745
C-45001,46336.602840900836
C-22500,87762.24224921246
C-31327,73890.9649054989
C-21602,17804.221988111734
C-43707,30716.111144988594
C-47825,1510.3221090280858
C-34393,44114.78384383198
C-21164,10060.960344144078
C-24541,73706.42757970397
C-23825,16382.817732991363
C-6747,48598.704734241124
C-3835,52959.01557282562
C-40292,58936.84605779239
C-26225,28512.240247559595
C-1993,28075.50670801532
C-22221,9278.053817970518
C-1077,54042.76022276883
C-36667,52827.251261878126
C-46867,18111.800018498252
C-23427,66917.97609240447
C-27168,85780.74653348865
C-48769,24175.771180069347
C-37236,72314.5467424698
C-42538,49287.08468173254
C-6741,19915.01990321836
C-149,49416.31450707903
C-48379,1180.7132576111544
C-13789,8183.563886797216
C-9350,18407.560123890496
C-36135,5911.353707632632
C-9979,6756.306648891856
C-11086,17362.715367006793
C-9208,52102.4593331312
C-49192,104978.55885830687
C-3677,8449.810139606023
C-4251,11939.130463551191
C-2081,14873.666337429582
C-8168,129166.03736355269
C-2500,88287.32530160618
C-44928,37618.56986838392
C-24306,91400.22136025675
C-27190,88726.0958754489
C-43553,52588.72484531081
C-15912,41196.04063262267
C-8280,62948.19152657171
C-23142,88466.80017742558
C-38442,62499.18239456149
C-48451,42710.79012533157
C-48515,37821.27301985916
C-42341,30039.393827285145
C-5188,22357.70295912991
C-13949,48514.07676521978
C-45213,27319.97272639656
C-26727,28893.57826668307
C-25173,40976.25679571916
C-31786,28443.682501058713
C-29029,18477.622877564798
C-45582,9516.166803749606
C-20138,54582.51782799973
C-38673,15044.799553302466
C-21948,29856.267257766456
C-24431,110066.31864239363
C-28931,95489.23145471353
C-45629,63480.337725035235
C-11136,50649.4765546842
C-45805,28165.583888836234
C-34903,26017.388892815758
C-11340,9548.203767020037
C-25838,38409.179197296944
C-33537,87944.82875556435
C-2055,59607.28114226505
C-41001,-404.37361995685205
C-22658,73425.0645812576
C-17297,42526.24453841448
C-23337,801.11902186308
C-46706,27559.869712341235
C-33699,97982.75659809685
C-12322,31653.857946663655
C-27187,12703.890268591073
C-38147,1697.25822702382
C-7148,22879.344168952462
C-22087,36272.19389002434
C-33792,14999.262100317297
C-47822,-927.9484799673082
C-25285,62289.502483337215
C-11672,55923.19012428256
C-35347,124606.5720596615
C-19630,39805.91507739387
C-49898,65884.16995454815
C-43626,16296.700740495391
C-13909,6102.074847171731
C-32703,57831.20514962758
C-43499,7230.5911415051305
C-34554,9970.432557579785
C-40688,31152.855889040715
C-7900,59502.50453097552
C-24241,5943.825479787345
C-22944,89902.7286306096
C-21663,31802.677557221185
C-39407,16167.987871931851
C-34534,24092.616578563586
C-26203,19804.52193780521
C-37175,63566.762807839754
C-33076,195413.4668872528
C-7825,26864.631729588724
C-42370,60140.48567176442
C-44616,171519.65459511624
C-4444,36176.2731525275
C-34021,11764.648792146501
C-3023,32039.43559867086
C-31231,73344.9455663371
C-47700,43187.46844240105
C-27212,35814.08255183853
C-21303,44636.995967726645
C-49343,114644.61659295073
C-6685,23887.836458419442
C-9980,22619.674916533222
C-8647,61458.44891664616
C-33344,6865.005147940414
C-47928,17535.336893239575
C-24784,46640.47722984384
C-40344,35703.10848717134
C-7878,69455.274330467
C-43670,154008.49612492236
C-19386,37510.60946988192
C-41168,35892.43664878771
C-36361,128939.69394160062
C-5795,93156.87344289015
C-31445,57261.86495422178
C-25312,35270.8827770417
C-14074,145715.76239177916
C-2637,49397.22977982903
C-10413,30993.558948452082
C-11313,21864.068458430134
C-42652,41912.20248297619
C-45050,46025.75912425008
C-36751,43213.065773095776
C-33065,54004.20853313384
C-29716,65115.227747746816
C-36300,22663.91234500801
C-5029,7536.919100259802
C-28977,-664.5999290218897
C-45619,16683.171313592884
C-46694,6377.8305279582855
C-44338,28163.22103800827
C-40778,17561.084039264097
C-31240,39696.79390348434
C-30897,11996.347244626078
C-7226,30451.451865069757
C-33058,-1550.6099058168256
C-25300,2638.435291069036
C-48503,28549.112515118675
C-15783,10694.353173842304
C-9317,75685.60233755
C-37481,17746.7794911068
C-48355,20264.9764959193
C-505,102831.65898237444
C-15865,169516.32720722372
C-47168,59910.361006802304
C-34866,134790.06718547308
C-42544,6045.287455966565
C-11057,3488.6443381787176
C-31342,78176.04824116334
C-39499,70708.16711742675
C-19086,4417.434875599487
C-23492,28348.5898935008
C-36301,17095.61549153785
C-6555,29250.330973620454
C-30923,33210.81542589268
C-10782,32385.257005654443
C-11475,22533.280565271394
C-4773,68757.61667445324
C-3913,15426.869491779587
C-4462,3566.3755391879313
C-4331,20994.71933916976
C-2733,53353.9698781186
C-16754,37765.91861995202
C-33152,42252.409713967434
C-1773,68780.18023543809
C-47849,-9536.826105028551
C-20273,23926.253934784094
C-38062,117725.5768800929
C-14281,60476.27153340903
C-10597,26357.136570106897
C-14717,42473.928794069805
C-8337,38634.97516140883
C-41095,65982.71029732731
C-45778,5777.00705270531
C-28239,60014.79912479773
C-37492,-878.2701234929191
C-25333,33457.06042061842
C-13883,10355.505117920082
C-40797,20258.203519035313
C-34714,62564.267139303905
C-12351,40280.47588811393
C-10064,62383.32363811062
C-30737,57935.039926274476
C-42684,16533.139913482162
C-18607,16060.331355253984
C-46593,12593.882434919156
C-28064,19740.287448003386
C-36532,65835.29333371934
C-31800,30496.043287820314
C-8419,-3513.0162519638907
C-5153,42082.26023759749
C-15747,165595.6008030024
C-12989,46035.89647909245
C-9995,37852.28875351488
C-19277,24721.089264307822
C-46607,17778.694418462317
C-2729,22511.29789433353
C-14844,65083.50286774548
C-4826,73953.62251572023
C-3072,98590.86353320256
C-15988,16269.493276395791
C-3264,83674.26052947933
C-1366,102500.06807557249
C-30267,6834.3540943295375
C-11645,53573.40037399223
C-5490,68335.23631917124
C-21748,59611.62977461631
C-2213,71785.18186684666
C-28211,20924.261612019058
C-20572,98197.5939684264
C-27347,62336.69777119667
C-6395,65512.34595175997
C-617,124164.21667666959
C-31185,90427.90494109043
C-25035,1749.5776754225735
C-6142,22518.602919006018
C-35733,100036.18899865726
C-27779,83276.21610897547
C-3394,41520.671914820676
C-11804,25917.043688056547
C-27372,-6724.657057044125
C-35984,41206.0907391083
C-20787,4763.561046272378
C-6206,21636.19205238572
C-40802,13511.588962746886
C-39191,127415.48607799692
C-10256,8888.900837396584
C-17757,8823.190622304683
C-7698,41234.23620884768
C-7761,38829.58462220082
C-3571,14861.188309308818
C-25591,16009.65267872424
C-15963,26426.807145721737
C-558,12517.160394409744
C-7010,83206.63629815998
C-26054,91369.20205407616
C-18571,82149.85840097512
C-10846,22579.23381359617
C-386,30236.473491999597
C-8911,29886.327940433857
C-48089,234.84329350329062
C-5709,77843.6148119275
C-35788,104610.48187339463
C-2420,52667.42896139035
C-13932,76505.7110380933
C-7526,47076.87661249025
C-45332,46337.84913478819
C-15137,81935.63935414093
C-21770,40723.43187633877
C-23049,117670.87878834041
C-16684,7246.96993503828
C-19501,11759.363189958094
C-26146,30638.570500952046
C-44333,28149.103193583138
C-21265,85669.92640522582
C-23069,53993.477619597834
C-47462,-368.1903401175732
C-34084,129241.70715431446
C-18757,686.0269985514387
C-17744,9039.878816086202
C-12266,20575.756737394102
C-42430,-165.31341552624508
C-39124,16710.639196952507
C-29830,57714.99385204263
C-40351,53780.117999813745
C-12559,30461.828416758428
C-34014,123428.55516577829
C-25341,145514.83645273664
C-46758,38376.86984983304
C-42111,11743.962296294747
C-27610,-111.18039754487108
C-15099,64964.84375764361
C-47898,179084.68146376882
C-11916,65798.69229575792
C-17716,65798.52326941851
C-17195,22568.437112978238
C-31382,38308.07902604994
C-36228,3937.7454135845765
C-17077,52393.007602755235
C-13723,21328.99688849425
C-26595,30179.40827162404
C-49715,72336.50866613271
C-17060,27110.369673698424
C-14149,-3795.6317957708816
C-6309,13953.972915248174
C-31623,33380.34365585689
C-4781,21783.20839207268
C-49011,44037.13168896854
C-30702,41157.6270302956
C-16167,9387.399866206957
C-7096,46487.87419612826
C-21854,33883.62253966187
C-30213,7520.048493099355
C-37680,-10373.004982008424
C-29400,51381.83853713979
C-46279,49427.80734256366
C-30350,25942.131372730568
C-7438,25848.47944738735
C-37282,44638.33598033252
C-21473,36646.120079283945
C-5910,71757.78753250133
C-43554,62929.223135230306
C-49577,48338.72645089544
C-21571,10234.751679932619
C-32698,19199.881790900035
C-38540,96337.56861488495
C-37074,128059.18042954139
C-5545,65697.84011851466
C-10103,117707.53371690428
C-14926,62971.98028683594
C-19042,57548.28241375339
C-37675,25359.673274023455
C-27069,16543.89395861254
C-3570,47361.903148450656
C-29108,28991.070262433
C-29626,33993.89801284766
C-33664,7870.781774192728
C-27927,11530.630576963093
C-10580,23447.781769973953
C-27900,128421.91523753197
C-26374,27837.200461146156
C-45170,6944.1758344268455
C-44908,5275.8710615081945
C-33376,82211.83498678946
C-28522,102980.53767153027
C-42091,4348.4571982411435
C-5235,21686.377958872486
C-33673,13476.408660395886
C-20791,39310.98825391309
C-47862,87189.09928868586
C-43343,91830.98312265391
C-3762,58385.449651987175
C-14138,14572.625740218537
C-17472,69699.94574493422
C-28004,15212.460625538439
C-46009,18317.201984598036
C-35955,30179.367424576172
C-29282,4821.548412103191
C-43205,40972.549585268294
C-1299,46340.6698515917
C-40363,68541.48101793649
C-6130,57537.66007183108
C-23980,51760.035354655345
C-20121,-4459.964845177325
C-34699,14552.19405262862
C-45171,13151.560742047193
C-21285,-9003.930589958974
C-43546,56644.20863084335
C-20571,112833.7060712241
C-46106,30127.08299875081
C-33063,-1092.7679519729863
C-5609,10963.79611885314
C-774,18089.155490222787
C-2543,41640.04975415183
C-6495,32457.49971583874
C-14411,63714.756189555395
C-38088,22289.941890355756
C-10926,28868.206866726683
C-38591,65434.28725105584
C-21797,10601.952867337488
C-38573,12085.533569789404
C-33640,32456.62245718958
C-7741,6606.874063459771
C-40808,64828.31165557227
C-9823,12638.346425639531
C-5398,38414.40517890238
C-38215,103965.14991353877
C-12336,65345.24547843642
C-24191,46726.09149211423
C-9507,23288.56795253253
C-49332,17401.28793195889
C-43863,48010.0641066027
C-3031,29402.77629913499
C-45813,64954.27982112067
C-35957,99043.52403652253
C-18795,-3561.186954585959
C-20796,11727.058112948092
C-44164,30323.12546008161
C-13977,104797.98333194068
C-18869,71787.56596445585
C-22932,9574.655244061556
C-16153,57035.30179979776
C-40340,33871.88845061757
C-36504,28286.393071302547
C-13306,26904.965522084236
C-14356,87998.9553605617
C-2476,26913.682915029465
C-5242,89526.02075684446
C-1564,24230.551121173932
C-11108,49132.719971506114
C-29678,35395.159356278455
C-41604,29842.080609938414
C-39047,371.28691076290124
C-3192,50186.8574383905
C-15800,28516.138232718804
C-20399,36061.868561681214
C-49655,46567.272796608064
C-43952,44838.97309471293
C-11227,39314.28948408433
C-24522,91887.88330926641
C-42506,61239.69787332509
C-35889,50892.69603520263
C-42290,31251.158468597612
C-34223,18316.25710414391
C-45351,-4528.868131757823
C-2752,71732.76088729996
C-41291,140618.16249849426
C-27801,87449.92555357856
C-17810,127687.67467549472
C-40547,12928.428256610845
C-36367,157422.5003995481
C-8263,38058.479622972176
C-37205,37348.91289932419
C-32574,92561.09805608157
C-8562,-445.56235308329633
C-851,42838.77467145348
C-30325,-9471.519518815447
C-17922,83290.66958220777
C-6715,2083.4774478474865
C-47178,56627.48899641867
C-47101,45445.50092182821
C-17045,35706.09062701863
C-17813,85650.94521828768
C-1264,58219.513043475396
C-39625,84736.4508046537
C-22475,30742.18147908527
C-14662,19476.802684074446
C-2000,9987.495602286042
C-37673,35491.83872821925
C-41450,178599.7776985636
C-10240,74835.07064564369
C-45870,-8197.154120770749
C-22984,52124.3830397696
C-1998,72559.42140820209
C-35881,64610.271391006056
C-48837,2930.9306481128006
C-16232,96697.56201689832
C-37369,17307.64534623069
C-37302,142696.03690327582
C-345,45386.544757647374
C-30260,36395.52300268703
C-49933,42587.43722552456
C-46676,35222.08462835058
C-1375,93149.57994524644
C-21018,-2594.811925405673
C-39120,37264.40982143113
C-1941,49449.79604296555
C-25967,200724.1485693804
C-41519,36488.09487666612
C-19817,35558.26886109344
C-30999,74423.64245457399
C-31015,14848.170882487946
C-21862,144768.14544682213
C-48310,34086.13211648638
C-10944,65885.4789995483
C-26989,21955.354073670707
C-8574,82631.96599077713
C-12342,116221.50985599276
C-18864,171087.12887429306
C-29094,44027.78379668539
C-33741,23298.718715109906
C-8182,9628.738313607013
C-47142,40666.23131489511
C-37978,26971.462650936857
C-43633,18556.221660663836
C-43557,107942.29483400981
C-8338,-4366.338566126113
C-18269,53544.317281193136
C-38839,30551.83254618448
C-5049,30929.366895725456
C-16768,-3999.1751987831376
C-30672,26242.002629457154
C-43983,72533.49766141779
C-34973,9813.928738529343
C-436,30130.46481483269
C-5659,1405.2847733905146
C-10014,29345.408559835287
C-17647,55201.641143370834
C-21435,32428.868469419434
C-46476,26657.22049861719
C-36821,7309.920243901841
C-48237,74047.42655612918
C-37546,23018.43195842798
C-28550,19842.63459637685
C-33934,-957.1188727849876
C-7904,44588.72972463989
C-25198,39532.20922787326
C-29008,62333.944218012846
C-5555,42898.07740418028
C-7142,71542.9281006627
C-23022,25822.054409087796
C-1312,65978.83420797401
C-8779,122755.26878621517
C-32493,50633.81836505544
C-22723,42762.66271352603
C-38788,134079.5988086424
C-36269,77178.1877560543
C-18365,14410.951010854362
C-15526,25795.48220529146
C-35806,58719.31393553753
C-48677,29409.891482933053
C-42922,35869.8206901906
C-19981,45108.58848168619
C-24603,64649.25726745948
C-47249,15801.35694281815
C-14367,4686.78285062543
C-28862,23661.25180468095
C-45756,52154.400345107446
C-44016,42979.105940361726
C-32141,91328.07202162364
C-38816,78030.18862783161
C-21416,52915.23063067674
C-13321,72349.71777963062
C-1055,38088.07016571466
C-16297,13725.938135097931
C-35198,26657.133098487793
C-26904,58206.595872892765
C-12055,53308.903854787364
C-3831,197861.94383491692
C-22420,30364.167024068076
C-35833,58939.770098630324
C-38315,49009.83851322762
C-44443,97497.1775630977
C-37883,3259.3608225541975
C-46186,39645.22410744981
C-39704,54628.56017989543
C-11243,33022.200774593795
C-42605,95536.9059611181
C-14040,16972.40282059359
C-943,51681.07285679816
C-7082,4810.2935112320265
C-12867,62370.30706019292
C-46877,43749.11743326227
C-44382,32561.592643206746
C-18021,25408.69865305903
C-31058,41114.311443304556
C-19106,4849.827714813015
C-37520,101680.76812858127
C-42700,-10120.850433255982
C-30091,52769.65362083405
C-10693,16399.466781834577
C-1493,17898.598386811416
C-34749,55325.78731906308
C-35073,11678.333247861905
C-27489,39610.03126317796
C-35431,54422.31513752624
C-25104,62566.78920493898
C-13580,38585.91164374389
C-17422,51075.55946257745
C-20147,55041.977051346716
C-31909,69625.28339839078
C-32891,68273.75729174103
C-38797,22658.930791035746
C-47179,-584.840492691641
C-4894,62684.52408374126
C-15466,20660.80190639173
C-25530,39328.432897464925
C-1191,116649.87271264713
C-3725,81430.80384904139
C-30706,43191.62371474431
C-37170,23375.965117662992
C-32842,80492.01814426259
C-15112,74428.28038178706
C-28721,41870.19895168274
C-3772,91389.64593077198
C-9270,47310.402559374736
C-22567,65213.82726248518
C-22744,24973.59753568122
C-21915,59532.64189261712
C-5395,45884.303591951335
C-19362,84389.8648655627
C-9877,58892.062112812826
C-35832,34864.83298537153
C-23955,4583.885920551846
C-47456,31914.991356337177
C-2655,44331.24703446471
C-33060,104789.93112706896
C-17932,78099.48505732659
C-36886,-3346.61065156752
C-42484,36861.82103535945
C-41405,37350.21780824586
C-21969,90890.65291565878
C-28906,16370.883291849303
C-46780,13734.291256819837
C-7531,100350.66011523377
C-36570,584.9760992066949
C-46918,33942.46825153501
C-32809,30174.402818412425
C-7128,55511.83781033124
C-31258,20303.533645025054
C-26052,26864.91448107105
C-23291,26937.35397328565
C-39019,105203.17243784433
C-23962,67106.20297014178
C-6339,-7681.592355277375
C-406,41426.94983484226
C-3188,85779.63501132748
C-30026,1203.707451012844
C-37479,51444.43376590199
C-10869,12454.159976156108
C-39143,35971.48919092494
C-48035,32501.27364504244
C-23107,-651.126901571377
C-8753,28525.48534453328
C-6420,10919.050709691699
C-10212,33464.80555177294
C-16700,9233.128397421373
C-33685,182988.41068975977
C-26512,-2176.6831374207977
C-8940,52479.136454233856
C-25916,36807.779990748946
C-2322,10671.916400894654
C-13171,47954.0961262191
C-37965,77463.30026082895
C-48145,66405.59420450401
C-19553,14597.82900879193
C-20561,41572.360801524585
C-48640,21010.827185737144
C-45123,35952.21118725465
C-31687,50547.787738299594
C-6852,39333.067636020955
C-24437,1509.3551629001668
C-189,103647.89941912598
C-42766,53122.06288032107
C-28227,27422.060626028877
C-1290,3505.7435570545204
C-47591,80574.21017404494
C-41401,31458.43270414064
C-30159,69363.99509642238
C-25645,8540.459667844123
C-7046,43902.74539219395
C-30876,144696.09036938823
C-27759,39067.443839610205
C-26215,71413.31374605009
C-40258,54183.045526118134
C-14054,31665.25460241415
C-5947,95159.72229329267
C-11456,120666.13239899195
C-25773,35790.9651795511
C-9645,32260.582345959865
C-35184,40126.49406687707
C-11805,9764.328504384757
C-38649,59809.27906067863
C-5493,53726.216894367935
C-4115,16815.025443077047
C-43398,13264.97375606325
C-28297,116071.16864783927
C-18215,49121.54075817542
C-35341,-1344.1552695860228
C-23023,54759.2323641589
C-11547,11012.256767512241
C-8612,13285.959249723623
C-38811,-3273.938782417652
C-32200,97786.97457214186
C-9772,109040.09868959227
C-37407,18300.489586548458
C-4667,20240.33018313411
C-870,129495.34507848375
C-40234,24753.432152784764
C-45480,17951.307491636835
C-46978,72265.76864303552
C-49589,39156.047235965925
C-5321,35694.342840637546
C-46278,46878.19248043646
C-29297,32544.39703225893
C-39869,34197.593841330694
C-28333,80216.77631220699
C-10055,97223.02793728764
C-44785,57778.08078725086
C-39986,65981.86152143906
C-36165,70077.85331523296
C-2367,28008.309511704312
C-26660,25923.480515507865
C-32033,24008.181788106005
C-43065,-7698.700867064064
C-32515,82070.7012466384
C-39993,58992.05116550929
C-2246,26928.391390737506
C-19899,124050.80272084543
C-44412,-4539.050035932254
C-24568,24267.887712931028
C-29773,15047.427922468814
C-300,76245.68002431632
C-38297,63027.60274858805
C-8636,31788.854076809286
C-7959,11972.708083276077
C-43887,-4559.24203675965
C-4075,-695.3017215467407
C-37181,57682.00652597497
C-21083,-437.55631866576005
C-4788,66479.86819490494
C-33228,24192.60530682783
C-41391,39230.127545019306
C-19752,72357.8563982989
C-41061,103303.58584151391
C-6662,39767.2489175752
C-48712,12208.763301844745
C-13928,106599.50935264553
C-9728,9489.384202322268
C-47204,21814.794900520817
C-20045,37059.71849542913
C-7209,137751.06190258442
C-18382,50720.16993192762
C-10916,89611.60860486433
C-48903,16110.757456622836
C-38904,-2124.786155172158
C-32593,35919.93501293741
C-9048,65364.93438564055
C-37578,56120.216114352144
C-38143,10529.787234329619
C-23709,61646.27712192457
C-8910,29411.952084063458
C-27059,5924.712040012091
C-24215,62221.598145321834
C-23824,135835.38014385194
C-17589,87121.50209424662
C-39287,58828.47340156266
C-32171,40205.11960981404
C-12546,69981.22684896851
C-24239,33306.1134149798
C-6113,88288.93448212385
C-15188,66576.7807144806
C-22120,6786.4353201189515
C-3357,61631.386475437816
C-19494,37625.715167452654
C-19380,-315.00694515502255
C-28606,13746.759758537642
C-32700,11760.062920830263
C-3985,32423.354000583546
C-13245,16166.665054317036
C-17295,7640.069414666039
C-42572,91177.08603488786
C-21026,24509.517451456824
C-6728,26174.987733671514
C-12093,207709.36083493248
C-41017,39489.976154150536
C-37118,6061.669743802027
C-49995,32739.038438995023
C-9584,23293.18689656238
C-19975,13193.973853507377
C-1013,44994.09011706361
C-34132,21625.01396924615
C-19447,10691.711829587708
C-20653,7951.957929599645
C-18692,136525.311901442
C-14106,28523.306143855392
C-22145,36930.980624461605
C-45198,26817.520570977973
C-10494,66251.85321797125
C-48520,50954.67667809697
C-14916,98506.43057749612
C-9824,92567.61279574265
C-457,9930.199947719797
C-6562,102766.32644245808
C-11370,19187.377572973746
C-46172,88873.21084665928
C-7527,69493.88518250082
C-32642,64388.248773027575
C-10655,17610.476565016463
C-33238,141560.7365754511
C-392,24616.669313351253
C-29865,93986.1981646312
C-31976,57411.002650312854
C-18186,7136.514341298025
C-21784,4217.532935750307
C-27555,21706.573611552816
C-14999,77643.29548679176
C-41534,112408.62973847636
C-21775,38962.85912137564
C-31977,108365.25213853511
C-10424,36993.75408705053
C-27140,124878.69039497034
C-39693,97658.77992888168
C-25141,22905.599232126508
C-32653,11605.172437252273
C-17001,41264.42263772417
C-19476,44573.22063466956
C-17706,-700.3485083183477
C-25019,37141.28351336947
C-38089,47276.34283239947
C-10005,19442.056764493547
C-17573,21425.020069521022
C-31972,25004.7443661504
C-44501,100483.77760378938
C-41700,37003.831788516145
C-33185,60457.38678072369
C-10278,69909.77688142347
C-30780,66841.91946015168
C-2352,17997.913712266567
C-28874,92505.30402311735
C-37727,46073.70838158323
C-49290,85943.6224912696
C-38655,4842.495008837526
C-37466,46759.83244875419
C-33819,7067.3125636884215
C-26038,77228.00905043568
C-45396,71561.3268045894
C-33216,15740.064159913512
C-46183,34936.03867283459
C-393,25520.022554193045
C-9450,57900.145848091684
C-34659,23575.446480473765
C-30598,30133.325544957934
C-41496,102692.60206218128
C-35872,67834.95972137692
C-25719,2933.2513769668003
C-16967,61738.22154613996
C-9511,14855.121786879565
C-36616,29183.47519343367
C-48071,45458.68824692021
C-7439,52599.86054023362
C-39139,28444.376870235013
C-34258,26830.16246634457
C-6423,19047.2262488864
C-41931,-3233.951766723352
C-15403,3885.1744837179576
C-37804,3793.124308310478
C-25538,2873.536096960146
C-31843,606.1958063516868
C-25218,-24.394271610552096
C-17209,86282.0490309718
C-18813,66323.1515840331
C-32185,58030.69663947067
C-5524,45834.52742693612
C-12097,6054.842863680984
C-37822,8362.412443084431
C-49184,177524.31543712015
C-8375,76112.77956387226
C-32678,153114.32940933434
C-21384,59060.40254010119
C-36740,13166.600217091043
C-35959,40080.13920876227
C-19009,39763.18603000254
C-23729,-2947.2711811150075
C-1054,36581.108094535724
C-37831,-6334.109741281514
C-6559,14063.016275925998
C-45304,79868.71944949361
C-11185,82345.5665867365
C-49920,15212.08433036205
C-6261,47880.630345449244
C-2075,16526.07521554376
C-20614,42435.84460796076
C-37054,73996.52082367896
C-41510,-391.8672430382867
C-746,15004.745966376715
C-36549,18115.00044502312
C-5155,24413.02416845694
C-48036,60539.51965384207
C-25984,42684.068089946435
C-5033,48973.486066435216
C-8320,105116.13732653442
C-1524,66312.27538073168
C-6002,-785.0605765914806
C-33717,59242.47352106052
C-31478,67138.46842324242
C-13204,75702.62530260027
C-47458,13711.485304283262
C-39104,138238.96165902598
C-23067,7776.993449204296
C-41111,31187.32752847124
C-32263,69358.42582021593
C-38528,63578.70487787853
C-4828,103219.67492851731
C-37801,107494.64650175151
C-37462,35642.53608359991
C-27518,21957.062800191095
C-3486,-5390.515015468991
C-6082,90278.30428069082
C-46936,157234.76217013848
C-7534,23555.435782821412
C-22042,41669.502169990854
C-8380,69930.71638516954
C-8097,149560.84648392088
C-22301,80423.96498478872
C-25168,110678.08562364688
C-17928,110.48708341117162
C-8806,46472.78234314165
C-18915,58526.753771861884
C-31868,66002.02981040314
C-16159,22861.308041953613
C-24991,52630.58802374165
C-46836,44304.30184771556
C-40715,71359.94285065957
C-3654,65527.363713899664
C-32865,44100.50081478109
C-21491,37370.57061212057
C-30253,83048.33179187648
C-41989,56667.59677735582
C-36344,8572.692689942065
C-838,26848.442618029745
C-14192,11640.976419909784
C-7684,27110.69378348515
C-12757,79133.93882385563
C-36976,9711.165559099281
C-7030,146588.6119923864
C-41940,25014.439173281207
C-9132,-114.11309542805247
C-14582,19347.602780821064
C-35322,38613.533966400595
C-29051,103789.5880931973
C-17292,36344.28007116496
C-39140,14909.280379409567
C-15593,48321.01121249427
C-48978,88390.18642858055
C-37053,19071.612913969155
C-5094,63096.38432143268
C-7420,10570.84930867223
C-34738,74741.71931914763
C-18985,29232.041735964034
C-30030,30024.697672890114
C-2356,9648.09351901093
C-24417,113510.416579883
C-47632,37959.14565028371
C-27907,21818.32453681273
C-27141,48284.654727567664
C-3784,35045.31820073934
C-1918,4137.120290123246
C-5107,51131.62535076745
C-40057,64773.841406669686
C-33320,29450.654427396254
C-28025,22382.805815094034
C-21806,4518.537753701232
C-18126,31795.501002151294
C-41572,108410.17460421551
C-13169,40459.5789890058
C-31655,10179.619587190668
C-28274,5459.59714796982
C-7313,106226.95214394812
C-45915,41467.14288264868
C-11428,80269.81936428655
C-30183,8127.233628830392
C-24890,50461.56074524841
C-36682,40226.24897460158
C-1761,62729.32551751625
C-35735,59983.101400521526
C-14607,12383.75942078502
C-38236,34786.66476849335
C-22093,76868.72107805422
C-18959,20320.85030286681
C-39313,28419.05886678553
C-15984,83104.85867952045
C-21917,120167.16700403878
C-32008,51949.867487399824
C-7221,22626.009534759545
C-48471,11679.63018865286
C-25090,101936.53732560166
C-15530,88311.48738891486
C-13510,27965.45590624077
C-22895,58123.14182583593
C-13542,-3689.177904088763
C-1806,5248.47235447327
C-20064,102284.82369560224
C-40071,59622.43705837638
C-30039,22734.95327353547
C-32339,37540.67924080942
C-35559,51794.42929979712
C-8969,83542.48396372775
C-46089,34154.40242247254
C-49481,82173.25093375953
C-47349,93501.56050078078
C-88,59806.5440011753
C-25698,-4784.8442239322685
C-17276,35572.71892239597
C-46660,69481.11828690316
C-1172,66852.12831212305
C-29192,58527.78079888898
C-37084,20022.381629089923
C-13657,23949.08773533532
C-21305,42543.33253074567
C-32955,64997.23651136624
C-39628,51309.09493116277
C-42397,37644.71683841206
C-40441,56898.17030813401
C-41245,36836.58702147329
C-21533,1430.5909852770055
C-18542,75334.27658157819
C-32684,44472.09598242064
C-41563,55982.73928865498
C-33288,9752.111393682753
C-12225,43121.9411681288
C-2031,35821.66789095984
C-31422,37082.23108568101
C-36331,44749.559118576995
C-997,2992.6671809687687
C-40411,21384.089325296543
C-26855,30525.434505475518
C-8029,36905.145397280576
C-48685,-13347.55233909066
C-31194,5195.634238963023
C-2853,114065.85059003173
C-24456,87025.19233118095
C-3630,32852.13498266036
C-42137,55395.97333221852
C-20025,9894.657057288103
C-37596,56895.568829041236
C-34112,54349.20453980235
C-43264,72656.29931335605
C-1929,60056.78279690471
C-48763,72040.5988444099
C-29675,39131.30023416571
C-40161,103449.68878236602
C-17076,28623.394624289533
C-9194,39532.13299149461
C-10185,43316.30264135052
C-29471,65029.19330388788
C-24116,65385.49282598249
C-8449,96294.94101186449
C-32788,21273.257507430153
C-13562,93290.93229555534
C-2347,4285.599138268917
C-34939,20641.831461201557
C-41122,29341.308285181887
C-19641,-5880.252155801485
C-32629,74386.38554602342
C-19956,112398.65520157399
C-16108,22349.04783025981
C-36735,95191.65084838345
C-13092,92997.04884467623
C-20684,13946.590367313205
C-18684,65614.6222417771
C-40764,20866.831589927267
C-24669,45176.240634362206
C-38502,80654.00481166418
C-27548,26873.54283801121
C-45955,39622.71617870193
C-42916,42641.640311257244
C-48045,101017.41027408752
C-33126,37730.44889714854
C-26986,83428.5418774143
C-6574,6235.354132778819
C-12911,6825.224157594697
C-28130,74402.59344436682
C-39260,23375.461262973586
C-34999,11692.578482854624
C-37816,32888.444831392655
C-9870,90444.89287779573
C-41404,17957.76939236909
C-11337,3782.9426674307906
C-21878,35901.03996815476
C-49861,33820.54098953306
C-20239,90501.05654621488
C-44364,24195.08986341009
C-37693,5723.166246800305
C-20839,-1047.4242436633067
C-18552,26279.92353078161
C-14980,23782.93023238338
C-16003,129670.38276622673
C-42827,65064.69446199431
C-4219,-13662.775870147634
C-11677,66515.72855192637
C-8875,57000.34756064505
C-29415,22014.659701479708
C-2706,62581.82808011556
C-42830,86740.43493076514
C-11723,26780.257230483654
C-42675,100362.05046368546
C-47006,97454.91724564636
C-6919,43089.47433088176
C-28348,36604.263491123325
C-22642,18219.978826015045
C-24560,92585.12278636402
C-49807,9195.270670649807
C-37540,15000.444757495905
C-36544,14116.354271631797
C-22421,44633.8504423184
C-13900,100984.59704548315
C-4230,5254.276948874482
C-20276,36993.734005044855
C-42291,39952.23954489514
C-26670,49611.131249223545
C-9189,27807.45444460601
C-22053,18277.02409419221
C-12297,73474.61270758508
C-21408,51201.73568892823
C-11613,77049.76638772481
C-29159,92203.48776106702
C-41736,138773.50104705512
C-42923,42019.128336719456
C-16959,25419.256823943146
C-22122,73628.89542318872
C-25754,72613.24701511065
C-13529,43967.26818445095
C-6136,45036.99668452792
C-35724,1096.0073157562292
C-48000,70103.73844871091
C-15262,64109.124324627795
C-27494,15606.196684013135
C-18627,154742.57140790793
C-22246,20393.483791095663
C-41668,24925.397597642866
C-42447,10894.765413966641
C-42336,-468.01236784677894
C-49689,-3868.37206845561
C-46235,42904.10598437404
C-39800,21630.586962361605
C-47081,20962.677305105808
C-8863,38564.01270085104
C-9157,171399.7367108207
C-12393,108441.04404038892
C-8595,16174.833223077381
C-31500,35885.303405688
C-20255,18615.805657945017
C-28803,104224.04098603927
C-3497,74786.57941507084
C-38310,48783.18148610213
C-44126,40499.46726928993
C-8729,39979.253109271354
C-42443,22523.949529084093
C-42654,49918.759024571045
C-46391,53791.51589671141
C-24334,73560.79551228104
C-40054,36156.604673544294
C-28900,63466.62952927603
C-37838,100612.72429727056
C-1189,25659.410000041215
C-5446,33824.1159267375
C-18945,40568.18614630104
C-8640,9113.969946651298
C-49642,49391.97901859376
C-12214,89109.00408033509
C-30885,31033.158576673242
C-31068,140297.75716789474
C-37541,9041.663829035031
C-10041,44018.389699471445
C-45988,58831.65937343975
C-39341,44076.514001215684
C-28486,89154.95061136704
C-19409,40344.458167348
C-19739,4807.06611636185
C-34540,48992.17701285939
C-46707,-7952.299874871489
C-17492,36632.825928514794
C-3890,13037.671177025819
C-48846,37984.261704412194
C-21450,9683.986213609809
C-888,7958.760825292724
C-20044,173156.9669811034
C-19014,2420.3446145622875
C-41456,53779.05973241116
C-23799,29075.465218615405
C-17286,23086.213175498844
C-33761,31249.97332220053
C-492,118829.56842316399
C-43593,42243.575479482126
C-13548,21192.769371035713
C-833,22185.4326072933
C-40177,34823.052806139625
C-29534,21431.545041983118
C-24673,711.7542396060744
C-43609,36157.54050285726
C-49847,44601.8163581976
C-33668,47064.36430208885
C-17859,19501.422780091158
C-12033,44790.78162421217
C-30114,115974.02464585255
C-37451,27826.176470604973
C-42281,57225.02452459012
C-37994,16112.778426219895
C-29885,130924.89217675562
C-37983,73328.3852462336
C-28700,17413.936884779345
C-10189,21910.652303930063
C-3108,79089.90439975976
C-8712,101079.32295926583
C-41096,158006.7551703165
C-4319,32096.020824078238
C-3881,79253.1861462512
C-18088,118972.48259884953
C-1243,77859.59041615477
C-22715,117252.15187412979
C-32183,67053.93285775572
C-46117,17189.825883047903
C-27876,52374.9818205851
C-8493,31585.11494910514
C-40622,29035.649834832308
C-9213,59732.99836876219
C-8167,103182.83886284054
C-28680,58460.00956846359
C-20714,59246.87050733266
C-21015,43382.30124077629
C-8882,78206.61570778074
C-46869,8894.933217070931
C-22000,13518.45889130421
C-28368,117896.68702068842
C-31313,33130.68124253277
C-11597,14139.140617132849
C-20509,172863.73958885568
C-29817,19442.565902011193
C-24065,28868.534384472674
C-4642,45531.496512311714
C-27655,-12297.690094738886
C-7569,51077.02548499877
C-48462,33483.35913565222
C-40479,33567.97569076253
C-21585,60344.65201880165
C-43646,44061.39040879357
C-43616,25607.283484386564
C-4445,34139.56106953445
C-25988,23027.080065294904
C-29982,123658.07550091487
C-22519,-202.96571628311358
C-4732,64536.10806103725
C-37459,22212.86129298814
C-34858,55614.858130121494
C-10008,42557.055903282504
C-7840,33879.275679758735
C-40694,7256.158451497831
C-11077,27763.332222891466
C-2943,91258.99588999905
C-44222,38613.25804319019
C-33233,52915.81462483013
C-35720,36976.84511420842
C-45223,6522.728121030625
C-42604,74792.4317891872
C-38853,9355.202362459131
C-39669,27903.400549253987
C-13792,48043.81868501573
C-44773,6929.054865811173
C-4820,56770.48169058106
C-47487,26764.170242745044
C-3648,23382.17176444681
C-36876,66086.66523289875
C-15540,35225.3503844596
C-24479,31516.713262791367
C-46956,38285.22627603074
C-15303,99628.07304122356
C-16301,64106.85513403111
C-8768,40431.3896897469
C-48974,46511.887826132435
C-12415,41714.572646863235
C-37967,18220.95845751921
C-21951,49382.35571421258
C-31289,46543.94903869019
C-32108,53046.99980725084
C-15712,38910.48408997801
C-34151,23154.356614129298
C-49455,25913.750033852208
C-25,48468.39993654375
C-47269,30364.208032966904
C-49297,58742.72508273307
C-4921,21010.665566546537
C-35913,77621.40331342991
C-20052,119621.44947473967
C-4414,3417.461389458331
C-45896,71251.71529159944
C-19408,45966.78274579142
C-8232,90191.99022088596
C-46395,34240.47528681134
C-43507,83995.34265909114
C-8075,53117.67298182246
C-33030,137174.9863597203
C-34133,-3324.071041892028
C-15626,3963.8841271722267
C-47066,195400.57291392965
C-35423,94300.81117761755
C-14505,40573.86254708335
C-6419,29598.705810556497
C-3026,85508.38302906763
C-40519,62079.33155539901
C-28638,86754.24370457779
C-6459,96871.43330864525
C-32664,28666.759155534426
C-8691,84477.77193934946
C-33175,74770.6782039726
C-10801,37875.90701832721
C-45406,2254.311034708706
C-45210,51128.334523528116
C-33334,65184.866568790334
C-15360,33881.709226995365
C-6626,19120.261429870778
C-43926,-2456.7635004602635
C-12728,17946.875259152246
C-31879,6539.213028723112
C-21740,-2290.129023862595
C-11208,29907.17074114411
C-47271,31277.824502308657
C-19678,10029.88951060579
C-37742,65742.62189083228
C-26535,42570.68240571236
C-7981,106745.62938436252
C-19469,28858.685071805623
C-45495,28622.164598297284
C-30206,66687.89486878997
C-42055,51982.47227297096
C-358,22275.54710584237
C-848,-8316.331477373955
C-37697,-4204.899556940953
C-8063,67921.92355917912
C-6018,72798.58384310438
C-29511,8210.9940762872
C-9029,23226.369365784532
C-47879,34321.41141169406
C-35772,40951.79847850141
C-6336,53283.78047522526
C-6141,42775.42133893524
C-3857,23158.10696417536
C-24626,17830.920065532548
C-8973,9808.877626721638
C-3491,59330.39534242642
C-35631,26898.03462825424
C-32915,65121.95127876881
C-38335,27074.078557993453
C-21503,43597.04020257879
C-36622,-8965.844474168203
C-344,19797.58185124359
C-33876,52236.254980454956
C-37743,9178.319034526969
C-35233,35318.064934457114
C-47668,3349.115149925223
C-30580,89629.27306993306
C-44639,30359.727114233625
C-3597,59066.87976487002
C-16615,91619.75476469929
C-33547,29802.554344090437
C-2812,36104.12579041777
C-31466,32743.903113666016
C-7853,48107.69673733605
C-17390,85356.0214512938
C-13895,102150.21112301871
C-791,85555.2333089653
C-45126,-3328.980691695331
C-18253,40772.32587512121
C-15233,16537.37440124305
C-8464,34463.65364280765
C-16248,99822.7768986937
C-8572,13411.428714486487
C-36110,54828.51167943698
C-44606,-7097.3976283076045
C-44188,9854.546587482371
C-15095,29680.541467434352
C-9770,67420.6375351539
C-49164,8641.668007501241
C-22909,9394.643906955367
C-4247,2013.641971246354
C-21985,20420.66164786045
C-48739,44030.268892441156
C-12270,8682.671116837337
C-33481,99782.5492367486
C-48296,38638.09772868642
C-28125,43427.14546948488
C-42052,5946.147311679888
C-32304,57829.53508155611
C-36499,16387.626528408102
C-48149,45957.06355992005
C-29292,89055.9144416537
C-3303,140525.28858738087
C-26139,31870.454446223273
C-2781,112422.06808739429
C-19133,85605.45612375681
C-19390,16576.403559475075
C-25546,79651.9040347369
C-35625,31243.104766186152
C-34844,28734.318221684538
C-38043,80755.04844878873
C-1848,36273.90169242753
C-16222,112240.8315750468
C-40099,107342.92238616952
C-47770,10679.486737677471
C-41234,90856.50532378265
C-25442,89078.36332377023
C-11896,86096.19411442487
C-28857,62767.84745454825
C-24888,32181.31193559203
C-48102,78696.30984794069
C-25383,15648.793946716098
C-788,33730.20375156099
C-3722,15674.363015687886
C-5433,4812.727882641251
C-6302,24366.31434676336
C-5595,76097.62083648151
C-33284,22876.019055633624
C-44407,53441.68849832079
C-37421,89831.13242061892
C-44737,84980.30449000915
C-9554,-5713.767761108684
C-7379,26652.10677375966
C-23085,21289.755943023032
C-17784,29508.61856576399
C-21719,2583.0759527821065
C-45823,74846.33833435783
C-46961,104790.04771258926
C-13561,18564.967199748186
C-49206,13705.221820670631
C-46393,65393.42341153839
C-46890,35634.25239050128
C-35116,21931.477334464427
C-31039,66057.97742512282
C-10804,27535.13408073342
C-33118,20744.196859604046
C-5416,31716.524252983436
C-1973,97836.81342823787
C-26663,34145.7201845987
C-21887,16073.748591684478
C-41514,6019.171448728463
C-37928,-2029.636661641307
C-18032,77853.54311355145
C-36840,25319.391534912604
C-24173,31034.59237879524
C-29531,72413.50891328478
C-43270,8193.249219984864
C-4425,41121.08917199271
C-27687,35802.1950646962
C-21457,45091.80180350074
C-23751,44812.60691150505
C-32723,121833.54589703942
C-14800,37749.558815714656
C-22587,14999.023222060641
C-25805,2026.8727899628211
C-38545,6209.283192807248
C-21693,38376.83383099754
C-13386,16631.351884835698
C-15636,10308.166667777688
C-3329,82526.90852830042
C-30193,87149.13929389199
C-15396,123651.75032180524
C-23253,35535.59447834041
C-39837,98317.35679312615
C-16454,58772.89477264157
C-27817,78878.99809158848
C-37556,38244.5617501005
C-46057,47579.32564668451
C-48474,82634.95804500928
C-2090,8167.806022430581
C-11582,69081.24015834574
C-38493,78701.35717655925
C-30365,21344.748385622195
C-34851,2899.2887280773284
C-17069,24957.659514439445
C-23747,49041.81781856455
C-20190,14910.542847510878
C-30229,54329.485004877046
C-22930,32661.27767659954
C-9788,35818.94729111475
C-6503,14631.203932065764
C-45262,74984.65501905393
C-42125,106863.22789470566
C-34198,6707.829134751984
C-6404,80677.75817842565
C-46955,25159.42472089897
C-24171,74840.97615792709
C-2,4861.3571449449155
C-30681,39817.69664544023
C-36864,104440.60553332922
C-45117,17239.44369185404
C-9646,1685.8010215683025
C-45372,34528.85722207464
C-25741,43940.33038763463
C-40728,65347.566560576044
C-2774,65544.62745444317
C-16603,89802.25883537381
C-43561,36012.582290678176
C-14945,44251.3503776412
C-43480,64194.522725452094
C-44292,14268.022505108383
C-28380,84620.92579469076
C-8138,-5670.186262459538
C-4178,-2720.2916491140204
C-16736,28036.647232251657
C-41963,95378.77069511931
C-31384,72819.63065702339
C-14667,40025.46992548264
C-38942,43197.9267474907
C-10714,39815.809082000465
C-20134,10102.441066079875
C-41726,24043.01385777552
C-24850,31906.231467639554
C-29288,53294.194708391144
C-1164,55754.850448801146
C-47672,4656.471442558133
C-37919,26181.85130126286
C-37597,41015.470827280165
C-38076,40554.06659983959
C-24477,12619.515058158431
C-23914,60667.60167447942
C-13301,28246.91398736173
C-18539,72331.90720613227
C-23044,-9703.856403142825
C-21502,71150.7142963125
C-40449,310.4248989054322
C-28586,8719.277081978027
C-34718,128576.72976156992
C-41186,131274.43230798468
C-47296,58610.67298033545
C-20525,58808.74611614448
C-12347,16401.519098481076
C-25324,20427.37258476388
C-9161,19060.593709749955
C-142,33691.75839680513
C-24807,-15340.504195478294
C-38145,42704.656629035475
C-36162,11581.405232331184
C-22871,1251.7980669744866
C-23871,4957.8104497937675
C-10886,146369.4911181842
C-24266,20362.75141458238
C-767,26428.70052455955
C-47811,7047.958753452665
C-35686,113985.2121972078
C-38776,75940.36260441781
C-19205,105385.61050101514
C-11544,19785.270329297502
C-30961,36583.36734211208
C-27896,-72.4989104673441
C-43973,28261.618274135486
C-19217,66810.02375465928
C-6700,-5560.744886011322
C-24717,103069.08466233991
C-234,56705.94429525889
C-27257,79754.38340274681
C-15186,31941.888964774822
C-19423,30836.426395033937
C-34623,40084.555059824015
C-35508,23876.577102272164
C-32209,2342.536759230592
C-13543,30921.758166139763
C-49876,36654.47121634809
C-35561,77642.15621173407
C-4654,88412.58738282349
C-43417,58994.03343488252
C-17946,86095.04382432607
C-24941,26574.99303427242
C-25018,-848.3576261364215
C-48632,17511.40295305622
C-42012,-599.0792173878144
C-340,109953.77269417104
C-7306,10937.404522858182
C-7686,48257.93569396599
C-7859,42189.15637555223
C-7909,86103.87060072635
C-8351,92602.67549420326
C-34669,26755.116951382035
C-11556,113623.38334204916
C-13389,51269.83121195153
C-36628,107919.1512089275
C-13333,-15374.173507465952
C-49643,42184.53770359236
C-28367,12997.018021664408
C-21252,40809.16990384398
C-33744,25418.637786502433
C-47128,32222.115810866417
C-38056,139598.75981803043
C-46932,27817.878882691384
C-19919,3481.356360959471
C-20342,162451.0545918749
C-20495,68263.9935396995
C-48255,33134.95975727415
C-16199,13238.28240307689
C-38294,44288.73992871431
C-22310,58518.67806096902
C-28767,2717.9642507714016
C-6701,26862.18490422999
C-45110,26579.44554343152
C-314,35693.53456283204
C-13294,17647.411053402306
C-21535,21750.64202329128
C-8253,84997.40393497143
C-33158,11909.36704749056
C-25415,48430.43965925323
C-45958,116170.80942361447
C-41650,97210.94033685577
C-31177,29829.21081403036
C-23397,29139.396497358262
C-25316,96311.07257865141
C-49620,51897.317942785216
C-7322,50290.33540913503
C-12612,6892.193425541671
C-43390,18456.87042441978
C-48040,128109.26529660795
C-28288,159101.74446792665
C-4185,174832.2634055275
C-40164,139428.59631206404
C-48273,44790.76849477718
C-29580,1340.6230703490874
C-3067,18619.143546394913
C-19236,31781.3559969169
C-48357,26613.82625947025
C-23266,12027.8001342664
C-42866,36632.31196207364
C-676,84043.9848667421
C-35834,56437.78718618008
C-24786,39076.204120616225
C-8283,997.1283821796096
C-19547,81938.70352955651
C-42908,106265.79120749031
C-24980,25108.79887024978
C-44864,32821.07854984122
C-27674,37433.31739213089
C-41126,13448.901650459593
C-29181,83203.94399302898
C-37609,49077.103175186574
C-49723,20388.66511511725
C-20105,42119.43277285925
C-12704,69445.26977382762
C-8961,48007.82960957474
C-7910,41112.17673269291
C-44942,130045.42184440649
C-6706,23282.439106400674
C-16896,94315.30143149082
C-49732,840.8056914214467
C-7595,13690.918101112511
C-43888,36704.83249235676
C-17945,115657.74051754193
C-35849,6588.384609710192
C-6745,24524.26276829057
C-15353,34818.71081257201
C-17401,6594.617509346652
C-12059,32591.230681518013
C-24289,21067.356527241434
C-34904,39323.94824286192
C-17468,153209.00292160606
C-13138,51263.51468221188
C-15230,20997.11578951848
C-49224,128925.07071426339
C-41150,20695.071799203382
C-6187,56264.26383922438
C-18733,11210.490756866027
C-37017,41776.97228417784
C-27327,96616.35619378946
C-30429,33683.76278607583
C-27748,26105.509332115627
C-13802,32095.502113121398
C-18475,14353.86797972989
C-45774,43893.760529450534
C-8072,56049.865125769036
C-35908,5222.230930137128
C-23109,24220.19279904336
C-26822,32594.338969818666
C-24707,106293.83641531187
C-20526,27089.91468045368
C-30424,40474.29647095021
C-49418,11119.78888029023
C-26479,25432.365358549458
C-8387,71700.36835023339
C-6655,22738.710905594846
C-37042,77309.76258395042
C-279,287.210235102335
C-31834,36022.57260077143
C-11843,81536.840021885
C-16974,36006.73689470328
C-33171,26383.851371862147
C-32055,32404.94262193262
C-37019,3318.4526207534727
C-33443,91894.67717899523
C-20162,19991.235905189
C-28139,28303.556872924244
C-34162,22012.353263553417
C-31262,27792.78160424869
C-1638,41562.21102778007
C-24102,-1401.760893447412
C-17127,25288.56939839306
C-44900,30016.093488557563
C-20150,9968.689017846897
C-49986,27342.53460228426
C-18561,76083.17067339466
C-21931,77766.24907706717
C-10454,75813.98187959782
C-2782,69533.18539421404
C-16404,112256.5569294916
C-34884,42625.48781800287
C-14495,43783.86106882412
C-27484,29346.106136437636
C-7349,118548.52129492814
C-41417,8046.825144280025
C-11043,150212.5258543301
C-8502,47084.726701806336
C-5180,21690.742520342483
C-31406,19329.814590094094
C-34649,42188.88763005962
C-40853,89960.25432399743
C-20794,-9044.536217774352
C-16072,35637.57338500199
C-14349,62372.545374785754
C-40156,20781.961288332925
C-4038,18080.05818787552
C-37995,38452.01061491425
C-13929,18597.870959643365
C-29045,34613.243415905745
C-42664,4244.3596793729375
C-44027,4085.3788218652553
C-25864,39352.69115790811
C-38973,112413.69857462757
C-3245,-1765.432856039988
C-47958,102904.64153097157
C-40066,51708.745069622775
C-10888,40523.72474813868
C-16474,29336.873474988326
C-49410,31151.65566640481
C-17402,25317.543349431562
C-36328,19749.587733356537
C-40670,33195.9307500913
C-31272,5920.710292838798
C-6845,28861.25205166805
C-5943,33592.92922511612
C-15088,42323.66877462864
C-22899,-8854.708221595414
C-45980,115121.90592413647
C-41751,35430.99201914433
C-10843,14863.113225872585
C-26299,-3720.1242114961715
C-47615,34744.31839403248
C-49981,17608.76116588451
C-10084,88870.1212526164
C-31452,-2748.9329182078072
C-31035,59187.12428454728
C-14133,-7724.934706110085
C-7290,10830.6575344148
C-34603,4288.282929443798
C-6808,31395.04048506618
C-35252,152075.0468987048
C-16224,12450.083504039612
C-2123,4407.024419938876
C-20269,9712.723239413164
C-3363,57936.85037276116
C-18074,9658.752348694848
C-48195,31201.080947615344
C-769,30693.923224678547
C-19321,25992.379140531335
C-44401,65903.31100021498
C-15922,39685.59179135185
C-3637,50350.47562861332
C-46072,19187.70838270717
C-29609,45125.23958340384
C-29405,23600.350295122767
C-46731,60298.69237783877
C-25601,122473.45409436691
C-44012,34191.32680263402
C-29369,49008.24761636981
C-25011,53942.751598154966
C-23207,59888.02564934731
C-4665,35147.18106592924
C-8285,7868.938112725256
C-38097,38322.707288960606
C-1543,49892.491389508716
C-44795,39771.664753840414
C-4112,80766.52772433142
C-40573,35307.78800592093
C-41959,101244.7079842789
C-3176,32347.086998207313
C-41033,53935.11402654215
C-14605,53876.60229022339
C-37909,71838.87748687466
C-28392,36063.09174203758
C-35127,62308.71566613679
C-41441,106788.8556191913
C-49240,941.2216675339441
C-9254,39257.79279136221
C-33056,34535.47508859395
C-43487,84524.3697925756
C-31785,4398.436829276128
C-11568,77454.54657039509
C-29018,88614.06257660223
C-39340,67372.4751182655
C-21831,62097.51453633308
C-13230,61850.664555891635
C-9835,105282.92488964343
C-10699,32304.941361385492
C-23007,55804.70982481813
C-2300,37792.27040819306
C-31891,68829.65154940834
C-4265,90153.76898938755
C-20562,96665.49912439313
C-4390,96597.32616306632
C-8428,1395.9204084547746
C-2751,74550.47570889989
C-34744,124853.51102282664
C-45670,24275.171929094533
C-38245,100446.3480172783
C-41939,78432.89294707026
C-10157,23644.23426625637
C-38888,99894.47478786785
C-33270,13941.246760841568
C-5472,19242.200311423323
C-14616,162516.23656791876
C-19117,64692.439262764616
C-3437,96793.58585917577
C-15329,-5667.936714434763
C-39235,27366.51089404901
C-24641,55618.71764446633
C-15036,54918.18461231646
C-14242,47204.403234030884
C-3728,68949.63458592912
C-1765,22474.214078368357
C-5902,115117.99834236965
C-24292,77905.7725421505
C-13776,62108.364479131684
C-36051,97649.80553755784
C-2842,30930.318261050877
C-12723,-1141.8407477322035
C-30610,57198.59207971707
C-13165,9431.983235306514
C-47253,-1923.6849356086532
C-11392,54830.65547535627
C-17208,119628.6859219825
C-8934,11720.435348044062
C-48894,72171.32539566807
C-48350,6602.346876930591
C-1789,71530.32214460743
C-35400,86077.14715539177
C-11614,22690.45614593159
C-21786,30582.70848553487
C-40739,55936.23446238479
C-7029,55527.436566984026
C-16579,277.2315577221889
C-41354,-5785.084644026152
C-9342,105046.2851512332
C-23382,17607.788279115546
C-29485,44541.88926834751
C-15651,83014.48493419263
C-39917,107386.24974306386
C-7671,-2371.1929489669856
C-39282,22605.64766526107
C-21149,56318.17112468973
C-1448,77768.77045483657
C-39303,25064.29205302445
C-11872,9289.712664326144
C-37779,16147.409578652783
C-20397,23875.093460364984
C-26516,92480.57485540262
C-29533,67403.18412169546
C-5251,40586.941250544754
C-25386,42658.386242684006
C-10254,49395.737800774106
C-37841,63415.516225532774
C-2018,22821.62421801284
C-31570,69397.09775285784
C-6772,87207.89455827468
C-1580,-4855.116309597797
C-49057,1844.0725428826117
C-5047,32654.513213642247
C-32868,38905.28340653084
C-36351,37501.95706810035
C-6689,47328.844719105975
C-18302,10825.161358381454
C-34550,88400.58349595063
C-14418,20087.031173420248
C-16447,5325.475001635634
C-36895,55613.95342702601
C-31133,35358.177205864806
C-46500,113981.10843749669
C-14708,34207.737309336895
C-13161,66759.64903277115
C-25885,60675.825098099245
C-39364,32614.350637563308
C-12420,15541.180619159088
C-32549,42481.529199433666
C-45704,35061.36994298466
C-2891,13545.89212077653
C-47673,8777.1637343267
C-46341,87698.86053072657
C-30949,83289.92700940455
C-27623,5454.8450087859965
C-10958,189383.26012784452
C-42024,30024.026310055877
C-21104,122899.4286472043
C-38909,48465.700811246534
C-8514,18987.93771576345
C-10203,15275.11335452782
C-46525,19657.8520587799
C-12190,152279.2658324185
C-26683,16866.136151251943
C-15257,29401.08951098792
C-26435,59154.10079750704
C-11065,36637.61571542631
C-31630,55182.075022255216
C-18907,122828.1900359778
C-47372,60861.25344807385
C-26836,9692.902533062836
C-12677,71532.0155785393
C-38971,50474.85600363346
C-1616,7329.634280602717
C-21112,30569.961328917416
C-37592,52581.534470578554
C-46546,79836.15961199824
C-30863,42061.33189518293
C-10001,43366.612889309035
C-12619,22613.546523890935
C-7921,43615.19735059306
C-21357,-9090.956544947461
C-9054,-5721.574509574777
C-19124,45230.03350059871
C-7316,35052.023396640376
C-6049,12575.165693167284
C-49882,2649.2430636052304
C-33154,90058.4375499596
C-44743,573.4616936967504
C-1066,45541.05483281379
C-47532,19225.71526033691
C-3512,53707.164485345944
C-19255,37441.919371081
C-10924,44492.88493519634
C-1762,64642.957252921115
C-30312,38373.88980373719
C-16059,32290.461656043735
C-3136,-1898.7066627549211
C-43703,47719.8454209716
C-38855,16703.75972370975
C-5503,66774.85799249788
C-14067,31940.848424611428
C-36975,81930.59878928009
C-463,5545.316407441242
C-10586,113940.03402110472
C-30419,43843.705339695094
C-31374,105223.5809523898
C-15714,96989.22503451847
C-35189,64822.99826119252
C-5954,130801.37457090308
C-44721,57686.743734213065
C-12821,30642.572172895023
C-20369,110626.66472200921
C-17183,46037.68937357393
C-48631,97151.78592244149
C-12319,32890.74464785264
C-29652,31286.881557943932
C-10569,-1041.4955669237388
C-42555,42934.63784183869
C-49936,87379.53209284405
C-34746,102793.42889714711
C-2768,19785.802449907398
C-2106,24692.920621209618
C-45701,53514.50557250166
C-32656,61832.693390951696
C-44920,-5100.799185852149
C-17853,5962.109452186378
C-48536,36264.74927424865
C-5939,20674.95031421921
C-6762,69760.79181278622
C-18773,29990.70414382995
C-21196,35657.166221009174
C-312,12248.9992955622
C-40534,25282.718912840166
C-13039,43357.12833479206
C-27855,22234.757288423218
C-6584,4685.409656171614
C-43990,88769.51377316844
C-34226,3204.3678792811115
C-12681,17662.173494542254
C-49427,18917.428096070427
C-39201,17108.183109577523
C-44712,41470.41754570913
C-47721,27585.84264631898
C-27587,95719.3181223561
C-16103,80190.29049086118
C-12506,24196.337235061506
C-13462,53959.961461893385
C-44408,151262.01482611382
C-37866,117129.36943892327
C-18163,9684.0146711743
C-2320,15278.917097935166
C-12294,28793.951532667925
C-46728,73509.98360352403
C-22855,93555.47421653359
C-7662,69971.66354041154
C-15113,10188.568340338818
C-20519,16850.33584794947
C-27670,49838.665170454005
C-39069,15120.342176536928
C-42194,-14627.799258669016
C-4931,63305.23783482062
C-34262,31485.427691608467
C-36278,-3127.4920902734084
C-9745,13565.106678444776
C-32965,129677.55437778815
C-11169,116883.42719784666
C-30108,45837.51225767835
C-36971,32631.965556154915
C-27076,74944.10448840841
C-10506,10801.577065004632
C-41071,57293.77078287877
C-12346,177050.20551412372
C-6146,28576.79976595928
C-40504,32773.8762334651
C-24748,29740.986674806918
C-30042,22558.028804230948
C-31074,52838.35699331593
C-29886,27701.80841322249
C-6487,56358.52725005084
C-28352,83295.83990120524
C-49267,26416.572554297134
C-42058,11678.772438961343
C-15928,167692.06165678016
C-13500,93341.76371084792
C-48084,28213.222328811964
C-10346,28670.921724291424
C-34627,-2939.55076529098
C-15672,64778.790697435106
C-7707,98882.77083398745
C-6903,3434.2129361888146
C-10817,51827.850457907436
C-18206,50725.598092723885
C-6089,55950.58968832971
C-33310,42771.34594454742
C-5506,43637.75217765213
C-10962,32006.988232356078
C-35038,38639.22703407605
C-10855,64581.802283243014
C-38824,3723.35400110553
C-44423,3911.069219214718
C-49903,116677.96092551622
C-49878,15309.277682391803
C-5512,56434.93587653797
C-46581,20751.502738723488
C-11,61155.91581418863
C-44459,16605.37057866028
C-29870,192587.5664033668
C-35195,39029.24079781606
C-27400,4577.254318908555
C-8788,76914.06267344703
C-44237,10683.583510174067
C-388,40683.43796188876
C-49271,40016.2442938953
C-20656,129725.23959802062
C-49203,20317.108882387714
C-43472,121858.53339671365
C-10063,10603.353025952725
C-4808,53508.00004699319
C-25609,21521.640232703634
C-12211,41147.678772727224
C-15760,38291.41561687544
C-27919,80179.09428008925
C-19092,-1557.9950340677751
C-32740,6854.29322522632
C-5640,24347.790710633744
C-7009,74528.16429276639
C-13874,9734.93261897759
C-31759,17358.85368372496
C-43897,34596.76871274363
C-37295,38034.86913974575
C-8344,94400.42967648403
C-31364,9220.529088674222
C-25634,106983.22655626257
C-32030,31965.093938982518
C-31094,31350.789996018546
C-3165,18087.24368055551
C-11198,27218.419120633735
C-20906,136621.30924516142
C-21399,-9138.552694217287
C-41066,19896.321235833224
C-47509,49409.87901889251
C-49794,77430.03811410074
C-37619,107077.03983233677
C-5317,6125.527261159201
C-39929,54334.34039028132
C-11037,20377.849347766
C-36837,50792.48614791479
C-35114,53055.590375949236
C-7749,32906.1245416688
C-4900,-5046.132577670913
C-16436,78.01394957415323
C-17520,16720.098219154785
C-15876,68419.1094487558
C-44869,23571.9320711736
C-1886,-326.7345138681485
C-34919,62954.765951648005
C-22592,51049.1753488961
C-5167,57651.740186391355
C-41653,32468.497102563877
C-3564,49592.54638012017
C-12476,69717.02099944682
C-4564,4617.961567604107
C-29515,92357.00308233817
C-17891,30278.889867763708
C-41639,99174.8729361016
C-14274,125512.35303362427
C-6369,40863.749467714864
C-310,-8858.614937849932
C-42794,27893.533725402136
C-3674,154349.7880276192
C-44997,36181.096031905836
C-35391,3032.328691739749
C-35624,14731.317075533516
C-39399,74778.74219254623
C-37448,52374.77557869275
C-23190,113487.72701294704
C-24594,22218.89426627288
C-23428,15310.037857092444
C-711,97829.45648900552
C-6538,32225.893638919948
C-9829,100641.27700962307
C-21715,24363.485217270725
C-25081,21066.45178479969
C-10545,49645.34644593463
C-35999,17051.509616067582
C-16986,41687.78193290729
C-45044,17004.351121598072
C-27408,226276.32055306964
C-49295,46330.895505418666
C-8222,75979.59186847956
C-19152,43905.82583044178
C-10325,20314.05371090493
C-5827,151646.76871523543
C-37846,2157.1001312734734
C-31150,83474.12205755874
C-44559,50948.09898152624
C-34072,14900.815246552069
C-13609,154018.69006394804
C-35968,27672.6478370145
C-31169,31878.865639639935
C-25675,22446.918390679395
C-42152,-10003.452097881192
C-34315,53.93516507501772
C-21826,23764.107595208687
C-27909,56175.39763387358
C-16553,84203.34813602982
C-36793,58783.21072358229
C-11420,39831.63804187132
C-32619,38364.03036866457
C-26075,59939.8908286048
C-5751,12606.92548044103
C-49948,28364.216085509157
C-17840,67226.31009697643
C-19572,71557.23233750522
C-8673,42503.47986930939
C-6748,16835.121931190704
C-8498,117426.93866276757
C-37561,10810.273968053916
C-40865,139210.65545097046
C-8793,132375.95045077841
C-36440,78663.55698942472
C-45820,18378.081475505023
C-2260,40191.51301860388
C-43327,96159.57226915423
C-2136,27365.42608378172
C-14871,112.26904703757464
C-38520,33474.757687601916
C-48777,80119.17388874086
C-9299,10477.068341170889
C-43783,-4025.04088473467
C-47169,17471.182011862835
C-5788,69760.8735158945
C-33151,61753.17483002102
C-31416,55093.83971469375
C-18474,69179.34260217074
C-19763,48906.25229970762
C-39406,1566.8814192745922
C-14659,5648.491097544873
C-36607,15621.910282577413
C-1691,55405.46082305638
C-12829,19656.84443044092
C-17216,4899.83092015727
C-3247,74864.68282713654
C-20899,4034.9736658012043
C-35747,61060.64950644941
C-42177,46581.85243792652
C-13716,38925.7931512393
C-8241,130368.32195178041
C-31029,-2469.005991911312
C-29809,41979.56001723225
C-19495,84958.12147238263
C-15476,21064.797710675146
C-34577,22735.625107996966
C-13425,55371.019364357424
C-38163,92165.22191839837
C-19692,46266.230877531576
C-32971,9640.219486259419
C-25161,26610.604436913054
C-9705,24343.643482321255
C-39361,14795.963644648793
C-8838,22533.494714562017
C-32707,61948.566660689576
C-13257,35837.896067686284
C-5802,13371.448611775995
C-5491,22037.5447689872
C-19990,144537.39945979178
C-28408,3382.731114521943
C-2135,55965.543344421356
C-46037,38872.54666714638
C-4593,100511.1807473715
C-6152,26248.597730486435
C-45829,7869.5332297813
C-16074,-6797.300158835482
C-40435,13293.210131838874
C-17861,27136.893731744964
C-17016,69644.98638690318
C-27087,139710.78436451015
C-11539,54123.19621906418
C-9473,33638.60213262013
C-42034,72385.07187034914
C-6227,106211.9624743457
C-18321,59562.703790494335
C-28745,120107.90444827525
C-43648,13161.076165632381
C-2310,58614.192001978954
C-37195,5731.146063230612
C-39688,30996.191324544958
C-4065,94877.05435468932
C-34320,36015.2790727057
C-2641,75087.27512781462
C-18398,63221.32068245865
C-36854,44302.62167256896
C-4873,86498.03385054201
C-39608,72406.63950551488
C-37128,67116.8567531771
C-44261,23528.353640647063
C-14389,75523.94138578189
C-3981,118737.24344076961
C-5297,22767.875504237785
C-5891,24254.29455104043
C-4589,28933.47027731994
C-30023,-12145.764760425627
C-42931,4433.146825723015
C-30778,17738.680970543777
C-49858,51021.24067760443
C-19849,20618.195533318565
C-46899,57086.7474775258
C-28256,63516.27739669435
C-43070,127215.15989621733
C-18165,53405.423109374235
C-36059,54258.61430242408
C-13242,53261.46997313961
C-32985,59027.662874213005
C-41133,26980.77616491407
C-9273,46803.17757339549
C-12784,62512.75480111584
C-43992,68727.91029852524
C-33452,28062.475039995606
C-6342,2655.015316227473
C-8264,54247.77356249045
C-49567,68402.56026531849
C-31582,1405.7029490733112
C-15405,7376.159450221909
C-29962,25047.38532291337
C-28945,80303.7234935609
C-8166,64555.33452675497
C-29734,68771.62132521506
C-7380,56389.5857028162
C-14441,87974.60728791295
C-33326,24604.252777215654
C-17873,118795.21710968878
C-15158,159287.3721647291
C-3537,29838.866667464685
C-29655,3160.496469535021
C-17851,28748.420521917404
C-49946,76785.90710726056
C-2065,127782.24047472594
C-14217,37685.79088777393
C-668,17462.87352357822
C-25303,67294.98794482833
C-4066,29033.65696149667
C-29251,94807.57834127941
C-47785,-5641.916037899187
C-45982,61417.12196283629
C-18096,76926.58295818265
C-45744,69266.09183826469
C-44442,28585.138691355165
C-44855,80051.50052787008
C-47753,28411.320977158586
C-24468,52095.92853737452
C-47636,62153.46610107328
C-6449,111992.92138616588
C-28578,50224.19906365916
C-18436,37847.95652475879
C-34442,150755.0071876665
C-6443,101443.03570476439
C-3930,11007.206987354919
C-9060,14356.47788747782
C-6825,88157.82854846207
C-9346,47687.55593402271
C-39089,54382.26171384784
C-34510,-454.51886269992974
C-39311,43914.52682030528
C-14654,35568.20427955592
C-49022,80801.31153404323
C-14490,9081.667241066862
C-11699,-2602.291433976905
C-12145,62509.41446175612
C-49736,51173.1606955674
C-26938,23021.270315330992
C-34098,35101.201251949504
C-27853,77077.18829083498
C-869,62195.62452344138
C-14664,1624.078169510074
C-39726,8041.044500362921
C-43294,26140.172919646277
C-8675,38249.668654102956
C-30787,27337.21322876004
C-19402,34065.24167743759
C-35250,9098.249533437884
C-1520,44885.822190884326
C-43630,55228.01651280223
C-11714,15310.908011122505
C-17964,104146.15741986703
C-1547,47817.277062673966
C-12436,131099.86015555295
C-16716,20424.597239129514
C-8920,66724.80586966986
C-42026,10036.749690745179
C-10964,95965.37802082211
C-4677,51492.87023810507
C-19648,83077.06019331684
C-37730,58699.153243064604
C-2977,29445.92350134237
C-21053,102475.87717763256
C-14799,-7932.020550647896
C-9972,38454.08532366477
C-1246,79358.85894270646
C-15106,42480.63630833615
C-38275,27225.037808034984
C-13218,40766.32257942212
C-427,69510.91788299746
C-5863,32512.047865441287
C-5853,76405.96385600635
C-24461,42824.57178588572
C-25940,142652.62463307206
C-32235,151249.61782456914
C-5200,26139.858150292646
C-15060,92520.53034391285
C-3041,10320.435109852318
C-6590,79759.31901244653
C-7341,126548.40174847624
C-42269,78342.54387814636
C-28464,42626.44267840855
C-40140,108213.08028430984
C-9710,66610.97231783491
C-49927,2234.2948973052407
C-9900,47382.65793905562
C-31282,30940.137400347623
C-5656,-4553.095719787234
C-15522,122318.28259256519
C-27898,103022.52165249022
C-43642,52110.55733675076
C-2402,65843.79331308774
C-6976,46790.83264695818
C-7235,73092.56596090883
C-45209,32700.167898477397
C-43584,26581.91962364933
C-823,84253.64960536307
C-20289,55182.73664974948
C-14572,-4491.316451216946
C-17866,13888.914856981195
C-40012,11603.95843345861
C-18236,56938.21133207731
C-47026,19270.993948082083
C-48839,16097.020766575966
C-34463,75011.49630543652
C-32230,2031.8701563441718
C-39690,57280.81579043804
C-23604,4042.0809624011818
C-4960,34618.40031748938
C-16506,8923.252712174268
C-25491,29495.012030451016
C-4451,23144.435361038344
C-21211,27970.721667927704
C-7281,82131.94118063714
C-18339,-6416.874851424043
C-34249,95458.30377177655
C-29314,51859.47169286065
C-49484,45559.67306423237
C-34384,25754.903520634813
C-5998,74972.10947152085
C-26126,31988.703144356594
C-858,29886.445193373343
C-22827,21492.55204324897
C-40606,27161.970414609
C-22502,28181.473711896084
C-31905,42366.103462352825
C-9474,63805.34239783246
C-18399,10683.036289873737
C-9298,43021.05512930252
C-4809,84472.8460168667
C-35226,15778.634286111694
C-11951,13305.408993939702
C-2611,17035.244662486453
C-10408,30629.524364420224
C-13838,37211.66180299029
C-11034,115136.03584507556
C-34651,83323.69732480936
C-6383,36861.805211791856
C-13111,150903.1282224509
C-38646,42347.79509200327
C-42497,73561.03617612447
C-47603,121131.21877318277
C-25197,5886.890686838873
C-36229,50856.35872118066
C-24462,25348.753441059405
C-30528,29244.531753232004
C-37530,11024.960193477127
C-49191,43813.130630188294
C-18428,52061.95068391762
C-34823,31442.275192737055
C-14128,56844.209702964945
C-3468,38038.74769525888
C-13310,23667.562389630566
C-13498,23683.714269846125
C-47514,45049.263972493536
C-26839,68818.27278520088
C-37350,40935.146343245455
C-14098,35963.24728553208
C-3405,58861.864475107264
C-30046,53938.23419516957
C-38161,50346.95122089208
C-4796,31831.31890759884
C-25139,60777.46509849932
C-34745,18300.463586978978
C-49051,79896.45204652719
C-15958,5374.3223179221895
C-32775,31670.531756072058
C-15870,76080.20475880106
C-15481,108006.84470078298
C-30230,-3401.123382470658
C-40,38928.52634654568
C-29277,40428.823441880166
C-24950,25820.33218020606
C-7570,31776.06691040456
C-24552,10554.015168043363
C-13063,1609.8512102033346
C-39714,29354.81523948702
C-21590,10032.531872542073
C-24232,29480.41865386198
C-42126,27006.64489063354
C-48100,14146.401607997286
C-221,100510.87223145098
C-14092,69614.98996790558
C-30595,67794.9290226099
C-23444,29177.09345206645
C-4400,11522.96114190272
C-38130,19532.50107958197
C-728,30989.418321148667
C-48987,83865.67574863046
C-46509,22123.96852005659
C-42144,32466.438876015087
C-6679,18934.014252097455
C-30501,17614.013928659377
C-30340,29907.705143576502
C-29590,35365.96726850484
C-6273,42748.66810121436
C-22104,163420.05427732115
C-5944,26722.505505500365
C-3004,71955.82158385895
C-39951,37285.57950807391
C-46835,30866.696101143443
C-1628,34151.309522519696
C-32894,77581.78311425347
C-48007,53026.94685877408
C-13185,39764.726995123565
C-36040,99971.99334513246
C-17221,56544.28461442144
C-33187,42292.08780564503
C-8685,10467.242678387476
C-32094,55075.582595381136
C-29539,20407.722991271774
C-5090,115527.800667684
C-1341,98752.43362849981
C-28855,35917.659564320915
C-35419,47047.34951642081
C-8894,75186.34885099955
C-41805,25425.900383403598
C-12405,66252.08637447051
C-16605,115406.57995496251
C-16568,77658.88152238069
C-15777,71356.84982838506
C-28826,2752.4889263420337
C-4976,88345.61722048708
C-27638,66794.79803984183
C-10305,8284.833651263922
C-19949,64591.572479044335
C-37003,87133.51235993966
C-35629,47795.2617551657
C-37262,59991.462970909764
C-20002,41881.52071017515
C-24715,120624.15488417116
C-49216,47806.502838840526
C-43925,104072.71346230959
C-34270,61488.8088442389
C-37408,38773.52957664649
C-7147,42787.518128053816
C-37951,23160.49486999905
C-30915,76343.77417231652
C-4468,33592.02725430811
C-10028,67734.6051756769
C-3212,98884.26138882458
C-34771,43446.955289723956
C-14824,34671.702808792485
C-6050,21295.134914726106
C-19654,10821.987724488492
C-11879,33541.661651676935
C-20657,151517.70513467447
C-27302,51231.71176640221
C-3384,73180.36209884027
C-6691,13023.0030232118
C-6668,15862.345772023767
C-2252,78900.90422383827
C-32017,112179.80795162823
C-19676,101035.39446372206
C-42286,53574.19686329081
C-17474,60445.02076037096
C-48757,30393.34234228992
C-32835,59921.430198928196
C-35590,-14618.831168100187
C-8913,80107.50317498861
C-21761,18251.03252003365
C-39881,22740.523984746393
C-2146,-8442.710139514369
C-26063,91409.43717107695
C-5876,70949.88095401559
C-20493,7202.24275263548
C-14492,48470.892374840056
C-8817,105333.49069147537
C-40612,73411.76480434071
C-49275,-1064.8255184206064
C-23808,45386.97469233643
C-22073,79722.85472847112
C-38817,30068.810525676254
C-29323,53054.4169161049
C-19155,50690.59970327883
C-38666,64289.4300964664
C-46904,51239.641311445404
C-18224,9026.603353389917
C-42183,132172.75627193262
C-43585,47768.716139329794
C-3802,69116.97110386897
C-44954,30675.892472346804
C-43811,47812.07857961976
C-20020,40134.22091297151
C-23310,67802.51907588643
C-33846,106692.46107813556
C-37372,46476.680451985434
C-16525,49011.80392750705
C-16728,3087.8885692848926
C-25119,12206.541773853183
C-40308,145364.77262957266
C-2634,105744.25097757549
C-5966,56183.06645211355
C-8125,8128.40727160775
C-44340,10684.69275776716
C-18385,80119.25598894618
C-5383,5638.888088151041
C-38665,31268.745359257613
C-9778,9216.254754107897
C-28579,-333.1836220371115
C-46998,55092.20771501098
C-9164,73621.46384962864
C-37796,101548.19474885614
C-41231,6760.906046935212
C-37837,100724.53174665054
C-17275,191301.13004805648
C-46179,51138.48504448053
C-19468,16725.585293699445
C-14124,91809.01016889932
C-48326,82351.69612758624
C-38696,79967.13421721203
C-47410,20328.32000678173
C-23064,18274.260310334008
C-16763,139436.8810855699
C-27615,87675.99702943879
C-8471,29639.340081787315
C-21799,39061.39816028489
C-48478,27019.488395052766
C-18896,112465.27889956953
C-15711,107042.86747939637
C-48826,50567.24462499512
C-21409,142922.31669315236
C-13297,7445.117845868415
C-42600,128134.27723327304
C-29461,-6282.947314871635
C-46081,35725.19786731721
C-25148,23317.541428062672
C-12585,8992.558825883847
C-47607,62924.53925733546
C-30836,-1331.524112871557
C-24249,30939.943296464946
C-16503,32023.93312869259
C-34814,31229.230429828094
C-7124,6789.4313330494915
C-18051,31438.744453122104
C-19465,125487.41676156818
C-22599,7036.019820256573
C-20820,66654.71752177668
C-36073,17973.261793005622
C-24017,57152.50116345952
C-33710,80945.71178493544
C-2046,122562.39168123342
C-13401,142959.46770900043
C-49094,72395.92053208024
C-30534,61894.35565297269
C-38595,76857.15063298176
C-16516,55440.73182533428
C-39817,11955.860577762527
C-10910,34430.200939616814
C-2494,42301.47395081184
C-8334,7715.249108172873
C-2223,37827.18764276573
C-43428,8736.977210652156
C-45061,46028.036874974634
C-6970,89459.22181561834
C-19099,53640.06175363896
C-44691,19413.322609893614
C-29996,69562.0588962723
C-39014,13894.402986922563
C-41204,157153.80962487485
C-9116,33650.40180549005
C-2907,25287.506525774283
C-4489,1623.9057460477343
C-4992,39215.114325555754
C-12323,83540.90312077403
C-35990,23720.609675089152
C-5906,37535.15706092947
C-32968,7055.969267032757
C-14051,68649.74983353083
C-10270,39887.708444263495
C-3375,3864.9174640176643
C-37070,82812.25799754218
C-2562,75965.15755792052
C-16839,1061.9634353089132
C-1086,77720.63393171233
C-43955,23681.83553031495
C-1551,45545.344486693015
C-918,60298.55694893771
C-32124,16244.822401527876
C-33195,125380.19842250958
C-30928,107082.1100225391
C-27973,6305.580486100749
C-16892,143787.9142457869
C-46680,3005.199794119726
C-38242,78203.753662709
C-49368,9767.867574339063
C-19078,27993.71362549148
C-478,51603.41399121139
C-26659,17902.66992239275
C-42260,23591.864880382862
C-37937,99020.6647317767
C-21229,20285.900446890926
C-2289,67560.73729208036
C-456,130307.5615176497
C-23319,33959.022514079734
C-29300,22576.77551662038
C-31671,29987.07504226351
C-36096,49874.6652768272
C-41394,164830.15035713644
C-47320,-700.7019873433819
C-3632,60660.955560448
C-11832,46438.48656195818
C-44435,114648.39561983597
C-2921,23916.75560430322
C-20027,47352.92003814834
C-17633,18452.19311489287
C-44933,28886.864689573114
C-19347,37012.535852077235
C-34203,51880.87500542333
C-19587,48675.23451143707
C-4887,29411.608507533045
C-38288,17099.357290951022
C-38271,31022.94129212074
C-240,19929.38295048545
C-24973,28348.031045210308
C-34789,171912.7637615919
C-27709,56451.24464740613
C-44521,55810.00442126436
C-23220,20152.034473159674
C-29642,14818.781648969656
C-33169,15911.515556552033
C-15374,68567.43421897861
C-43794,74992.90146289687
C-3461,27176.4584392735
C-2006,-7400.9492922990175
C-41943,-3961.6651156317967
C-11007,37723.25567042629
C-5373,23865.68934813976
C-20936,89620.65417409106
C-35044,60492.88909029319
C-27802,92849.47645317652
C-18403,4116.693249403339
C-30884,44124.40983862573
C-29422,57450.60292139224
C-45520,39292.539458582345
C-27350,43808.940204967075
C-19638,118326.78993958802
C-48095,13582.724492915775
C-36145,75882.08568522507
C-28448,96714.83357301199
C-23478,47477.80830073075
C-4775,84904.4692842812
C-9746,2744.5320389361805
C-15669,24101.956791538632
C-41880,27719.090928494745
C-41334,61330.915396470555
C-18636,37443.780054888
C-11230,5969.502013356549
C-49751,63678.297515351456
C-14658,97941.03639940507
C-43712,43296.94887020404
C-35046,32605.247764989013
C-44850,7510.917359962994
C-5403,-5741.463594195084
C-3083,81345.84724313935
C-40233,59540.54950256183
C-2052,36843.342351519335
C-19732,45231.85077703983
C-3615,33361.320251630365
C-44865,64950.225703767
C-36958,62586.65795543873
C-10092,19027.505676215354
C-30739,112400.77744465572
C-9435,15442.975776290037
C-15560,4471.892122065532
C-18892,14455.580414125172
C-23921,69327.39836102544
C-3635,24693.429192933057
C-43859,10154.34763366566
C-21250,-3823.2991070459902
C-36226,62091.17583366001
C-8672,63870.35848367523
C-19714,36523.89105993424
C-4012,62560.83314696423
C-3208,48118.131328527175
C-41885,11615.656674362166
C-49668,20083.211701401142
C-11849,30048.601502984708
C-39657,63021.83076852937
C-11955,187058.92409373214
C-8083,11843.470098683894
C-23632,5919.206901181584
C-14943,14836.128806970286
C-16911,31710.504499788658
C-14893,88687.31726945627
C-33887,12022.691609553265
C-43489,58034.16169757628
C-16106,7528.1674664901875
C-49030,9937.674691164124
C-22627,56469.49703136608
C-39402,49623.15492580143
C-4200,123643.69271445491
C-43087,42060.314247802744
C-17193,-941.5477759690257
C-21122,75408.15988528272
C-9494,47172.31241704876
C-4172,30456.340109105597
C-36366,75361.60288772089
C-26315,47728.16055790359
C-45717,15760.771894109515
C-42104,95142.42969770721
C-11893,31108.41768046148
C-41752,30514.60087433647
C-35345,84223.55048071308
C-6955,67259.12228011845
C-2133,110616.2575250802
C-17197,97706.92849917265
C-22284,7583.237480731659
C-4670,7306.511181060676
C-11254,60856.59509356176
C-17353,37720.341993403825
C-14462,35109.26070737506
C-15767,116426.44205046001
C-47772,117153.01094653674
C-8093,63345.387656916915
C-35305,24973.766697874576
C-49863,39081.34146500645
C-41753,20233.11480044853
C-43504,53841.4000171373
C-3701,6595.895735449871
C-35376,26829.281061019046
C-45012,81495.25510684037
C-43555,25153.876601850367
C-36480,57944.7883372948
C-33989,10546.129689080997
C-7724,-556.7809822137497
C-7168,47041.75353013779
C-34608,18999.256951417283
C-42697,34778.98544038147
C-33996,-737.5626263294398
C-43481,69208.00555530492
C-48795,48689.44674975117
C-37435,34938.171392247095
C-17386,55567.40774829766
C-29610,-3061.0919561545015
C-701,-11174.839756758956
C-8535,77229.12674475634
C-21390,107762.85957969326
C-10155,38935.72104521429
C-18085,25034.18823801232
C-36588,60115.67740004934
C-11647,67919.78347972821
C-46933,81440.95977145346
C-664,25454.715776716945
C-19349,31175.606872464632
C-45718,55715.08708090936
C-200,14483.170256857615
C-13991,32811.022047503946
C-22690,8505.49595594006
C-12344,28522.867278406247
C-16466,12922.641601506286
C-4116,53450.04792848832
C-39022,18745.466091509978
C-37606,24007.383551904284
C-15295,2603.1908750150105
C-3847,14363.440232612615
C-27222,111682.14112899467
C-35860,18435.583703035754
C-26947,30337.01723816857
C-31352,69051.41084994923
C-32340,22231.572905215035
C-4224,53948.70118030596
C-19878,107864.94899695652
C-6860,-212.5156541603501
C-34819,29151.048174389394
C-408,46015.33867549285
C-6778,13475.928722681485
C-36671,77347.62730484342
C-11698,63535.1778430393
C-48617,149935.15520452076
C-34094,33530.13933864219
C-43905,18245.61719070439
C-45569,105865.75269880731
C-40894,49762.79701877235
C-36070,27064.176755560162
C-36578,1499.6845199884629
C-34820,55678.18667678728
C-5206,74176.17600829249
C-4179,69898.99776591
C-44298,-2231.0467794278666
C-27994,108937.00960217486
C-47405,-3241.459942458052
C-45220,14857.703070818046
C-29064,60361.91250295294
C-7063,47908.13496190521
C-30256,58965.03904150075
C-8521,38641.05893774791
C-20980,20088.158290416966
C-26454,-5685.80162076118
C-3480,32937.80579131513
C-33168,46932.828398459016
C-35840,44760.67550935967
C-19967,41826.74273253603
C-17824,70828.38952442052
C-48207,35955.860263951414
C-38463,8652.714893846322
C-49969,15847.849153334777
C-25422,10667.376955906875
C-49558,20818.91872469973
C-43002,35335.030514234284
C-6468,81909.09108923812
C-43060,35144.56323750441
C-5886,17073.549262487042
C-24678,104459.17828274563
C-9232,81333.16101458909
C-22026,51983.61083547407
C-49738,67687.86388048681
C-21674,18825.510821857646
C-24595,92305.35932120905
C-49156,56501.08740710311
C-8301,76528.30563654663
C-10628,39096.599491872985
C-26992,25042.18257533366
C-31200,87802.76812786481
C-36118,6962.6670541059575
C-18951,16020.770053403623
C-13697,-3562.529038993809
C-2463,54203.07104051559
C-47360,32955.34238450796
C-636,43984.1196967089
C-36176,71726.32966275503
C-48921,42653.266498462355
C-22950,141609.47959903016
C-17720,87957.93556100546
C-36032,-9404.651624158476
C-24780,4457.483795340631
C-6863,70909.73186062174
C-3036,76899.14591954983
C-34837,26559.65966830156
C-38775,46294.23641172066
C-37333,69749.47501513554
C-36100,96692.49629171053
C-33851,27644.245024848842
C-7450,28087.590984181665
C-26972,99303.5594464572
C-13772,7797.0535966222815
C-6987,29462.722213036388
C-45909,88045.0357297613
C-9219,34986.17058256628
C-99,94311.35578900369
C-11540,25848.48163458298
C-23157,41109.26184711414
C-23396,108545.3026278059
C-31667,31333.79145932245
C-31237,70915.10396773458
C-19936,32098.931869317577
C-37975,12455.417494761656
C-18871,19695.295978627793
C-46959,66744.97701349159
C-20042,28789.95801675351
C-49535,21967.757673159686
C-24664,42416.236145180534
C-736,138866.7155583441
C-44108,24946.329907193965
C-3132,82704.9312911785
C-27454,29223.872682224603
C-33976,28611.208844804252
C-45329,8548.666962640942
C-17062,92904.54176079964
C-41773,3238.9166734379687
C-9932,55653.08550902245
C-16485,26170.943906163975
C-18484,79630.8896571674
C-33150,75452.2154820525
C-4545,83145.07931491127
C-25551,41313.564367630795
C-22964,12638.5379028334
C-34832,25364.390941048016
C-31453,48201.738228073445
C-33090,55726.56706453228
C-48349,61841.23350414573
C-28962,9762.246589971372
C-10489,54763.29069708227
C-26841,28234.55531164244
C-28538,87729.67256914536
C-10900,34837.434975484146
C-5513,16146.468250169768
C-24972,52076.962956454874
C-6606,11218.175156956626
C-49884,58837.09886410785
C-14267,26969.181245360596
C-13408,80794.27425511608
C-7623,125583.93974072183
C-23794,30156.84143768187
C-8199,55265.19955945117
C-1167,31728.906115345475
C-38413,55704.27836201024
C-19381,58152.259899874036
C-2661,77155.80767706412
C-25857,100110.78585794427
C-13804,17807.184543863717
C-28358,39050.76644086695
C-36940,132600.06755758123
C-10564,47728.17566225802
C-30662,55954.54289948592
C-10471,9396.136644548635
C-12891,84762.0832544255
C-8350,9795.966725208244
C-33365,74606.5755615503
C-44092,88330.14277423313
C-45063,46277.99871190343
C-266,29810.86403256136
C-33374,73981.47904318087
C-31838,28504.673504426562
C-10762,123576.38199862815
C-8487,54995.86477040896
C-36863,2897.568696244314
C-25478,9129.441734446329
C-11585,22046.579551822753
C-7746,45185.95726000028
C-13629,50825.94979233219
C-25553,111781.06767720795
C-39889,52823.22674993508
C-45884,26249.207297493573
C-29544,108260.05562663337
C-5440,65803.2934497358
C-41953,55706.39715297052
C-2784,4562.939630912777
C-752,98265.75081665194
C-25734,38344.82760451847
C-22039,65636.88504713823
C-10284,33010.9000308553
C-5936,90548.24577679891
C-13443,52912.93824494239
C-15853,50007.839150735235
C-10439,78012.08770558487
C-39208,74935.85821116294
C-6834,76434.32710612938
C-4535,30051.894125289902
C-18848,56189.67573346049
C-16675,98867.61949562957
C-46289,54273.3221815307
C-12127,1144.0900123198808
C-38765,69373.6446934104
C-7192,35258.13646615525
C-44546,6587.187287888795
C-37145,32536.48855523958
C-6666,-11151.286137021103
C-19970,49204.63058464298
C-41163,81131.08559893776
C-31227,59953.1618119165
C-29907,70877.33093568448
C-14714,88217.64384462869
C-49223,-12749.476822134944
C-29120,25486.782329583843
C-35421,113847.83279898485
C-23054,12174.565072528225
C-39013,61053.86644683438
C-49808,98567.09254616546
C-31482,84472.09552396239
C-38123,81467.81655075372
C-2301,42486.52031372984
C-43471,27507.575214295677
C-3714,67934.52253970326
C-15991,59618.45072761088
C-36217,38911.49590826006
C-4343,24767.78915910935
C-916,-3831.162259111239
C-11460,92077.45359620362
C-3337,48745.335442545016
C-11810,13207.849098499377
C-7690,29519.44657448205
C-883,-2476.37844591288
C-29455,13412.07231988437
C-26106,117946.20588135479
C-41034,73333.9346002132
C-22711,8752.235307798815
C-49709,89520.00025379873
C-26404,95237.11672637842
C-5254,20271.068717374314
C-42905,22417.10573020677
C-28645,25732.926800983438
C-19032,4640.927271685025
C-46986,60054.24356808455
C-14311,44512.14599896959
C-28254,70237.22776937849
C-9228,12910.39705268314
C-31827,38175.09626130834
C-47842,17390.081113915534
C-6407,41202.06936301223
C-552,37180.2225399267
C-16908,109539.85739049513
C-34026,132692.05455278634
C-6192,11802.932323231391
C-29559,84146.26755529805
C-12279,50353.648424949286
C-28519,21973.509240290674
C-4208,30799.16309548752
C-13479,27975.034487251723
C-20172,92164.15858514344
C-7251,30677.65797729922
C-23110,32983.89682682172
C-20551,12688.313440014055
C-17721,106494.49845182893
C-36132,154481.75251047674
C-12457,70468.37481574126
C-18228,74390.47638184624
C-22317,137263.356321232
C-15402,19514.157665879684
C-4460,53067.25995596983
C-43933,80498.51216819134
C-29654,37915.860183463374
C-43721,25415.77952712361
C-6647,13710.116385328853
C-12043,68480.27077525627
C-8373,47356.71317151613
C-15175,120116.10742713443
C-47567,44711.340454129226
C-14435,4445.544057034975
C-40203,7264.872262585704
C-29279,68815.20958820956
C-34503,49874.73919470092
C-27323,61596.8364295367
C-25125,69296.40952602655
C-15185,13592.19495775811
C-28965,37087.40998963657
C-23876,44156.37154063301
C-6530,72099.79856553122
C-24763,65486.83876610539
C-35709,26080.98581967986
C-30556,10301.746160650124
C-976,42596.07193506199
C-28292,17177.05091451745
C-25563,86728.02193499694
C-11527,5970.895031090171
C-22468,36001.121506282405
C-3790,80264.54096583635
C-15298,14881.360718489617
C-49570,9691.837234916486
C-25055,27555.754077041052
C-24237,46246.45787938779
C-21550,61551.05234709555
C-5067,84603.03161303166
C-40139,30559.957155813627
C-18122,5940.873338112295
C-46471,102115.09708860703
C-42322,2575.462646109954
C-41152,103310.029909529
C-33244,17377.18409022537
C-7044,63436.463466379115
C-33719,24256.160136718863
C-25570,55232.52123318445
C-27913,48887.70283403263
C-41779,3777.7413073299467
C-19610,67169.1856167403
C-11977,37876.899475278115
C-24708,45669.39053839434
C-27805,43342.24663121141
C-30822,8297.293467960684
C-24131,45872.70800899714
C-13352,8159.590911487103
C-36119,37252.350845472625
C-8972,88406.95059469214
C-21714,60554.11505137295
C-46882,39420.795619483884
C-14849,30357.13443764594
C-44614,98207.14982414013
C-20113,65858.07723249766
C-18509,82132.8064953702
C-1604,12603.03896895524
C-46613,34883.937513732206
C-4427,88189.9339020288
C-567,47426.85616952635
C-30339,16778.91313144387
C-14457,43576.523778961324
C-10849,81258.58774542766
C-44560,27273.555981869707
C-10925,27226.50003074827
C-17201,10380.295128779777
C-17448,38434.109158010295
C-10082,59447.859966769
C-5770,90689.50002269974
C-42743,87334.117378983
C-41965,39134.53299061571
C-31665,31695.967840652018
C-28416,46670.71169533123
C-10236,11806.926475867047
C-3568,232.42528800547734
C-14515,11290.184345999005
C-1783,15582.357850612196
C-17177,61032.79757725762
C-20402,77116.02472462211
C-44316,39644.02338794063
C-1749,65070.761979646675
C-11642,43085.51569112907
C-5198,25685.53379780032
C-23992,32980.404735606106
C-8430,57705.39696038454
C-12502,76319.8756820588
C-27220,67781.24141360368
C-11004,15880.894028338891
C-41839,57074.9014571591
C-45219,33661.21892620664
C-2761,73586.33617097643
C-6132,71809.10537768714
C-47531,32480.480221242866
C-27281,46033.70376476973
C-32152,3070.5032803462964
C-3875,54970.522395238775
C-20696,32342.941561407257
C-25710,-171.60494967509294
C-40456,45604.42479100206
C-31778,93375.11914896443
C-40549,76293.136692532
C-19803,21090.487483522615
C-28360,57261.5299211996
C-7152,39686.409144260724
C-48519,59669.41301706037
C-6025,66628.90210864859
C-42131,28006.570215959906
C-7502,68674.04736935557
C-34368,61773.329915266164
C-40323,-6039.737433147413
C-49006,48859.569941576934
C-12305,56334.24916259012
C-35253,143356.13079202786
C-9109,23960.743080585453
C-15588,49708.42824727357
C-23512,28941.685955192832
C-24470,27817.389809996537
C-20750,18334.94350192324
C-42692,28472.914457922758
C-38179,30497.70519329699
C-28406,95792.8699952263
C-16900,70864.1243015609
C-31601,24595.146767239592
C-4104,19584.67827227013
C-36839,5764.128794305172
C-32064,35141.35965328611
C-29863,89710.43434050941
C-39931,22631.469646338694
C-38039,48083.314032518814
C-19711,-2449.1205744409963
C-23848,36884.595992316725
C-6098,62993.37276070038
C-44675,79822.50191310151
C-13634,43711.702843305524
C-45605,61012.34396892658
C-39006,61686.01822258998
C-25099,86524.59052489772
C-36385,22035.871882972027
C-25049,101135.83240066786
C-20556,-3444.3564512053636
C-18831,74129.61839970938
C-13861,9077.926199570938
C-40898,88771.87764208345
C-5574,106253.45537638977
C-45499,113681.26704837268
C-18968,18915.274209260242
C-27949,60541.239123318184
C-31913,53628.103930769765
C-20173,44683.555811882135
C-581,64429.02551279691
C-36257,95242.36205822822
C-47210,23617.956930560365
C-18992,99025.0807955674
C-45975,-13631.28829696533
C-26576,5318.241754459974
C-36775,-877.4642350355571
C-18649,17977.668889316417
C-48465,43904.75040188087
C-49220,28849.80466102958
C-30160,15889.25088491941
C-30357,104669.44601554313
C-31071,114713.03820967031
C-21290,60112.33652143391
C-28843,40371.48894984724
C-6520,93728.69992306415
C-3,43666.74328857725
C-3511,92034.57267035807
C-36218,52048.934701006
C-8130,65026.54968588424
C-34790,60589.009062451325
C-26704,206558.84873258037
C-11391,43492.67743909172
C-29343,6305.980342948475
C-9062,100105.31413714937
C-36659,11233.449350716735
C-20895,132188.5375278234
C-11800,16477.679750971904
C-23051,102584.16547496001
C-37075,62304.4931229098
C-48173,31166.02976052996
C-26477,36207.27856543837
C-46355,58839.86809307064
C-25360,33418.8691066377
C-9296,72759.01209312363
C-16850,133959.6833922119
C-39035,97006.98687586436
C-24661,104126.20137185892
C-43617,704.504392920273
C-14649,42774.896954459866
C-17212,8208.914063527693
C-29641,127196.153978496
C-14875,53612.32013861469
C-15599,33372.985879986314
C-10117,8977.523650925767
C-30281,32313.274562461662
C-38307,39056.03826579994
C-3565,107920.02275119255
C-37713,10469.613480473585
C-17004,5304.885639085616
C-1045,28982.566693777506
C-26977,-6059.153075028007
C-22485,11778.4368467018
C-15300,21804.033763257674
C-13362,91040.69549000467
C-19396,75871.52227527481
C-23451,84484.21450869554
C-47655,128079.34748164046
C-46982,105055.13137974302
C-16022,61748.69461106958
C-4965,119753.86832115799
C-43600,12824.021220037655
C-41276,77771.78166839824
C-34538,9934.613717987326
C-30416,14631.028107616912
C-26348,93966.33730036518
C-19872,70528.05016964159
C-48690,74942.99839699647
C-41790,61337.447698066135
C-22010,88570.48851233686
C-24001,67236.16280461228
C-43549,39302.26322201901
C-25945,119592.85257903105
C-2085,61483.60696632665
C-4268,47780.1927791817
C-34666,24595.18190100092
C-48885,106049.77736869972
C-24656,65369.22298700169
C-38705,817.8372828013962
C-28708,40075.14638054841
C-47357,1808.049559583269
C-6182,50851.32493817346
C-23537,74138.46662234349
C-19378,-5687.477284619919
C-22908,34914.55929915836
C-10575,-10917.59290371403
C-5732,92361.88758564071
C-11981,104778.2765750926
C-40800,76472.4052326255
C-31926,18164.54126902808
C-44656,54153.91063930861
C-29852,17423.935087839956
C-8370,24563.056135199353
C-465,60011.016547895924
C-3745,70090.82414990527
C-48779,46482.79759088226
C-750,36302.25335645801
C-40462,18361.31485920687
C-14807,112577.65522701119
C-16488,85478.42276915848
C-5531,6989.993321155955
C-20089,36042.03536383467
C-15592,68808.05731860524
C-7643,44095.50421735017
C-45237,23461.0254755384
C-14193,16592.026847205205
C-31717,48505.94405712595
C-10514,46016.59608970069
C-3681,74813.04722675323
C-16428,5158.198031785112
C-6134,27715.64378212312
C-44626,41204.73565977083
C-10728,32827.05302009567
C-12103,72732.38255736814
C-16306,139216.55215994638
C-15126,100329.92303719475
C-42201,36727.692974205405
C-6873,3649.259027362634
C-6207,16979.42646849579
C-33727,78082.65869067813
C-47285,30935.96997003231
C-9546,54163.744949333646
C-15565,26724.129458692452
C-10124,20102.924099023803
C-4806,30886.559447008527
C-41755,39288.195414265036
C-28116,102595.99934565279
C-30040,51441.836129130446
C-29798,251.02656081991154
C-27527,40663.13448918294
C-35769,1352.399100937284
C-36093,135508.72418102686
C-43919,47417.43780209863
C-35573,76188.00155518182
C-42762,41378.169123465304
C-48719,49070.12779113076
C-38688,-4676.186907039926
C-5887,19500.890876346035
C-11315,18352.1407386384
C-49176,68011.48927874444
C-15878,26235.038540245238
C-16417,65819.47130454493
C-28160,-6041.757626669787
C-33567,2858.3598191500787
C-23369,42443.0693749683
C-12209,160.26754073941993
C-10979,-4987.340580991033
C-49102,51130.755673209336
C-47930,37125.17186836398
C-34957,18711.785778480207
C-37420,20738.99647675058
C-29449,27567.80832900663
C-48177,43451.147145757306
C-9749,19863.677969890006
C-15172,34044.94329786011
C-5983,52743.4930517982
C-42631,50606.9072831803
C-30280,60233.32798040887
C-32889,50676.883230521555
C-6502,9192.374694846665
C-31975,37367.18851432532
C-20041,23009.264929533478
C-3647,30732.956118580354
C-30504,60776.978375832674
C-168,2572.097523304248
C-28437,65087.7626959487
C-22911,18133.10134216187
C-5519,49755.53665159097
C-46538,24152.020852299647
C-49477,9496.651972694286
C-9420,8948.600999709626
C-1485,21936.033149714007
C-18049,58292.87161026217
C-26728,86540.41385841585
C-4369,25299.844461097768
C-3003,-8202.320552773555
C-5222,28387.64183218099
C-10984,17484.47260688564
C-10153,63486.080943023444
C-34486,99886.73715851924
C-22253,69139.29739498754
C-14557,47808.788737212264
C-27703,43931.604616097735
C-48997,37346.69458136769
C-35647,18342.840255165996
C-6355,20387.203936076243
C-26773,20763.58312133684
C-16316,138992.12816263078
C-21510,128458.88625684823
C-20674,72950.13079043133
C-10698,30011.562671939842
C-11240,34573.30851791041
C-38596,100675.19017631195
C-23449,33815.85743054955
C-22904,63475.255275264695
C-4111,32977.56284470264
C-35363,6056.165860319088
C-18237,12566.147274994953
C-41414,72879.00369709695
C-36754,20955.51192289072
C-48992,84775.36801144066
C-3529,6272.577623654914
C-32129,73591.4859907232
C-21240,35873.68519925913
C-28607,42430.88456937303
C-49016,20366.667084601817
C-47279,35684.67690965014
C-29177,70980.86707321115
C-6578,75058.37621382301
C-283,83167.06013493822
C-47446,224846.1267845285
C-19094,3247.036510629943
C-47877,55306.69737124598
C-31465,10958.763202387912
C-3025,50666.77132139055
C-16134,81902.06964870104
C-9602,27888.05115233116
C-37162,21514.53857105314
C-44845,37364.14426199248
C-31954,48487.89227006043
C-33086,79694.89326736984
C-34110,22582.592598089697
C-16561,45653.08662964489
C-17643,15004.935955955705
C-3621,121971.9482505104
C-27736,37336.55023734003
C-14754,42928.32963041042
C-38516,14727.115231325217
C-42596,16865.475065262224
C-40971,92771.54539510884
C-42504,32943.67676733971
C-17645,31898.20254435151
C-5885,16390.751288881715
C-28620,115987.45028536269
C-42453,101015.3736537144
C-687,35743.25916446214
C-37864,76576.02943574204
C-29723,19229.115054410642
C-6181,100624.85844268001
C-15616,171785.344363687
C-12242,69347.14620346144
C-27479,41420.50167583511
C-19840,75431.12682097589
C-45270,70497.33563389887
C-33309,76256.15558611025
C-21656,81563.43605902753
C-36959,1531.9677545792802
C-30333,-3229.208739999216
C-31971,21311.223597707693
C-22586,103695.95735035426
C-36509,105863.06044899204
C-45439,42130.110049038914
C-42789,16728.39457757348
C-6931,47746.21789144509
C-39221,17476.880515679186
C-32927,20730.829114925196
C-28489,32738.11288007321
C-19753,50128.49795729285
C-2518,75531.76357740058
C-21616,67696.12973158284
C-31349,144069.05813796364
C-36536,67603.22088840533
C-44736,113979.9369737011
C-21518,26794.685654973757
C-15649,43533.519072215466
C-40366,22736.259752523758
C-36808,-3126.192827781342
C-29722,-1695.1378406746371
C-27800,89597.94620606137
C-14988,78024.96280529725
C-18982,38211.30426942139
C-18069,22889.700849117584
C-670,54675.22687422682
C-17282,7220.142199325077
C-27575,95621.60380755986
C-12538,27288.13714560867
C-40281,96217.13743347561
C-27203,41837.85952925219
C-45140,33948.38156300675
C-36803,66111.65730495325
C-49891,112825.26178439424
C-4463,3666.820916283439
C-34254,28228.59534169152
C-37728,86703.47129913066
C-9396,31536.603770077363
C-26978,9552.593949274058
C-13757,53856.10586995617
C-48749,82810.74639990111
C-43729,60502.590745563706
C-16743,20840.425760153215
C-36698,73956.26356934175
C-47574,40939.36350243757
C-39225,65346.272079011826
C-12765,89590.5138344789
C-15770,37294.31259968392
C-28245,76404.34399280962
C-31917,103811.11377877576
C-2478,42240.01063571751
C-42280,8025.341084904125
C-9373,49528.63338023948
C-27149,120022.48525703179
C-723,19278.59562046826
C-17662,53115.02591016493
C-15456,133004.41297329354
C-20061,113228.22314348657
C-4342,24893.874329177354
C-36759,76906.70359442549
C-29527,22114.90997999545
C-35316,28660.658965289895
C-48476,13804.132604059407
C-17533,43706.47340215412
C-23978,51379.51574239172
C-2902,9642.208215041814
C-12180,100683.58002117899
C-29287,123495.3706453323
C-6800,-7236.207968699186
C-4077,60166.5648522243
C-39908,19689.2275862764
C-45714,38583.23902527799
C-46118,89002.76127627367
C-22809,48127.22096877539
C-37283,20228.800212850292
C-41922,21269.082648022297
C-37897,19071.27207635359
C-17248,37962.99957203851
C-17937,62673.38679599103
C-38013,68479.58506284223
C-14403,22791.860204728706
C-9123,21069.57637234259
C-14325,107266.73075356084
C-37662,35157.749500427875
C-24981,3364.5044745122286
C-48981,87386.6307804895
C-45522,104673.58945210827
C-45153,62459.52527943974
C-10145,15345.956042878268
C-28173,26890.868299974467
C-29427,1933.198497844358
C-6270,52090.69378574505
C-8710,87306.58547410459
C-45969,111491.03821338847
C-6642,22709.335242726575
C-29125,48829.84832543208
C-3091,37573.08607271232
C-20514,176595.98855672113
C-44496,10651.05848382978
C-2793,65100.991996278106
C-34088,42415.60705902228
C-17258,3870.607890869367
C-22003,102032.58169907966
C-47927,31591.86688504977
C-35199,-9183.841256850239
C-7408,119088.57484115147
C-45341,41568.0355159936
C-32539,16941.32697072685
C-40134,11914.699778271628
C-23238,75388.11165472204
C-24265,36516.44934039623
C-22493,49634.887364580165
C-32828,-4734.3802162050415
C-14370,912.0321035110101
C-3308,49098.447103539795
C-42713,26725.646494920802
C-34481,59415.87993026762
C-21713,132261.31207601563
C-19836,33275.18915005564
C-11205,17629.817798936758
C-21619,11643.03552914581
C-32063,112025.93130945857
C-12562,22220.466642963307
C-2321,25953.35570906956
C-48545,57973.08941650137
C-15400,16179.831487711686
C-19593,60336.69346065812
C-29978,113346.53157013701
C-45405,30233.481132199864
C-15576,50178.30995448745
C-6759,155534.66096314084
C-39459,42669.90211013744
C-39367,28816.741491516575
C-6012,62212.136167764234
C-24323,12398.735092746181
C-43253,38748.71403899208
C-31082,38915.44620495456
C-3221,59769.67529061984
C-16751,2667.148250594597
C-24612,62543.71237861645
C-48556,55162.846828967755
C-34245,41971.709748247624
C-2361,75706.933059671
C-32567,109111.72222482227
C-44608,52985.70025955956
C-11422,27546.300173655192
C-13397,5988.464889426534
C-41121,57819.032226122676
C-15707,27373.04156884314
C-22728,24560.351148290785
C-48659,3047.7356046065033
C-17888,63612.85194862555
C-42360,-163.15512995637982
C-6497,82146.54109299758
C-23313,35697.440375652644
C-24147,4593.842916458947
C-44376,75697.84521069324
C-986,21864.707442730287
C-18843,7917.535953518789
C-15691,35986.20196508129
C-2241,14494.601105668
C-19995,43960.246495534826
C-16244,12665.975014071693
C-44685,103591.49536717942
C-30757,20107.07577096609
C-9680,4669.478733986391
C-46028,171108.82186250034
C-1444,80546.31108626862
C-19585,21661.086055777618
C-8319,116270.38499347265
C-22358,88226.37095097853
C-26073,28065.173445715132
C-23990,8857.667386101668
C-43565,239697.72142328048
C-30353,96344.29181597236
C-31259,26717.56804657078
C-9643,52401.87286441378
C-31446,4915.077618895368
C-24838,107209.42397141148
C-39271,104052.67942849197
C-7742,47288.03872020972
C-10814,40027.125794497275
C-4165,45263.97951319479
C-44416,3310.610712956419
C-34256,90940.58895053921
C-4610,82838.68863764012
C-42161,31392.625694706046
C-31031,46199.28090301225
C-36058,43612.29947575306
C-16656,146210.7623373853
C-20579,92848.67297906723
C-37523,75544.50493111991
C-47989,69233.48623938778
C-4680,34939.7459715298
C-26285,68306.36684950936
C-44600,-220.9464424884718
C-5668,37364.51541525404
C-42113,16810.854723339533
C-22208,28256.62333708971
C-49155,34069.71532023135
C-19058,92157.13025237405
C-14513,20677.344703147806
C-22666,75580.13355900787
C-30409,32871.6731536452
C-46756,-4968.753131507918
C-17618,6895.941345574247
C-10441,6432.406328531419
C-11844,11477.302474397424
C-15064,214172.89593663195
C-43598,94933.85920492011
C-40374,55646.108743825294
C-14117,49490.16025494234
C-44448,39077.345700826045
C-9120,52407.92891584261
C-4108,47308.805029873016
C-45039,123080.10949049861
C-39186,51405.59504214212
C-34709,105744.92099648155
C-11236,6304.189189615448
C-10610,45458.521333441866
C-31072,31646.77999855412
C-14448,33122.74021085873
C-4692,-6427.265561065316
C-19859,55184.13015417109
C-3042,29933.824925729776
C-29926,46112.12445592401
C-12548,52565.773611627665
C-27288,34173.90602510403
C-25646,13457.43919361684
C-41891,49720.13512649776
C-31739,52858.003944785974
C-41359,24276.217851223206
C-49699,76660.73602215608
C-48758,37638.00033693848
C-24540,22819.435257035035
C-49248,25934.90203285936
C-32648,35481.088469640126
C-4324,68729.41452496834
C-10847,50658.766280039315
C-33422,53731.13741754558
C-11091,72700.37312589098
C-10383,24505.174451254305
C-2726,26986.046037748667
C-19689,24010.765352488364
C-6188,67334.22200753866
C-24070,88038.55419305523
C-33709,46603.587441340766
C-29883,51817.18182188836
C-24,45122.230073671926
C-800,33919.55460757545
C-22353,78973.68027881731
C-19682,40295.23991797244
C-4466,17086.07008862048
C-45492,115912.26264859218
C-27632,24323.0544162291
C-38867,59672.088631662846
C-6767,10074.741441422899
C-26446,39400.61634024707
C-21428,-12926.174322711675
C-5306,12691.323023009318
C-33022,52489.88436397233
C-38892,53969.382177741594
C-1368,181861.04778863228
C-45830,9489.185620055316
C-42777,26404.742001054685
C-41800,19163.062605046685
C-28307,14991.433795702338
C-48402,102658.550467492
C-44082,12889.068088578337
C-45015,29827.351649802622
C-44390,3604.2637630376994
C-9209,39156.96694155556
C-9427,20231.95342719524
C-21129,39991.732271141525
C-945,31232.18280968486
C-20107,31187.308932483968
C-45307,48200.27688408352
C-25930,32993.88709954195
C-21389,39236.57615327487
C-1916,26348.757171993195
C-8126,77086.40618862581
C-31855,18175.225976364676
C-1377,19018.322180828953
C-34444,19824.94058101296
C-14779,17982.768698270356
C-26937,62592.01762128642
C-11711,43372.813471293506
C-12231,20664.807457050683
C-17635,39135.63450088285
C-7025,42166.58668522373
C-10133,89926.20322204567
C-47869,72764.41470716416
C-2142,57000.0185591525
C-42742,28152.40911784472
C-7077,51270.82712989262
C-30782,-10216.009248014452
C-15357,16790.77041605559
C-9398,60557.87357129478
C-10207,32781.88486999062
C-18109,106067.7161220841
C-12898,17882.8106715336
C-34125,29243.595106211465
C-28142,19115.678749907303
C-3811,100903.33215143954
C-7836,47344.81941494566
C-41154,51615.786034821314
C-15129,39610.12793041823
C-33351,63370.52747929191
C-31209,104240.95784213903
C-36769,1204.4629045415422
C-34995,136978.44223806832
C-31279,-184.05385978892446
C-4713,-6792.433460833723
C-45089,39086.84254848894
C-44198,10600.113559396195
C-16089,65239.22559108425
C-17075,-2823.223512782184
C-49832,683.6982158952596
C-36197,24244.42032003646
C-26204,36288.246775980544
C-36061,68557.40742906455
C-22538,78237.97186647174
C-36447,621.2929632931191
C-36191,43787.75652420713
C-17416,51726.269619837956
C-8026,42431.27022668987
C-25056,71023.29675505204
C-43796,90487.8082670879
C-29708,12293.132888753462
C-7361,37864.531309162354
C-35490,20629.97519648368
C-12061,39715.98980685572
C-31107,26441.59855953952
C-49180,38407.69835856704
C-28057,50480.58292929258
C-41073,13791.095785694735
C-12851,14911.40193420004
C-40904,29998.539127901273
C-4399,55784.307801025374
C-30820,-638.2801819546003
C-29888,20439.794001598057
C-27945,124776.53064383786
C-25062,41873.004609490556
C-18026,49799.864245270845
C-20327,35768.62466921299
C-27205,102226.30330039567
C-40837,34624.77688669878
C-9117,3645.627262779388
C-25997,38245.42569002707
C-18463,42066.25741542656
C-34313,72298.72288805494
C-12985,133861.4324925899
C-18002,26959.154897573077
C-47028,41199.71566088812
C-43069,145882.01053519343
C-1436,36813.911870783355
C-5680,17233.10212432372
C-22002,130549.81169435561
C-40187,23092.584135295954
C-1154,27571.596477156716
C-17651,96860.61821678988
C-20242,499.19933797869453
C-35020,20086.64830306062
C-8015,75502.7088128626
C-47885,61485.78811336764
C-5563,21112.306869783
C-20394,10303.476987682589
C-37285,40171.6356754154
C-36546,93107.00609815352
C-39940,22049.46011842666
C-8198,28867.15163564218
C-18104,-2118.9537833485083
C-42354,62368.66457196746
C-42796,90538.51961572537
C-5296,28426.48288698729
C-6331,13511.936628950454
C-29887,85922.51943194336
C-3976,9075.970418919373
C-4939,13144.453120489634
C-18322,39117.80759350035
C-31108,73699.13758828797
C-35661,44414.10660088304
C-42754,12358.122770012778
C-8434,25463.967279737637
C-57,36053.695710754575
C-5580,54778.58670938114
C-4920,80798.06884209887
C-23235,70829.58136228874
C-5682,46692.66157755688
C-14083,126686.97277086636
C-35593,23949.362661616517
C-41950,-107.26807910601929
C-34159,94207.68678074049
C-28859,92470.64266377807
C-30809,121535.25169379967
C-13355,29320.20083082121
C-44961,18924.700823743577
C-35324,26428.90263303165
C-48809,26457.673610737653
C-32021,10921.888045955799
C-16725,-3922.9821786685206
C-49233,41408.77934764328
C-23753,-9562.975190001132
C-36774,126913.48821178901
C-22123,62831.38924718465
C-25429,45591.4656623772
C-26801,65165.695812285834
C-39962,16567.723150167258
C-5415,-2215.1077959584945
C-47619,50737.56129632054
C-30522,53330.6683191163
C-37111,15724.964731348075
C-22537,23717.448603912097
C-30514,66510.65631636277
C-32046,50378.19505315204
C-5822,78746.37371668016
C-45087,34930.36288672767
C-36661,79901.09180594595
C-25541,105340.30726459596
C-29345,84566.33160034899
C-37142,29887.539973752206
C-38011,7550.08538769983
C-12649,73024.7839932373
C-47798,98707.0112373904
C-20033,61562.71530687442
C-291,20468.464014375935
C-44912,44077.61458961392
C-23550,74929.51514714741
C-15985,342.8000767908088
C-19947,17580.467916247617
C-11925,-4564.510096954611
C-29123,122505.34609358427
C-17607,72065.11994995468
C-23946,42443.90386931307
C-14627,90758.10513105761
C-39192,45110.92938344658
C-25656,90124.81172493543
C-2845,8583.754786586891
C-37028,68563.95458458942
C-40470,36212.017712331944
C-32732,65079.53925339006
C-25933,38207.05193708357
C-23101,-7614.9455029572055
C-245,10600.302063207273
C-46362,63333.414664245036
C-23479,-7286.207377211511
C-9151,47152.412920050796
C-42088,70933.78296795776
C-14509,31617.56319840076
C-20617,59152.75397994752
C-25854,55287.27983163355
C-46674,115559.27964522502
C-10755,29725.569639816084
C-46710,-4673.667339672764
C-48090,75240.58923736727
C-45158,67008.20521869323
C-28487,71854.43499583485
C-9289,61201.03333665859
C-39199,23914.817400545122
C-1791,48072.0203286645
C-35689,6985.238499410152
C-43672,20960.39314130196
C-45540,155077.26670703897
C-968,7788.361725984032
C-35655,33221.12676663746
C-10574,-4179.47249794277
C-42906,27843.721238893675
C-34071,37998.70208675594
C-8104,50866.650778991956
C-4959,88126.76884531246
C-6637,137682.90511731003
C-28082,85602.11728654991
C-21822,9275.168535793353
C-23434,37316.88282514698
C-3538,32337.55352030211
C-4889,44478.41116453885
C-13404,108229.30570215033
C-27561,24054.753720368768
C-49076,1855.7211991143267
C-18220,38108.26823066383
C-11327,59338.79874414636
C-46654,12478.38641709648
C-21148,18092.267038915124
C-38,17687.04979671524
C-19818,110290.76929133646
C-33661,58571.897616909286
C-24599,128955.17782304078
C-23732,40906.534213006926
C-25831,23828.22096079144
C-18147,40182.677140553555
C-6934,9488.90207929501
C-28686,46771.461774196374
C-19282,23330.349252722826
C-2358,11279.204232577991
C-47592,88960.4362939523
C-22504,112485.79860753575
C-41881,23774.539252604867
C-18606,126484.5635319568
C-39477,57258.55573643489
C-10695,58691.42006426779
C-7274,72133.73598061482
C-16951,31291.08036401974
C-39283,25732.00376589052
C-33226,85752.58188875823
C-45867,61978.78006245995
C-26234,28244.916659817427
C-18621,91754.88789655914
C-28391,37429.32824162388
C-33011,37840.44868952549
C-13801,162402.9580881463
C-23356,6188.783673311809
C-13604,33952.00642971028
C-24165,-1919.2011989986859
C-18900,38810.65749766203
C-45444,9326.886368208565
C-32151,69587.75255621152
C-2295,82834.109495012
C-4999,97391.74833652498
C-48714,81878.29924361754
C-41263,46459.00204910395
C-17919,12361.0243951109
C-418,45984.87836836891
C-16065,49299.819236238436
C-48790,53075.14626666736
C-15002,40671.61581199287
C-12210,9241.352535107748
C-45953,32687.96603019153
C-30509,20604.07782881035
C-31013,43773.48476348822
C-4158,1660.6856188463644
C-36630,16992.50601271722
C-2257,25940.276823248354
C-17583,94317.56601306016
C-33751,106387.42857561226
C-8669,18321.40228200533
C-12391,45660.16067764188
C-48871,40900.35595198687
C-17754,28682.06176109067
C-11414,55197.24510456382
C-2363,13846.74936504788
C-1633,15165.289066275338
C-43044,54645.6038272568
C-30724,78623.1539497354
C-36732,107162.6446986412
C-12897,65213.11418876283
C-8812,60682.033517146156
C-4413,12493.716980618447
C-13226,63164.171864874894
C-42056,56645.17626076626
C-21524,107837.30829680341
C-13180,-7512.520522114544
C-27934,32135.857050747323
C-45785,51267.96063790284
C-32278,49582.97054426027
C-28481,57970.74701338871
C-31793,129835.32004606236
C-25329,56831.30706922177
C-607,33669.871405734804
C-23526,45009.68464912503
C-28376,31728.175592761618
C-7114,84257.64371167336
C-45323,6317.418216801758
C-4355,77650.38275752307
C-31694,10236.82736815179
C-33367,60196.271682040635
C-25230,45179.565371343044
C-7243,36078.583241407374
C-28393,14313.764527150335
C-45074,27722.626414795155
C-27868,11904.248506621268
C-23859,7551.188341679954
C-23862,49414.38492610058
C-36187,67540.5221112496
C-32816,773.6934182106488
C-12953,42657.37236743824
C-44060,63449.13341667423
C-31921,29125.95233825179
C-42790,26947.15079951586
C-33960,29871.242452323993
C-27585,-9935.881162354592
C-35628,59390.82649948479
C-8367,36241.42782218619
C-3087,42634.67404107434
C-13788,25357.35180502266
C-28787,16938.65764776319
C-15265,77080.85017818608
C-22481,9286.921736380536
C-44100,35587.135137706595
C-32923,-14776.570687596803
C-12720,7222.250873441015
C-9286,31212.349965790214
C-5008,-3075.4895144338007
C-14693,41465.59737485429
C-6116,42642.58666339434
C-18614,111872.70170705662
C-49188,-2137.2736976801025
C-29858,90890.36358788668
C-34656,17143.16450920169
C-7561,69350.34555428737
C-39602,42682.716131912886
C-3135,17701.798895517248
C-16010,74422.48192729264
C-19797,73455.99684086279
C-31439,48646.773839996466
C-14069,-3909.281710835363
C-7676,40449.649040013814
C-13086,50006.04506446252
C-43374,62079.826260684786
C-14894,64817.453980255064
C-34924,53550.65589788784
C-36726,71878.39370517517
C-10895,22401.40722735521
C-43931,303387.2123392627
C-13141,62074.59712853582
C-27628,33002.363744960734
C-3953,24994.899764967697
C-4753,99612.76033001025
C-28237,147670.68901926436
C-43451,37099.82214664354
C-14968,40962.27095567487
C-17176,47177.65594384989
C-13765,35540.648996778735
C-30299,69114.8093742727
C-41113,108879.79223999433
C-49327,40704.8472270634
C-4971,10305.254677221703
C-32550,15887.348256038018
C-15174,80217.32756196147
C-26940,120718.99504681147
C-14633,113398.68497245743
C-28996,79900.78502678576
C-42090,52598.53521820215
C-32876,14285.59418808388
C-43303,-2252.8134020848956
C-20128,42214.99736155699
C-23886,54706.29855838879
C-23530,32863.07252577507
C-35926,69342.76972369714
C-33054,47537.42834275258
C-7423,128124.8878003151
C-21425,-1137.8529000015988
C-5837,48319.5910841465
C-49834,29636.654524208076
C-30196,63374.019562188536
C-40907,67871.97850591037
C-48477,22616.37380603201
C-24617,39841.33968465087
C-7894,50878.31151773609
C-40544,91261.4502525152
C-28600,45772.99576680401
C-25474,54549.21464386268
C-18438,52155.60852278381
C-18742,17064.405572229683
C-14937,92837.87228823482
C-1419,27165.37056634509
C-32233,454.4767794346117
C-34598,91857.15088203945
C-14651,38270.14263982958
C-44547,51996.91879490478
C-31095,52657.442715408164
C-20848,12032.91658047089
C-44321,70225.09820426503
C-19757,1928.849180605779
C-6776,131871.96757673466
C-3589,67188.6383829605
C-2452,39680.03012307399
C-27823,65221.62980693372
C-45730,38201.70914635032
C-47984,33035.29172425394
C-23600,49115.45834714042
C-47761,44177.21232755134
C-26511,71508.57561174143
C-17014,27809.27543253745
C-46406,88176.36398523893
C-13322,49257.41292468533
C-22738,-151.62254924753506
C-19583,26282.648847009867
C-46455,50481.19900425653
C-24006,36456.37535560798
C-39897,29508.60856780602
C-698,46247.44475797998
C-33882,39645.378357191315
C-39957,27336.753424155355
C-6026,15050.972794950903
C-49142,60174.261359515156
C-41921,13856.173180921964
C-36543,4207.199953414696
C-12609,8772.782858411374
C-45694,58125.35184401591
C-45145,2883.9877025883543
C-9883,21026.04513357257
C-18600,12468.982399946035
C-20814,14920.41356961093
C-41565,27466.498803115177
C-24193,902.1917805302219
C-34370,54763.90175543731
C-8766,35445.740808972274
C-16946,36408.17676169168
C-36966,27383.525623945563
C-43788,79862.55697589584
C-17871,28519.345000434012
C-22078,37013.64787790798
C-26228,133187.29232753412
C-28167,1960.2255405583346
C-12936,26150.76211625113
C-2130,206686.9013367663
C-28958,21054.78095015266
C-42164,161868.2186975698
C-20927,79489.76140988024
C-7887,73747.77514891254
C-9927,22068.689041050206
C-21032,24315.72556126804
C-35541,44682.8067386431
C-10465,27270.21387550539
C-36184,137869.62854902225
C-6878,72385.640064326
C-36669,107996.90799812521
C-49475,838.4112111403447
C-12969,-4030.173405471345
C-42115,37514.040221930496
C-32010,21419.77110916766
C-36465,6875.641660656234
C-43665,4931.382321767247
C-48879,-5255.189757819338
C-10492,177200.21281074669
C-29126,51627.09932127936
C-11859,36527.5444889017
C-19806,44021.51117834369
C-30126,67855.28112847285
C-22583,34604.847668669376
C-24247,48050.70407696206
C-3545,70775.59394847817
C-46577,19251.614901917626
C-16633,32067.855154634475
C-26890,14712.06321435218
C-19793,61784.22656594351
C-32341,40677.14067032581
C-10825,-9324.224013425352
C-24418,57325.23038215651
C-10805,155838.71595997526
C-41240,119142.13392847711
C-25404,7651.651527868016
C-30000,51916.413326361755
C-42509,38974.048258422095
C-43158,52160.454145806245
C-8952,36610.20622037543
C-35203,29999.18103249221
C-15286,74315.39526817741
C-19933,15179.994342350867
C-42608,17832.856863934132
C-8413,60923.937567105124
C-21272,98562.7775865948
C-38244,85967.12362645028
C-44899,-12938.321944573137
C-37083,10889.461587379701
C-31572,48395.34024647355
C-23687,20867.03935312117
C-40636,31151.740396236793
C-12480,19475.486006748226
C-32609,33950.52588670159
C-27413,4344.542454915943
C-43701,-117.54419004114607
C-25667,44841.297809462216
C-6910,87668.66466452461
C-32042,68611.58815639152
C-40667,46786.96359199866
C-25991,4602.862932517259
C-21764,42529.596790055155
C-42529,28949.784661072063
C-44277,254.77840706503775
C-27960,171385.4993671948
C-47843,62057.75214105236
C-14426,58008.871096442876
C-46516,136051.00614091987
C-5903,103737.8895650609
C-20944,67825.79583183126
C-11696,12968.234890570093
C-42835,23445.366025323474
C-5646,3095.350257526712
C-46895,69895.27356137187
C-46003,67168.98833205292
C-34056,51779.4952723705
C-1482,1220.0240406520898
C-34398,28162.162897293816
C-36666,25296.691653890553
C-10874,25852.764606288838
C-2538,45340.80807417021
C-35286,156312.3175230819
C-21902,-4121.771773313827
C-40795,3674.2669911436533
C-25399,11905.65816246553
C-11482,43322.2673676611
C-34671,71914.41397090771
C-24332,31579.988335176
C-4616,34118.405532560355
C-8621,76171.98302914796
C-30047,3495.28164840323
C-31627,2798.265198455556
C-6253,10470.42065223091
C-45608,1026.832075074075
C-17123,1659.5201648065704
C-3086,163224.55269194726
C-33749,59672.55402218402
C-35003,33263.884903040554
C-8845,58214.16077490051
C-4512,65938.65772013717
C-15245,55283.591218407164
C-21575,146406.13410161505
C-6288,83906.59873868374
C-19621,165844.529733347
C-13985,65689.30039196124
C-26305,155910.26841079327
C-21606,48635.45230439903
C-24002,74898.14694016923
C-28404,15034.557272947517
C-15594,21223.132909342374
C-36587,58823.80343691118
C-20371,51823.644914601304
C-7181,39798.39277892603
C-859,43658.81727197497
C-46233,13589.825963150754
C-37454,28323.62919111129
C-26834,49621.9961654004
C-48021,104701.73416447474
C-45887,66426.52767651428
C-24250,26669.54853675796
C-30479,104400.05654967252
C-15959,24745.90367663199
C-6938,111526.03234589676
C-34813,28645.198659681715
C-8871,30238.228657509186
C-37996,59928.23378690063
C-46065,34105.63678597519
C-5798,24977.450162973044
C-22408,74661.23929370102
C-42886,28625.53128503704
C-1748,40033.22413666351
C-15153,22408.178307534185
C-22721,114406.53516811402
C-31799,37188.919165796775
C-25654,-5174.819097766318
C-24564,48874.87387092143
C-18482,44837.58976069379
C-37079,48251.84790605925
C-19651,10980.314986802718
C-24735,66759.9184673714
C-26653,20191.863566448457
C-20283,30195.89967693594
C-6988,30134.929705128576
C-23218,8688.076393389565
C-25046,41771.68945432051
C-42303,65473.997027588935
C-24160,19937.365876932512
C-16201,17049.08150301527
C-23342,66670.32353398319
C-33428,-12114.942908834855
C-13636,36053.60345723918
C-25507,63946.57743951309
C-18268,98176.7875852752
C-2604,33644.19856458396
C-30506,81717.4464129597
C-10429,41437.89207379233
C-40490,-850.8139500546458
C-2072,22315.370612608633
C-16177,13739.792246480778
C-10689,56888.98233487664
C-27096,36379.34053100668
C-34467,51986.763565758665
C-26004,60539.16425816622
C-15039,18920.209927167136
C-22565,10430.180285507697
C-24924,34340.73142984149
C-40929,32722.720538064776
C-21163,48521.43747663447
C-476,28781.11613267149
C-48120,26556.716397286156
C-12942,87510.32153507668
C-48819,10255.024927145234
C-29267,72898.55049066801
C-933,35754.59688842233
C-8622,33753.13721706408
C-37630,3770.62280136739
C-27145,31881.349085765345
C-45577,38752.0843707875
C-13870,64571.576777900336
C-48054,37589.06049663742
C-22665,77457.92850604368
C-6702,48684.776257715625
C-36456,79284.84354277024
C-5104,62094.20939960129
C-49581,27155.341754705787
C-37103,14298.225335552183
C-43371,14989.822806770404
C-21586,100401.98361162127
C-24527,80180.11143954299
C-33252,56054.7845792016
C-46092,12948.713515456846
C-29275,53071.42639473505
C-26211,9705.16662448419
C-15077,17325.30425362816
C-10780,64830.856170704574
C-16487,13971.62633795105
C-49673,51224.55313404907
C-15218,84208.26187432288
C-9747,-10305.490015772448
C-17173,100999.94822314952
C-35763,135130.59868118394
C-14805,31143.53255629915
C-27499,52101.086888941536
C-38542,-14526.580859152586
C-29524,30281.088210118454
C-20918,75041.89640520203
C-20852,76820.0655234379
C-32993,67008.06181540422
C-3464,45007.59326871557
C-20268,16308.040828451452
C-25715,21591.6622075274
C-15857,1392.8998818866166
C-13190,1194.3183930775995
C-14348,25902.56837367965
C-13094,51299.28122931106
C-15464,-629.5580163439299
C-17427,79100.54604798424
C-34,17140.555705458908
C-942,42957.25369420994
C-40542,14703.048260490366
C-23846,72893.88287240853
C-23038,76169.56583781609
C-8423,12294.496219227316
C-9795,38701.10161688698
C-46011,32234.59049268318
C-41461,157247.1196456104
C-34836,39447.426072133254
C-17478,36802.72490937158
C-40539,58247.70966617446
C-16719,88912.08813901295
C-29379,42014.25685779895
C-2707,56110.200956858724
C-1621,30861.346999594094
C-12071,26780.79239603567
C-26119,28319.552932980914
C-45394,19270.212640345388
C-42773,51348.05198969527
C-6850,88410.31260391319
C-46122,15877.549283142915
C-37557,83611.2477087376
C-14178,12463.366166261483
C-31608,36412.36998455184
C-6843,-2356.198134906066
C-28957,5795.129051354699
C-10802,22632.43522287594
C-43107,70641.83107828117
C-40810,45440.28811737133
C-28980,18006.052894293818
C-11697,18320.420742508344
C-16609,29898.749734482284
C-4195,47214.99553367155
C-49270,36028.97667276452
C-38670,44868.63562372508
C-39510,25225.298056467665
C-7184,32649.61511554494
C-41525,24354.07531461706
C-19137,52132.81404357225
C-19703,14987.960529107062
C-12552,71888.40631078306
C-21755,43652.88719721664
C-7036,14611.266499250873
C-22648,-5982.331641142475
C-29700,85720.68044820186
C-24704,29933.00058062866
C-33964,90254.9835065235
C-31516,5584.409449308951
C-13869,15927.341016525821
C-20554,85722.79956290245
C-46579,43148.397699680354
C-1937,74103.2012797705
C-29572,55588.32753674209
C-26852,66850.87093353468
C-5726,49522.62717787633
C-31273,141917.42838431385
C-6143,20935.27119095484
C-25544,116979.75523187236
C-46646,45057.77072626693
C-40681,65941.31884082317
C-47934,21498.953330241005
C-47361,18169.42083870784
C-6005,32876.22697601176
C-8259,100644.43026542687
C-18854,40251.39092666282
C-20518,72507.48755520409
C-1105,55468.27593091673
C-18921,148614.23494176858
C-8503,21342.191516552182
C-37570,52177.51251369015
C-3161,30212.66109702408
C-46084,47851.09062541454
C-10509,69624.64220674598
C-21492,61406.820475802364
C-256,17473.679180495572
C-2487,17819.253544829822
C-47039,23064.382820529576
C-24315,15718.997859331052
C-47163,30318.014955314546
C-7736,7418.9453190084605
C-9898,15955.805927879548
C-20897,28625.172990928884
C-15554,22179.799598911268
C-8747,139311.73201305384
C-29015,146397.60033425764
C-17962,20207.881256647943
C-4467,34819.83388793606
C-37189,37044.12666661167
C-7056,117654.62349038334
C-15165,48302.45792900886
C-8035,8119.359070393715
C-1235,166691.5035948553
C-18007,2095.2636693839086
C-2967,75894.82584980215
C-31988,79952.1552919892
C-28323,22562.023543065443
C-37086,37169.39787455249
C-45147,17296.45857797717
C-26778,46769.88142791085
C-25307,83286.31716309398
C-39933,82045.08108165796
C-22121,30591.038700302473
C-29430,17175.121511598234
C-3009,4270.203730443725
C-40589,55664.71512564481
C-7295,103752.25825609837
C-22842,60155.566449220474
C-29874,20930.651765984978
C-42232,38746.797902557846
C-3843,5041.454460948989
C-12256,32154.34992709481
C-23628,20822.41950430105
C-702,55186.477348267
C-3401,32479.51118999418
C-1693,44780.16868696526
C-32688,85190.81809573539
C-18271,2288.4097846836885
C-38794,25383.338821812045
C-6993,71652.3195190674
C-16007,1226.002529636411
C-7326,125672.70992780547
C-42114,47423.85198742581
C-24182,48963.14532825305
C-15452,102125.5543765684
C-36684,23930.730700356275
C-25852,25820.72882725502
C-1514,55096.45186458939
C-17163,41325.1066887983
C-30538,62904.657115216396
C-42688,51026.41402419454
C-1597,51399.51922681136
C-15872,32230.106716207967
C-36310,52251.50056111638
C-31615,81409.79563533259
C-37793,-3.0101169474437484
C-29975,39077.25224831505
C-1393,35412.498800590714
C-44941,33842.248849282456
C-31300,9952.070234425875
C-41743,48540.57776214264
C-47993,37072.70211757284
C-1510,53581.2775958973
C-42808,43547.72156465483
C-4484,16351.508462733666
C-32875,49781.73112153626
C-15659,3829.723818892213
C-6319,79710.84158346632
C-49478,112925.23409834887
C-41666,38150.023687136636
C-45542,52168.451471416294
C-43971,4975.360047215647
C-20215,2103.9410600171905
C-33587,42174.54647836237
C-20687,-984.833251898388
C-18767,-3150.8036076747885
C-4173,44544.63504498142
C-8553,30730.507152019345
C-31581,67895.43285358117
C-2460,86960.83716778472
C-5277,53872.70011423206
C-39363,13403.843216018737
C-33227,91335.99723915673
C-41323,68750.5867251016
C-37122,61360.31483804405
C-26612,48892.190240117925
C-39485,13838.394329576076
C-41690,54434.41540841421
C-16030,38104.471476536986
C-11644,31339.550599778686
C-38446,1240.4824548511315
C-31606,58319.665358981896
C-33535,35955.51894973697
C-17187,54476.50963203056
C-6252,90484.52711738285
C-34045,62245.267330524744
C-28483,82772.50826006696
C-33824,30648.456153762465
C-3501,170703.05559804023
C-10930,23297.89921678256
C-13108,50269.209518107506
C-17247,41402.684964120635
C-10384,101134.58734831163
C-39424,64564.18542823691
C-26734,38278.91690371182
C-44957,50390.687611048095
C-32751,41443.685420813104
C-27542,-13206.677754949662
C-23764,91054.75836781829
C-35949,20755.15229509659
C-23525,33228.85885554415
C-39395,1362.3455708661495
C-12030,62487.08166195238
C-49389,75849.18442616002
C-30356,8493.280263100176
C-18764,27602.1205067088
C-38304,45377.788326621376
C-14422,85420.99880477414
C-6274,30690.560260990896
C-34863,33720.522897692455
C-969,29786.134557806374
C-43854,6889.141407882671
C-38473,83237.34465409617
C-27274,48856.278723893076
C-38277,56824.06361239667
C-46663,51606.2789851171
C-13351,-6617.0075596798415
C-7304,19974.011261818458
C-27138,6064.088092885504
C-21093,83763.20937325413
C-48612,66255.02108905438
C-32392,26149.23520772432
C-33070,38488.936903259615
C-22512,16497.012392375414
C-23520,39557.808842645405
C-49023,46834.07964829408
C-42148,11127.464578430569
C-6586,6983.666707021279
C-18935,35454.06707181827
C-28505,116845.2041979419
C-31745,80149.98949588551
C-13213,20146.135342974652
C-24258,131879.44581546835
C-42368,60201.98226013703
C-23539,59435.56507191785
C-28273,36986.86982728369
C-2762,43009.39909749672
C-18073,24552.361993017366
C-29009,892.239038280597
C-36056,135474.0164246764
C-49482,16252.561420335449
C-47882,31096.83794544881
C-45777,23210.26710079945
C-47025,15861.06072550498
C-33556,15498.088156248898
C-27458,70987.39945376408
C-32995,56018.5514958634
C-9761,39226.70722176239
C-22541,66195.84048516979
C-23582,15173.608133381094
C-9053,18829.86929481367
C-40540,11495.25266982185
C-15789,143679.37019607407
C-26401,171059.69960743777
C-8439,31811.778400480587
C-31588,40312.660974417144
C-40154,29218.4424387013
C-5809,10516.373713095927
C-44835,19018.978554363937
C-27885,32936.185714135834
C-34496,35257.36861084438
C-1518,17725.97233634773
C-31496,131339.04223951884
C-23096,48457.50889963881
C-15347,3227.6212284348076
C-3365,38326.2166575686
C-15049,17661.786674767078
C-23387,55114.994322354236
C-1132,123163.43538405423
C-26766,73092.00058399231
C-18884,98455.16435154865
C-16438,43040.9959760451
C-4871,45018.251816193115
C-42212,26731.345449698732
C-1220,18231.13584113219
C-2820,73668.94679560908
C-48443,33636.44934795032
C-40618,8509.311092279539
C-4492,97567.79486758211
C-17526,12157.137454545053
C-36764,56101.915275123065
C-40697,19615.86528752839
C-5699,34394.297729670245
C-16339,13946.669131590534
C-42081,24381.626174670204
C-27068,54877.031297775815
C-21811,19210.360082628533
C-45266,89036.91512618723
C-9806,22771.520078777656
C-30086,54896.93952081783
C-24180,76830.90003304528
C-36455,93087.24014227396
C-26739,29751.085346603588
C-3758,44734.059553190935
C-27152,89202.0920173612
C-29231,48846.687176543324
C-19565,25735.004325205355
C-45512,56986.623574977566
C-6440,41393.17505123663
C-9560,83959.49586946318
C-45312,107586.10840469784
C-33380,28588.362727201835
C-49371,18817.756873963423
C-10673,27901.933382040308
C-20651,28405.040277338245
C-20663,-3372.1735398154415
C-19113,-2308.1651940756856
C-2192,52324.26730555979
C-19931,29748.361154905655
C-10102,127876.12937867254
C-4388,24839.300817842464
C-37651,18418.42359853759
C-21938,44726.25943533673
C-12365,31892.5483573868
C-4844,34458.55060220203
C-35265,52704.489576918095
C-18250,16597.801415883107
C-46016,149093.16818550808
C-26343,115969.50757612805
C-5714,84285.48956005089
C-40287,151049.82617276482
C-17685,85565.28589126364
C-29592,83862.58052184568
C-32132,-9950.61096121819
C-5529,40999.52007076535
C-5549,82838.14536458845
C-17056,33206.35648534319
C-16549,39309.227420799856
C-34974,9520.444364085037
C-9978,72124.91903391357
C-33726,20680.55988543839
C-8715,57543.809430205
C-18557,14889.893833033253
C-10706,83675.91357027642
C-40231,82715.26017134592
C-23332,72941.06688408808
C-9177,10835.381560908492
C-25217,79123.57331845445
C-15727,42499.709747948335
C-2970,27365.632954864617
C-39938,50343.44094991738
C-21709,141994.12565117306
C-308,97966.51808806404
C-32462,37185.05265050953
C-15966,62816.64840006235
C-38031,91959.61772103625
C-21888,60663.96541363112
C-46228,150574.92861292663
C-4674,31007.184358813796
C-28078,16452.042438338052
C-47638,38152.20039637793
C-27782,153767.9870449921
C-8494,56786.261490709556
C-19332,17662.114453398517
C-46435,99604.96189736223
C-28129,46679.058903423174
C-48003,119722.3747633355
C-8888,7393.052715592232
C-4846,69659.32666670602
C-10897,32850.90311031458
C-42763,40764.587526803654
C-26781,32026.903499139964
C-28306,5163.436888216442
C-7425,18585.424766821667
C-45705,37521.217009903594
C-25772,-8336.474600134577
C-45791,37327.020826353764
C-25396,17915.095067971983
C-43835,58151.69065676605
C-15782,19412.178489251775
C-10362,32368.667291273065
C-12400,37779.05271103936
C-42603,57893.830483955266
C-24943,22400.232929702477
C-38941,60872.55075833962
C-17889,123958.32856407341
C-10198,32048.000036531703
C-33548,-4986.992501464338
C-18736,49294.11578665643
C-38103,109962.8232219067
C-36529,78866.3848468894
C-3402,61124.3238161816
C-13097,48172.3967275676
C-20894,22258.77692362528
C-48655,45782.252851310644
C-9463,25987.200741333076
C-32163,13660.708029856542
C-24779,9004.359160325323
C-21176,44256.64752848854
C-1029,68463.54210776155
C-18547,18220.09023878327
C-5331,107313.57916553845
C-41155,57919.315410543924
C-12114,29453.183751376637
C-22874,74605.16402033564
C-27763,65397.23334395794
C-796,3994.140272668352
C-23901,10520.924034192001
C-26812,37055.746784551375
C-692,-2984.4265806641197
C-3783,78645.74419069116
C-1868,17006.217971502025
C-49649,46238.771933755255
C-17668,101242.80836475283
C-5172,73894.46182424821
C-48982,113179.84570369421
C-30051,32911.78882847561
C-36524,25585.82410732296
C-49516,137639.23121292965
C-22915,77312.46601724197
C-5848,34632.89228404331
C-37102,35689.25768614029
C-24036,41367.49831597584
C-10730,37956.06384158732
C-19568,31566.041007387583
C-37063,14441.744056148935
C-37427,7238.057869465483
C-3160,119067.50217444912
C-21352,45752.5956927808
C-9694,5732.848944405152
C-36185,103512.12960288285
C-34566,31413.441288090053
C-17590,98958.77104518824
C-14070,49602.25053464604
C-36909,37293.72121863877
C-24801,27384.991366753336
C-25398,25968.398555396052
C-48472,28793.712809638317
C-24227,124570.90468903731
C-45392,11577.785259860837
C-28631,126639.678471738
C-24630,-3314.517035742436
C-38614,-6623.428662197679
C-33456,62157.59583212106
C-20050,30104.396444622715
C-11179,48164.685638898154
C-11025,47024.995514313676
C-22110,23965.977267252485
C-27837,63063.59727923778
C-37688,80538.76506942703
C-30219,89161.71788621547
C-10638,143959.56784460213
C-7622,103581.13271262201
C-5568,33891.79918653428
C-10827,4411.865010381982
C-45935,9917.54798730684
C-37013,126394.70900148527
C-10444,109330.99743379447
C-25583,9585.802596622074
C-41356,23901.508111448748
C-26364,55314.63852013789
C-1960,17211.7780588127
C-42424,73322.89251664022
C-4505,27802.349749006367
C-46376,105349.95431667153
C-36267,23722.07206361153
C-47806,74313.91267255876
C-8837,76861.33592684541
C-6805,43923.130232191266
C-6941,35337.487004582545
C-8178,49924.749113716345
C-13930,96704.80802155231
C-24791,73203.53146640463
C-35326,66848.45842795644
C-33981,36910.97714966981
C-44074,41215.18496618255
C-1856,18491.55665858222
C-22160,9877.027315255342
C-10003,53549.044737756856
C-34059,74211.6804587583
C-26601,92692.58170162915
C-21500,146558.46351296495
C-25294,36582.00941305452
C-24221,26023.348909746324
C-27764,57030.63890081459
C-29263,21122.71386766407
C-13521,7215.434127670545
C-35280,35691.15476940346
C-6144,69892.2787799723
C-43987,80514.01128825019
C-14586,31046.521153330636
C-15234,14542.139555707632
C-12403,64415.60339721455
C-49417,78260.2878417783
C-31372,5939.663216748391
C-1146,16137.035765631896
C-8828,43429.04915998387
C-49512,47965.725774452694
C-42253,55315.79973344063
C-42803,74679.98779146344
C-10737,25986.04650552533
C-599,105198.07795906128
C-41018,25588.12776324857
C-31833,73620.78212354402
C-38905,20949.046588601974
C-20746,5541.471179764805
C-9348,45830.18010838363
C-49249,55690.19601771154
C-49826,40101.57072521077
C-33945,27969.494873605378
C-27158,32296.033396130013
C-30972,204188.9574429479
C-6533,22779.249948418743
C-13514,23425.477481236485
C-28536,12228.804768476213
C-28926,34496.88697226373
C-16940,14825.64979009192
C-49314,23910.545575075634
C-33576,56275.416087901205
C-29091,23544.994638834414
C-4296,80471.39401529562
C-35672,17080.592370222254
C-16625,37174.30481137576
C-16550,61732.51855917159
C-31861,67718.887997299
C-46444,18021.121990994034
C-42628,79993.02298602078
C-42325,66257.47245841616
C-14008,61146.17999914494
C-14497,44440.8939400215
C-28537,2248.8482768713584
C-41252,97079.96048402498
C-30292,37199.01739659812
C-9179,73775.37626665401
C-12966,31510.47318585833
C-25784,115503.3935002257
C-17750,66244.17301639264
C-20252,47063.81642027029
C-17279,231515.17674893723
C-43152,29997.7012600221
C-38870,25149.003681025457
C-27037,18446.352298082376
C-15936,38097.585581410094
C-35550,84395.72287994938
C-30770,26070.351718686616
C-34513,30894.451243082425
C-23293,24331.39803596418
C-9496,31238.795026471344
C-21932,95251.14817876705
C-3729,73004.7875693239
C-35228,29608.87613944651
C-41281,34766.22996427169
C-26542,24959.85889220636
C-11351,14778.934676272096
C-4423,11447.4705295163
C-14214,17759.752697752774
C-9260,9663.647763753062
C-35742,10934.477688721148
C-4498,19359.600478150838
C-11297,90359.9320362178
C-37819,74753.8183686141
C-39299,42521.63651898804
C-33838,79932.57959237353
C-26522,61374.0706596802
C-49607,166726.32971094834
C-47282,76279.91316040543
C-22596,27150.442702408087
C-7798,37628.829810972835
C-24811,90165.46150975896
C-16332,29301.01490330072
C-33201,23669.79029295744
C-4298,77598.27476962816
C-14710,33231.81697812577
C-19611,56571.78524467405
C-46094,41476.54243418015
C-24881,126389.65034869526
C-25641,23594.442863814576
C-38932,35798.509688850216
C-41677,12796.033816178613
C-48029,145814.70197315438
C-26802,26116.104683016627
C-31411,119342.96926747948
C-21777,25027.915296545594
C-2088,69497.46728623859
C-21745,25702.749135894155
C-48895,13630.021220098337
C-24482,30435.45361486836
C-18210,55786.748584860274
C-4405,13195.55971658892
C-18766,64760.69017769705
C-46255,40963.70559849616
C-23528,147778.51000386768
C-40959,152893.50935042073
C-35532,19084.15778393974
C-9624,43839.48217009172
C-8390,20584.406850585336
C-37576,24848.9140163553
C-19559,34842.1315341252
C-29421,17179.050750175473
C-8450,-5918.379395091106
C-28966,47273.54890995187
C-8762,23151.538245973075
C-20217,56599.35460503983
C-5105,5841.804181932544
C-35404,98097.53784968541
C-8127,12869.132173421727
C-5553,19079.82117769542
C-1571,11038.756253039493
C-25709,31883.160558446667
C-41410,69816.78382654401
C-19755,57299.31718812159
C-19168,22003.77077151858
C-28369,93686.8955887433
C-34039,49568.65535919003
C-40576,27671.0723550928
C-4903,61276.58971649441
C-244,17912.743535016078
C-4494,65112.08785970414
C-42653,37112.09277678991
C-13826,8559.810655518566
C-38710,45782.18382541703
C-20835,14534.30249059407
C-29736,31482.427530174897
C-9207,39134.1927404436
C-29748,9771.621983121207
C-12736,40541.12549018321
C-37852,40923.913500792165
C-11694,6002.039882655823
C-13541,122769.48043858972
C-19077,9074.57961586253
C-8668,20124.94817008315
C-47725,19870.03445910549
C-25978,31271.555670922105
C-48796,50639.79554271799
C-18341,128497.63190194387
C-47856,71950.7836123192
C-40120,17030.212821875164
C-47769,101940.70722964234
C-24024,14611.163556304018
C-44676,82213.050032019
C-47396,39309.39736680368
C-47706,13908.273185353952
C-42007,24643.11541173701
C-25882,-2657.1842362778407
C-20722,43242.159185922974
C-14096,63148.10205214525
C-10731,62318.3111386776
C-48689,35148.944561973316
C-45932,14791.757700144051
C-743,45455.55943951461
C-28605,44327.64728796933
C-47513,671.1417167336476
C-16866,21234.26567588558
C-16950,24600.190794022215
C-38461,43465.46011916975
C-45740,89967.05252051838
C-9725,97961.7505236424
C-2480,9474.443661798796
C-31256,47251.51458717506
C-38240,56439.48953593207
C-17024,19467.780393673118
C-31736,23782.894792202704
C-40248,41411.66496970842
C-43021,50609.956493880774
C-28703,27585.778837717382
C-20768,68765.89713254907
C-37446,79353.13134136843
C-16626,41633.29867395702
C-25853,35986.74730706901
C-13054,109394.47915483182
C-3283,64619.34677000838
C-43454,31332.083270350497
C-3080,61530.78360379231
C-26619,48010.4376153197
C-48366,-7161.801259697393
C-49489,51151.06088413562
C-45027,12147.929346952107
C-46312,45589.539209097726
C-37303,82956.96950049156
C-5366,21378.935640911455
C-46077,10697.27718171027
C-47599,117180.61848526979
C-28552,82797.76002769877
C-35179,52015.224594257
C-6611,171058.8145098716
C-24579,60195.485966864595
C-14460,109915.51851794892
C-31903,173017.94428454756
C-34763,95492.91106848615
C-4254,4176.09202681193
C-15361,92189.08846145775
C-551,58817.91362464581
C-16174,35174.16276515689
C-22846,38170.11011437009
C-7821,-3128.4967402499387
C-7260,40492.9038379971
C-789,43095.5968082145
C-43186,49697.83585057038
C-8918,14932.21435361456
C-9936,31390.72457557945
C-19892,46187.28924417994
C-29873,39519.93171298383
C-164,123721.53612800672
C-43493,10298.666115965912
C-44040,38356.83111617648
C-33848,55297.8848856159
C-24434,19779.190044329258
C-35117,147044.72244589042
C-44141,22384.132409225767
C-48563,58808.37067821152
C-38030,60541.33368845498
C-14445,29400.78798962037
C-24139,54718.87598064519
C-23669,40920.272599491094
C-12051,25423.122463668813
C-25472,60819.42718080371
C-16611,16104.146104417261
C-19076,33473.497203441715
C-11126,23070.53527948371
C-33131,6020.121405316306
C-33679,31193.062842979292
C-48458,66912.81227932253
C-1425,32291.066349054447
C-42294,54191.486259422796
C-30824,33841.72441674206
C-15601,69597.39317156868
C-47724,37092.95164189684
C-43628,58498.42580900117
C-550,70490.91020023105
C-40825,55733.12341659428
C-10165,108735.34064758739
C-27830,87654.42829384323
C-8385,15427.546406106696
C-38217,24043.69744340125
C-24819,31337.535399784076
C-5820,27998.222437151388
C-25253,69096.27182679696
C-23311,9111.463940959424
C-6038,12696.489742447411
C-49070,22310.8904386356
C-15111,38251.344199689105
C-48784,116007.62320847838
C-27174,114128.97336584934
C-43315,47244.67779852252
C-35510,9565.464042439991
C-40167,62595.31103987724
C-17977,81082.71341585986
C-12447,33103.61169724048
C-13484,33325.55724762859
C-12996,56824.94161221181
C-47115,120633.7168522944
C-22743,83796.95504456309
C-1047,18582.284344442756
C-31729,192126.0889544218
C-14296,6830.307549005003
C-19664,29023.583415836103
C-46326,12917.123417924362
C-29935,7864.4978514788745
C-40401,-4049.585098471616
C-5996,24762.762381645713
C-38561,17106.74116205774
C-19532,69668.52862911027
C-17726,21508.33102021333
C-20309,4723.303005879861
C-26871,108228.12633570089
C-43647,26578.7064767519
C-1541,44033.00757327692
C-19229,25388.394369674803
C-15340,44090.569972026824
C-32096,29219.441915255724
C-12707,32377.487761194032
C-15372,16073.37208090553
C-48619,17527.51897018143
C-18101,34054.18910983635
C-8124,18549.963043385353
C-30846,48710.58374425445
C-44399,22259.713857737745
C-4734,6670.503818216355
C-10356,108169.40643660928
C-37190,92866.84301742191
C-15127,65809.23803412681
C-33206,4472.293539119593
C-49590,71241.90281071511
C-46459,81580.16476230891
C-8208,17045.245193818977
C-33396,93841.85357009187
C-3854,51705.06242881354
C-5994,-1261.8527354385806
C-31910,15688.695086332667
C-2526,62275.52325737949
C-45799,73102.59221665678
C-5724,57127.16873318587
C-8271,136234.30602449074
C-8123,22812.538755323392
C-24133,129317.42659086599
C-5458,83470.34465843343
C-3906,-466.34503191293334
C-23601,160.55998354066105
C-1291,52395.56391500126
C-2456,56157.93274413253
C-21144,8556.51057551273
C-36312,35294.307462745805
C-33014,104837.11789013146
C-24063,49924.940250496446
C-14473,43105.50991759894
C-4520,28755.22220932397
C-11396,13213.828218342038
C-13661,73397.98028712525
C-41402,8474.507564844258
C-9961,67641.49742470589
C-12124,65544.84823601002
C-49268,82134.7605809019
C-586,64107.99894326761
C-36614,43479.28713187808
C-12712,97191.4427108193
C-35230,18039.098931471308
C-38902,43184.710417274546
C-19555,139467.32435285582
C-47164,152188.34012797603
C-22651,69805.22286509274
C-33545,59653.39398347022
C-39266,34109.78669640308
C-9203,28862.595347831826
C-26923,28849.235428592936
C-8276,75459.3658551037
C-28312,2119.6194942328584
C-703,26016.95294492536
C-33262,-12135.37596563562
C-14967,32999.94546355768
C-15013,19438.80180640058
C-3077,9711.077441188798
C-29035,19764.87426100446
C-6753,57234.29888963911
C-38713,126164.59803752354
C-4061,88941.1304332067
C-23639,59296.919396148965
C-43160,103993.9549394651
C-43045,7417.461841526012
C-18306,43493.39715299756
C-18825,35737.70203086472
C-7051,64596.727099944736
C-19629,14292.7690984074
C-47314,27030.712960770128
C-5470,-13769.689942569348
C-628,42365.51811025336
C-23986,11513.974832975204
C-38718,40113.96381068538
C-5103,-5458.345850229511
C-44748,51252.18603442989
C-12479,35519.1153809032
C-21042,69311.61463530481
C-42951,87201.71797542683
C-4694,3702.24803348806
C-30701,130646.91918770068
C-27891,84010.79559734049
C-5930,14324.255681256269
C-23314,-1879.9752554723964
C-38918,25328.721819132465
C-29608,20693.98305351475
C-10766,29487.07709672195
C-46148,57870.53940747506
C-21154,46070.7719038569
C-16634,66983.73848810457
C-34401,64022.75043026279
C-21605,39402.65176287536
C-39162,-6654.914926869766
C-29458,10081.647363662472
C-27651,96820.7089364639
C-13403,79040.25545834043
C-22265,53324.71821655838
C-23698,91403.66112815563
C-37552,3361.552388716991
C-38140,113594.76645327029
C-47479,87284.23057485023
C-1860,81290.21661715969
C-19536,100670.20336154694
C-41187,81754.4153294045
C-41871,59095.28458595319
C-11811,152289.1491760319
C-13644,-6047.369235844686
C-22872,83948.58562060614
C-44155,19396.773112328076
C-33407,100614.02630387773
C-8933,62502.83895773903
C-7398,82585.6670329949
C-26756,85320.2220433336
C-31249,34554.22969029467
C-10672,51150.56788091353
C-11457,53026.608091142625
C-30102,-1972.3525560279231
C-41058,55812.16596878548
C-34096,19239.596305247564
C-20968,93514.50395012801
C-45271,23451.16659397049
C-9629,11521.05458494043
C-38597,15223.59081909982
C-40580,14696.758205431652
C-3243,43432.83373249475
C-7052,14505.611996428313
C-28887,50382.62760160632
C-23261,128489.63078609816
C-20285,69990.88316520075
C-44719,11546.453986102431
C-43051,84313.64376601997
C-9826,79051.38955760295
C-36859,33002.625459790965
C-26780,89849.41423484357
C-36904,75360.8094983847
C-878,18123.436716641776
C-42236,68233.18015972179
C-47334,41744.81851735638
C-40560,9698.905039614154
C-21939,20503.564551030715
C-27225,15352.658299842009
C-47763,-6844.388309625327
C-14029,6869.30846123075
C-20879,153927.92733463057
C-23134,19179.69511574726
C-48958,24798.35515703501
C-17491,30119.81066330148
C-6560,58326.97301972564
C-43636,31217.229452229316
C-6619,63823.1335212742
C-35311,40119.21290373113
C-26758,206627.94591603352
C-15806,177672.12822716916
C-10934,-5011.376853419082
C-38350,-4566.697475516572
C-20474,136453.19917684357
C-3125,22435.445275882204
C-16280,25328.511702683365
C-37202,27682.01150358926
C-46637,46126.485367193636
C-29272,29996.091993710856
C-16002,17117.28851599434
C-12675,25719.653141021045
C-16036,9821.03843261463
C-25910,91634.46811810549
C-44533,29189.2735796064
C-29191,76447.311636815
C-17413,54328.7288629364
C-13292,63501.60857693397
C-28982,4151.21022236647
C-10904,-3577.2594177396604
C-47102,40384.94020197051
C-45161,79133.49528860941
C-26505,43346.40996574243
C-11212,103606.35713752083
C-18077,68061.86085687831
C-33820,30763.995461227227
C-36207,71206.21246574061
C-49351,30483.847604965213
C-9568,57801.86549756732
C-9015,41754.38495276112
C-9081,93055.30966989188
C-36713,31548.69696387755
C-24140,58226.377935984776
C-3282,30135.021572755744
C-24443,55156.36255506537
C-21977,1938.2713547563617
C-31748,3343.0641705412054
C-727,33215.51840780426
C-24808,-6540.616934077727
C-4556,107743.37040613024
C-8632,73679.41832453839
C-34827,111853.9954456116
C-16467,14286.364832596708
C-1216,41181.090186441885
C-17710,2372.9275067331037
C-37971,8412.257499109292
C-36894,65912.35885908066
C-33643,27698.5831913034
C-37922,-17383.68512912524
C-42186,19993.35554647015
C-3656,18008.500863791684
C-28052,77129.39937531415
C-41808,49974.9060006927
C-10293,23499.738158987544
C-47908,37064.53398481861
C-37495,66786.50030790115
C-19667,87180.0296924419
C-46017,52350.4732042453
C-16051,45504.08165125422
C-10104,-2994.0835833527817
C-47064,17855.07142673814
C-39562,39427.28903751813
C-26518,31014.09299156836
C-9119,29665.42152118762
C-23217,-3644.368795702525
C-613,-1965.4735792483625
C-33161,27982.176938507102
C-3922,-531.5838645194744
C-43930,7126.542556673987
C-1357,31280.268472649863
C-29182,196164.15644536976
C-27143,-8334.765345029977
C-16545,51953.90950085351
C-33907,94780.65277155534
C-31007,27056.919326498763
C-36415,37314.15446873754
C-15495,57378.92914337794
C-28662,10123.480702745765
C-26544,-6465.720238414608
C-22879,76879.0621197473
C-39494,43454.89431277797
C-2813,30153.424575179753
C-40306,21196.896804141255
C-20355,82590.16976508437
C-13342,32084.9877370061
C-14107,63488.883626515824
C-44720,56000.26507253722
C-11172,7307.802413959929
C-9912,45597.1355278343
C-8932,10080.575936588459
C-40111,3726.20150602355
C-11780,46877.73358374405
C-33832,91173.82335523504
C-20846,65580.35793500705
C-30744,16118.187818059247
C-8429,18587.869813733334
C-49467,26644.9548172618
C-4567,181381.3209692649
C-33193,67492.11108223461
C-17337,60538.66726594049
C-24088,11529.06117084514
C-2803,46727.10919418955
C-6864,42541.472447205546
C-42612,36970.02781570754
C-38180,33254.38924782026
C-30720,6484.684854143401
C-9598,79477.29270110038
C-2009,25965.220055900223
C-147,26938.758422764182
C-13951,39101.12755313011
C-37787,25772.674982661592
C-48398,81202.30059079186
C-30473,-8.980902383402281
C-32031,-889.9314308720059
C-47246,52031.70825967719
C-42204,46215.74666366545
C-6608,50372.785105877934
C-34899,20122.867019879937
C-4029,26173.677314684726
C-44658,53095.6973191076
C-16585,43773.64694225804
C-29465,79585.80049541035
C-26845,122769.45194179873
C-2575,56947.055258002656
C-49725,44837.07453300722
C-41599,47253.52129505512
C-40851,51199.65529757082
C-17466,32395.91457259172
C-19299,71409.35805046705
C-22029,5645.708268326096
C-16532,22076.663197873546
C-36324,37307.718071389514
C-46437,24374.261182072776
C-867,9660.280076177682
C-28425,51510.952275576215
C-40100,74139.35254848201
C-11523,53575.61044771543
C-14272,142380.21440657094
C-7546,11206.965262376732
C-6448,2228.675357963526
C-37705,-2904.518980447516
C-3761,25309.471662525808
C-16662,31708.681011121153
C-10694,48059.05270201467
C-17442,5029.940948846786
C-7615,53334.16359387958
C-13534,74089.18159583106
C-48106,35136.602063169594
C-25727,14785.00379818437
C-38268,89965.47290494395
C-6194,130780.2535886675
C-41167,71858.05181692781
C-43098,31491.631165603376
C-412,14313.666665242868
C-7222,-114.56199831073172
C-17409,62550.23404052257
C-10501,73132.10715410246
C-1219,27103.09362021135
C-28611,28614.389574172765
C-18723,54183.35698015477
C-11729,-5184.998820681547
C-12618,90042.79665113043
C-38781,10386.262612135084
C-24083,43486.6011270248
C-20197,37522.07130493826
C-13024,39412.713064017924
C-49028,65503.25724528187
C-42189,82175.73651240801
C-47351,21080.43212912819
C-33769,64921.18620335618
C-30589,6573.9814029606205
C-22067,33346.85182522544
C-32870,17670.48513475054
C-43749,6713.833093044828
C-39480,5070.582750403068
C-25855,20698.18897025717
C-35374,8376.277537590126
C-47788,135547.73742032947
C-21187,51499.298677806924
C-12277,53966.5444897379
C-27947,64437.15547612902
C-44486,17123.469740520006
C-6703,38426.03360717508
C-35743,27993.51587697152
C-10368,29340.26254016043
C-47231,11357.277071537152
C-33393,7221.982042792777
C-42566,-8286.490068846506
C-47931,57416.03463920032
C-27348,24918.353359587745
C-9133,37916.50724020963
C-45125,60958.475918397846
C-20348,30618.45751530493
C-12062,71658.25830316261
C-39262,61993.18388771628
C-41688,60736.90242284941
C-4277,35873.697009734904
C-18731,107258.06339715613
C-40399,96063.20724886406
C-37307,95159.92067438448
C-43590,71128.49182592038
C-26779,80612.95369374655
C-2021,36837.28181520145
C-37755,94675.72784877502
C-6525,26756.122068533332
C-44700,46423.97631693782
C-49091,13462.791523373256
C-6958,41065.107731110475
C-18379,37858.54763740023
C-14762,38147.16801213652
C-49522,76306.37141252076
C-9058,10764.254105238819
C-11998,119560.8467031764
C-19649,20682.126793953677
C-28529,51286.7636647267
C-46484,60936.65947197823
C-7842,21693.1689909222
C-17904,58629.4619901451
C-16149,67106.98769217513
C-48311,120936.31591129323
C-20433,37696.94894091175
C-31860,33518.309399189304
C-4316,61782.54346407316
C-45700,9264.895026261278
C-21021,50809.59872789821
C-15965,5009.036913904107
C-39430,57378.76808946778
C-35269,51082.40191381694
C-49545,12663.17193806255
C-28415,28854.098596272026
C-9937,6291.187144637661
C-44839,11523.261034398121
C-5085,13425.605706730901
C-4291,20257.62503982357
C-30942,2471.8606202816154
C-6880,149426.96855970763
C-49564,20139.863959313352
C-21704,81033.65545477695
C-23953,48321.066573773096
C-25482,11293.085377955555
C-38847,5746.308478991516
C-10435,-9322.561901745823
C-33305,73696.68318006174
C-43245,22100.62651535768
C-45763,41906.98589478156
C-38602,52467.69921380223
C-16836,19455.425463230767
C-49420,86470.20123318673
C-13527,-941.754148767759
C-33434,42823.616092161734
C-23915,24230.281704753812
C-39709,10810.13036256237
C-33420,43243.20536145227
C-3191,66901.86045143052
C-35869,88266.2792395975
C-18219,19631.042437726373
C-23762,416.89648400474107
C-48558,95940.88396645713
C-10604,-1773.8598412647407
C-36844,76132.74500518023
C-43979,66499.0601144036
C-2590,40792.76434281732
C-12428,46238.606342327075
C-3007,5523.94982140365
C-47443,10882.236847838183
C-8951,19332.741339181568
C-3111,19191.178963819533
C-24963,85813.86700574635
C-5134,36057.34778590891
C-41109,20047.806769008454
C-44582,4900.269602085718
C-38628,89641.89314488467
C-43996,65957.57094377118
C-3826,14407.578450780238
C-34221,88051.70443140047
C-35521,23620.208163858362
C-24986,44654.186206731996
C-24701,31654.704641689226
C-433,50134.17958534126
C-17071,-3831.0275490273707
C-44951,76765.18180095908
C-40981,40652.66892563913
C-3168,79288.22666082533
C-12120,94514.33842270999
C-20066,49221.16479902142
C-40855,37473.33900540388
C-33950,17990.037890100466
C-16255,85148.6673992569
C-35757,97275.02055809833
C-43464,25742.828324165883
C-105,28336.613453681122
C-9032,53890.59235315613
C-2528,33972.94955853126
C-45591,32163.338390984434
C-48791,117485.03670947348
C-10641,30380.766056237473
C-18464,185423.83709796786
C-41513,57535.804487764355
C-15399,41648.75683906796
C-40429,64066.168119943766
C-47486,42826.117433126616
C-28548,66199.44671205274
C-35475,53065.85903928561
C-36934,133075.28029730188
C-41349,30258.484731586235
C-343,60759.11768520149
C-17058,138820.48003006272
C-1933,28164.006438131946
C-17332,69484.06956671402
C-7308,18718.565332289614
C-10015,91513.14948044572
C-31784,35630.82473025132
C-35165,7681.319617092333
C-16444,-647.2233998671654
C-36494,20148.159066989832
C-43022,11413.05585672472
C-16086,50802.88972491309
C-6893,105964.18382948545
C-6362,-2070.2518762813706
C-34803,27145.61781240522
C-40695,191.51787811167014
C-15703,131588.423963997
C-36349,44153.90815007986
C-532,40651.08544972203
C-9160,79905.98412419045
C-7680,66168.19710517616
C-15391,54737.92322536813
C-43126,3855.259150377926
C-13937,145198.45543495915
C-43019,59200.33731273665
C-36974,55074.52062384033
C-27545,79677.70425305105
C-16654,22166.454906152674
C-48573,73006.94765330914
C-22589,2319.79366895961
C-39475,54377.67751143667
C-20235,50587.581711736624
C-13124,84251.75264154348
C-37159,56497.90565928316
C-708,14115.427337893387
C-9313,36365.665953709315
C-6785,8030.632453299659
C-30619,17927.859301274064
C-48854,155915.20737734827
C-46775,44701.353403928515
C-14405,117766.05173979206
C-16484,101806.06937981214
C-4745,30080.941680968743
C-35504,161177.38778866822
C-36203,81637.16155962936
C-41367,15412.944100878856
C-34199,55682.039983472896
C-40379,23838.710833203993
C-45316,26293.906549880845
C-29347,21579.77961888223
C-48535,-1641.375254540093
C-2462,58052.052645783966
C-30141,29448.541020634137
C-20521,9214.13148855463
C-11689,83422.60491526083
C-48249,10521.335006531226
C-39420,65922.2935145664
C-37821,47555.57762300655
C-16045,107567.9199993028
C-42508,70164.14240729116
C-17007,9883.981345041684
C-5720,38859.06092537132
C-17672,39252.47429980342
C-44687,74594.0978304858
C-45494,78534.30546794657
C-49660,39520.48211459158
C-39550,101544.38778466088
C-31673,123759.62277840798
C-47227,8419.42818809158
C-33173,35230.25291507848
C-13745,42366.51810801784
C-18660,19245.89435503622
C-38041,31610.28459913924
C-14364,-7693.547109628678
C-40469,91127.32529082413
C-2101,78440.92869841435
C-27523,54724.97163517455
C-30310,33406.12094557623
C-21574,58530.33297184104
C-25195,42030.156711949196
C-47602,18585.86659562058
C-37509,95108.59605713996
C-22081,48027.75000806336
C-28637,28253.82814928822
C-40809,20.086233805835946
C-35317,100272.29707248068
C-31783,52682.13394611441
C-10480,32042.170349590542
C-46306,81695.26244054898
C-26645,34495.20550612836
C-46102,94898.41296950213
C-20306,47679.44364238027
C-43350,53811.8283007626
C-12569,7573.336884473858
C-40147,37719.20425562522
C-2545,43446.07332095278
C-41211,24717.242200827866
C-43144,27506.249166901096
C-27810,15276.421496097777
C-27465,16384.065046608914
C-49938,54118.06962004494
C-48118,52712.40589066878
C-38709,27684.58323998018
C-47012,78949.20260492714
C-25243,77232.99582132536
C-3325,16090.569312362091
C-163,22694.74421332546
C-46930,69146.52471544
C-43949,61266.0104224156
C-3796,-10006.182737388677
C-19242,21391.164091527386
C-1657,71893.09544601678
C-5196,45653.7886381486
C-17131,22750.063485822408
C-27411,69428.07937186644
C-26547,83750.52709189284
C-32252,105143.12672190601
C-36293,24734.17756860146
C-15868,56144.939971846296
C-30181,54845.96016694796
C-24376,57476.27442137526
C-3503,17481.428437122155
C-17093,21922.034124347425
C-18483,26063.27717766569
C-33442,-949.6389319256414
C-47507,188000.616541298
C-29677,42988.81779124223
C-43233,122978.91938164644
C-34989,48731.03063744031
C-33804,38708.27872973081
C-32191,57582.996550708405
C-48861,19159.3487055213
C-9660,26044.427213475174
C-16410,114283.43140411815
C-44430,-2991.772803910877
C-40705,34986.41711996286
C-27825,49834.035749888375
C-14032,119481.10265064209
C-48016,32052.157093026908
C-31100,47611.63615541378
C-11477,37966.16496288442
C-41012,54138.76849655762
C-21622,40801.56246907465
C-48666,67313.49039671116
C-2651,34096.69334606131
C-11971,110171.55590603911
C-47335,20983.076469444368
C-37290,29177.022465672424
C-5507,44880.39056872065
C-21630,29444.919940974203
C-24356,30083.689500221193
C-1418,142389.75874984803
C-37959,34416.56895921989
C-34947,44104.30862139814
C-8378,-6008.552682283422
C-5647,98033.48979915297
C-31735,126772.7874755161
C-1033,18448.515286102956
C-43011,116307.74457801509
C-26782,40804.5861320543
C-24588,37521.526989687714
C-9255,-4953.942623579103
C-16972,-7806.712359310055
C-19013,38783.60283539578
C-28470,67158.43948501436
C-31394,9443.244189522069
C-49543,60396.36038349514
C-20669,62756.43858992003
C-46628,103414.92519200634
C-4329,53786.52436367632
C-733,34299.22922937203
C-7624,12875.419122017156
C-39386,47938.991196855
C-47549,3056.0793041372744
C-592,18022.689120722396
C-39528,62195.05314325853
C-32810,21996.60852049371
C-20845,19164.579101670737
C-23593,47973.9915948274
C-16594,45428.66567828813
C-28739,54767.10604204163
C-6959,55926.46962492586
C-34040,19282.66026097924
C-24538,48912.97445572295
C-49837,65963.71778732986
C-6896,15216.82376898521
C-11269,70898.79041337967
C-1687,29000.586342447572
C-8481,128592.3470666889
C-34008,956.6084389685275
C-44597,7440.468244707852
C-48501,79615.43769920504
C-36756,46742.887974335456
C-9528,19671.402482891113
C-37191,33677.40462503785
C-45553,36402.11954642752
C-5989,19784.5519847634
C-8306,86487.88873125605
C-37163,30945.49778727343
C-5020,71690.65073308707
C-39531,30705.04621594839
C-24186,17422.375852711848
C-2034,9283.476678721927
C-6272,66396.56771070021
C-31281,10174.246552389573
C-22539,88931.49899268882
C-22635,58337.69621706242
C-42726,34711.78672181505
C-46021,20098.765554058606
C-41827,30388.30569641453
C-34735,21737.661227481804
C-49050,14336.06259711337
C-31964,42675.57489890637
C-21488,16343.264075097683
C-46922,68535.74103800103
C-26422,19101.733524260388
C-7283,69693.25434810035
C-8898,108401.04000137755
C-19317,16572.580748168286
C-7924,5369.624452905198
C-38755,78787.98725973406
C-38035,54441.912009944404
C-26541,65615.47116668033
C-13255,14958.885061959394
C-33665,23947.750695063947
C-17979,63452.199504917065
C-15071,17621.944575994086
C-15518,28358.05452262474
C-7777,64981.861356326765
C-16371,12478.49755264938
C-42978,68112.41635544851
C-25742,36732.38418221014
C-23131,107846.26743732885
C-19808,25517.90468481528
C-23577,21628.003255215583
C-24269,60380.364042029905
C-30130,31821.48350388774
C-34007,-3527.2071453866956
C-6945,30960.916800623283
C-30147,32025.718022521396
C-20582,32440.280432463056
C-11816,28681.21886973668
C-21199,58376.412486149755
C-7584,37525.55250839877
C-21231,32031.770621906762
C-25623,7271.954283424515
C-47489,13153.759568131747
C-44527,-12320.884729966288
C-28199,95121.39473799482
C-46655,55284.8930139033
C-20102,36862.654356689185
C-27505,39885.59616612029
C-19288,-13535.642049230424
C-36020,86863.05881405078
C-5452,26600.420123688786
C-36290,21877.40753001251
C-47138,49163.23292429919
C-19826,51625.385542050346
C-18176,31926.38282493378
C-23652,82325.02680791916
C-18190,20016.688762307705
C-5207,41773.669869331476
C-37134,45501.755073660315
C-36743,91795.11880576081
C-342,97078.4607001228
C-20912,32287.207253442863
C-6669,17709.589896364578
C-14199,64138.54045025232
C-5693,19764.277511552937
C-1890,44638.03061429925
C-13062,113120.91298075739
C-13096,33000.0453842483
C-4523,-1753.8166240771534
C-32348,9494.781478902289
C-37447,30916.697031030475
C-18769,2627.5282601560175
C-3353,16715.216628175167
C-856,66940.77902088853
C-2181,81124.50716642034
C-24013,9905.646971370414
C-8411,32313.263159794624
C-11470,23915.820960007768
C-8964,66220.3588836375
C-41704,39017.98178175887
C-11149,34592.12024803774
C-2915,81555.95820347758
C-28033,-4057.1699852359525
C-18330,21167.718345973524
C-16025,17318.042166532825
C-21056,4006.920489114258
C-29582,16094.558122861188
C-24728,71275.38539706898
C-29953,16491.864752355454
C-24684,49817.78684839014
C-15019,41035.30473424375
C-6610,47106.87114809001
C-2185,31305.02834790241
C-29796,12885.429913198823
C-43815,7449.014023906624
C-5139,37563.748362970495
C-40585,140224.55944257992
C-37650,74430.47574948
C-40680,20418.894723779966
C-20637,38835.15638301715
C-44171,65506.09757829455
C-26469,49623.86144692615
C-5655,68506.1107054223
C-35789,15188.517133502944
C-9855,9122.38321693828
C-13522,35017.35771951394
C-27211,37917.74428311099
C-18800,21437.50274114355
C-34145,31725.72588100477
C-3719,8480.785538716635
C-46412,1444.7938760809338
C-36171,20188.308491593725
C-16591,20251.49145675722
C-37750,31624.96180946297
C-29513,21240.39069803761
C-41146,19308.114421366878
C-16179,37801.77489220697
C-13035,67620.3958006549
C-39315,22246.585610781956
C-9754,4338.653192139027
C-44506,68547.09940245906
C-13402,10645.34441246817
C-46364,84409.4843708459
C-2406,21106.604712921704
C-39724,23372.460205837873
C-17953,49380.268504567626
C-17377,6536.640176473607
C-22162,49661.962188620884
C-30544,131781.21303508742
C-9327,27207.93363109378
C-11528,55.75130229163915
C-1776,169210.97384011454
C-40611,87415.97129094627
C-34768,77434.85176470177
C-24746,24948.433886069317
C-48312,7499.76232017063
C-39060,-11745.07072538638
C-30034,67219.1640000312
C-45206,4951.592034188485
C-33970,-890.7952178936612
C-28438,69742.85008234293
C-6099,58928.19395485295
C-15661,83213.7405969553
C-4984,19798.757517052596
C-27036,24551.298774493003
C-16087,40007.90325577279
C-7422,113298.02122915427
C-25154,125337.19359047007
C-21063,45086.980293738234
C-46123,81920.16235335785
C-7827,26685.42249722084
C-4105,117803.99665517168
C-42606,7856.666187010931
C-22065,53785.82011630168
C-46248,30791.83284421805
C-29765,26719.70905726595
C-35237,32539.377708757624
C-29349,11360.712450950115
C-49910,69375.1466833211
C-29160,75548.25172593804
C-12729,12864.756862456314
C-22805,64658.78983012368
C-39372,22104.119585057015
C-10006,71018.85450890227
C-45364,8592.03305933567
C-16729,20536.07515445391
C-19219,70419.19216048566
C-22004,80450.9528283141
C-16288,37359.48864545596
C-24242,44788.822010180214
C-29574,107733.08603341859
C-18913,50137.07417784506
C-346,19899.746017604346
C-32691,70780.9736019905
C-29010,17741.706784726703
C-3474,-1273.6518594127192
C-21841,76277.03896675326
C-39379,37118.63174360348
C-44706,146915.44196814531
C-17569,21260.943864705983
C-22935,85608.3797232433
C-44499,30594.376846767656
C-48434,30754.934936472193
C-22214,51552.127332031785
C-48444,95875.02035926117
C-23465,64371.77780459754
C-26702,83670.04244483638
C-11271,18214.918488616582
C-4202,75067.24376249588
C-11145,16661.388728436228
C-10182,26648.077731087546
C-41537,105326.69393698429
C-1121,39202.698212988566
C-15608,30433.08820561621
C-32028,96238.672570177
C-31084,37864.48453922048
C-22340,-5737.265621764564
C-28510,48476.82478825565
C-35352,100893.27904573173
C-47728,117473.36133572069
C-24111,34144.14445464845
C-13770,42634.89272966887
C-37767,10324.239837982328
C-15980,39663.11997345567
C-10972,45093.36135788458
C-15393,151665.14395873004
C-315,29040.65553378121
C-31765,6124.174042296545
C-15898,14313.300830455402
C-23055,72998.37010811792
C-9869,83139.24697138635
C-43622,60788.8127763846
C-3561,123109.99433918181
C-21966,60936.40489396068
C-24429,20272.44954292128
C-30554,56712.38488484113
C-41277,73794.76142963837
C-26559,27446.490040635174
C-19399,142797.91033553352
C-16559,-4163.387125431844
C-33207,27005.225248213967
C-21688,53308.73924554434
C-23941,48482.86241792133
C-42083,-1749.1777477264623
C-5038,-2259.869302463776
C-12302,46311.55142525822
C-6313,38369.75386734523
C-26517,12724.11124811694
C-11660,37509.78856032868
C-331,188607.5500875878
C-30208,-346.9475001007013
C-43459,27837.917224264493
C-48525,10763.416417936045
C-31930,32977.67088299707
C-44877,105466.89314378929
C-30637,98455.73921699265
C-29121,91994.47112247831
C-26118,110123.69342990516
C-2150,110304.71302469325
C-16285,37371.07117697506
C-21336,53577.382626702085
C-482,3954.660288872459
C-21173,40702.471511052056
C-20868,79111.31057789557
C-3715,96213.1514025395
C-8,-9065.253387564393
C-31044,26086.766980965665
C-11991,29115.549068499105
C-49672,2873.44945062045
C-47265,27916.930698909535
C-8683,26908.309942633852
C-35901,54039.753242548555
C-31414,6935.213025598765
C-27227,25315.685793318768
C-43876,27095.970999314424
C-11365,94816.0179968132
C-26694,24105.98868954173
C-14891,98055.41188323856
C-33074,50282.43075144506
C-6053,11276.944782856808
C-45632,40500.61573517632
C-37782,33377.47734171337
C-40513,80738.42971302013
C-13892,75508.69640064839
C-29313,57822.24326298066
C-19701,37735.77409273315
C-24375,67961.05253008998
C-21504,77356.87062457511
C-48930,74496.61330825897
C-12841,90987.85560852411
C-47189,52916.36961551152
C-12597,22700.925699464708
C-29210,5031.9307130132365
C-14297,106658.07223393965
C-40192,19948.04665121735
C-16607,47735.619106207494
C-20093,172317.39182601066
C-30625,41684.93129116141
C-31223,75508.00340302016
C-47667,42069.28847898122
C-25239,20090.265174744738
C-21119,124946.64282304942
C-9637,13657.276227761402
C-1726,40889.30536447745
C-32735,93853.9921249309
C-3403,34210.49201194862
C-45186,-1136.676556661012
C-31397,28145.92258196611
C-38566,45446.6280069945
C-20170,15998.07485078105
C-4915,140836.37698413923
C-37237,31689.71064622552
C-45828,32520.23191246968
C-9658,78634.05817889111
C-17949,2906.26153665685
C-29360,51659.01876031184
C-14362,49599.806260665115
C-35175,37128.71509178875
C-38257,184780.82445853367
C-33225,18419.951164691058
C-34564,19863.66349846372
C-19320,13545.575212328244
C-39827,36770.14165748922
C-18312,27572.952710321468
C-20148,11027.653918374846
C-17028,159640.84669467947
C-39793,22916.8211046333
C-39607,40443.34114614863
C-43116,28649.78816507561
C-13098,49058.40370224626
C-12028,52571.51036078013
C-40593,14390.667577166649
C-47315,61729.48804095557
C-48408,118786.80872662488
C-47352,33173.83520374304
C-1702,75367.20168995109
C-45036,823.0501839165008
C-42986,23848.073686722026
C-27390,28153.166721519505
C-49222,77396.28036896701
C-45728,12023.908161697582
C-4301,22817.698309240193
C-47680,28949.53635514946
C-18245,3799.0552669408353
C-28956,81419.24735970765
C-1912,15706.199037830265
C-6377,-5188.8106487760815
C-5014,163157.2547273256
C-38435,1830.1451126445245
C-48314,44764.765380423574
C-22330,28834.91782585147
C-4908,6645.675682355213
C-30572,43168.00306006656
C-33544,38158.54330039978
C-5212,20608.76168576893
C-19644,46364.61355353116
C-4003,56813.52252043495
C-8797,37675.83428565903
C-32486,36483.20330828939
C-43025,47270.73309069086
C-11206,9920.756949555434
C-16373,39406.08364165429
C-3869,175914.23005498573
C-25452,50680.3882491395
C-46991,55798.1265109643
C-25206,65902.01939428745
C-49040,94321.88359811154
C-19882,3190.8632715842614
C-47375,68789.09074978414
C-46672,72361.90418404271
C-874,23654.853938221117
C-42686,15661.159936640037
C-15105,26492.102343168728
C-2292,25532.86538205311
C-23956,21794.532392454894
C-22220,-12535.127828793324
C-31703,26668.746474452317
C-11163,42977.95379325342
C-46135,18845.102118053215
C-15488,4070.575635738416
C-15577,-13330.440196710908
C-8484,42952.775223616685
C-45357,66597.1199090026
C-5960,11144.40157234788
C-25186,33351.18056963353
C-42479,44599.809823334755
C-27957,29427.14362996524
C-704,123974.90669889208
C-39472,46764.28770478603
C-30798,154840.2677158628
C-13428,34051.27902955918
C-43559,9156.662438577769
C-44069,23425.146372143354
C-37126,67924.27975897072
C-30008,49570.14232492732
C-2208,82637.52728897476
C-724,58946.80599074255
C-42871,69336.30592589767
C-15864,32810.25408274002
C-49727,33289.154393834804
C-7893,69158.8947607745
C-33881,72565.80472674132
C-2555,54063.97927899103
C-13205,24069.764123576973
C-32645,28033.15357220162
C-19333,160536.82271234744
C-3493,817.815525279897
C-5617,24000.230208541467
C-12878,16272.801215976055
C-23244,101853.5927128654
C-20747,15775.993500926932
C-41215,140743.05458883388
C-25222,42810.357828779874
C-19960,18015.784167683145
C-40236,76101.85069371421
C-27462,72967.2403932198
C-14738,16096.38339686189
C-28390,20535.611507829657
C-46789,56683.91005542289
C-8931,51096.71622837741
C-424,100620.53893796005
C-47983,54498.524239599385
C-46540,169549.01108549297
C-1834,109517.92406399285
C-43986,4883.001024484489
C-8999,50169.261354121954
C-44542,14716.346823150423
C-37663,15156.621592802505
C-9683,19618.05634388764
C-27254,79669.33239708495
C-38863,22321.517012001983
C-15809,60828.595000954374
C-32608,24592.771993616356
C-4184,55608.32903884928
C-12448,45615.27310008489
C-3382,19939.221143327715
C-10810,54578.35430192342
C-7699,32408.470149394754
C-48142,55410.11007711391
C-10446,21430.70156070507
C-2132,18990.613224273126
C-17811,26252.510821244006
C-10329,45643.57830530038
C-33024,94362.50005676196
C-42738,20491.34341855812
C-32018,55229.25807113745
C-11519,68303.74334983424
C-37617,30494.175543983773
C-35304,47422.34718260229
C-23745,52510.92849770606
C-38441,25853.305725958842
C-15699,76390.57821464329
C-3488,13696.737153114038
C-7916,22873.456907044325
C-11343,73247.21082287576
C-20338,94493.9822712221
C-42996,44222.35420446884
C-34854,39093.13107750805
C-4682,43457.1414533307
C-18039,58686.42618274677
C-4989,56193.024146314536
C-34507,1151.0336072873106
C-30364,2989.9745538317293
C-38194,101741.89975310203
C-41337,41737.15589778648
C-1978,90773.24358245565
C-21249,13478.77202349298
C-862,72636.65846092315
C-45291,5804.013788641212
C-25827,27838.627809358564
C-20471,1957.067293050699
C-21526,16137.996058634504
C-47951,128761.48390073428
C-20059,5132.967858996701
C-25191,66894.65493133652
C-6829,10950.927315008368
C-38266,54783.386406038255
C-1830,51262.22487563029
C-29060,7402.22066069713
C-1193,33032.92629239475
C-36632,26345.057835377727
C-48700,85565.23035231644
C-5000,22757.814363372665
C-33841,55460.402280837414
C-2227,35627.267207208555
C-8315,17234.267360869922
C-34479,49317.613228381895
C-23272,60082.58000223867
C-39258,42592.70678113089
C-15698,38772.21644176214
C-33165,122946.64235633888
C-46800,24906.111467220322
C-4461,29918.126890177187
C-15805,38360.50497674147
C-45163,92355.19506504032
C-47387,35250.14628248456
C-35427,55764.1584011967
C-21828,90011.03131602105
C-41859,36313.01590177114
C-26423,17805.23194601988
C-16955,41844.38510966787
C-28285,135563.38117963326
C-5571,139114.63595963764
C-44898,36454.09523075992
C-39096,47709.67320681704
C-35398,137144.54670165395
C-9841,182157.51470347523
C-31544,26794.77503990839
C-19918,-2596.0195545522583
C-19359,63616.93555138196
C-46257,46287.453672575866
C-2681,9870.201799863302
C-29831,2296.442106066883
C-23265,-2135.365813671946
C-15614,30504.958164504653
C-43050,34932.24131998149
C-35424,14954.76494433677
C-12797,6905.127059802515
C-35373,66119.41594135373
C-34325,34749.07982859398
C-22321,43413.883988513655
C-25878,198939.55454690295
C-15125,76450.48488026822
C-15971,4063.657184647156
C-14498,17127.457785365797
C-13539,55639.97049055667
C-32043,40837.50474870461
C-29059,43556.29414870672
C-6628,17250.696855952803
C-15829,88544.39811573797
C-23506,118964.45574590015
C-12348,58082.13729366915
C-22923,7531.7866318634115
C-48814,50164.7852455284
C-37080,29095.035481660405
C-21182,14023.253529362657
C-36484,2592.4598591566755
C-2311,87563.17653943572
C-39017,28918.756219387276
C-29737,18948.771593573107
C-8329,22612.70627236686
C-22747,43292.958943933
C-30235,23649.52030925928
C-24824,30323.382521189098
C-16767,21096.26877547174
C-15781,38828.42715290736
C-42238,17421.932107824585
C-1428,70872.84341221984
C-12958,24350.520976213484
C-26661,76617.14640871974
C-2509,52087.50972775931
C-38559,41833.342773153665
C-22079,48041.574239040056
C-18290,38626.36231114574
C-22170,57169.998802226604
C-31551,11894.821086313852
C-6556,57895.421585093325
C-451,155367.1629195268
C-44735,25101.091650897342
C-41358,25185.924338129968
C-21296,77679.3373718627
C-21412,48065.76265610704
C-7111,37937.7923653748
C-45296,57757.17212861018
C-37389,59718.76633010641
C-1476,55763.70439087246
C-10258,22415.011982391166
C-10679,31835.818744663877
C-7356,18373.84274027694
C-41189,853.0446782096406
C-20601,8877.66523326256
C-7317,34395.58466985632
C-11943,60127.65478745852
C-40986,64564.60518810869
C-45766,66178.61699139993
C-20420,34831.841348618764
C-39325,58354.96972733548
C-40901,36221.50361625428
C-1828,99050.6935676754
C-6839,131559.4299373598
C-11889,27935.939255189714
C-20576,32055.833088119984
C-902,29134.86373878001
C-46513,18864.672227836716
C-13022,-10196.479861166299
C-41535,33104.389138561426
C-40445,14874.583728864956
C-8614,22952.82485642907
C-31963,48730.8346100554
C-30173,75214.48404445418
C-15828,-4384.738559902609
C-14653,14824.985223294061
C-28684,32126.101074637274
C-46477,69020.11507969479
C-28973,13058.534784430762
C-26667,3399.0397291936097
C-537,29625.485454487865
C-8596,10303.817854863519
C-32362,118153.85371365721
C-29614,128372.64019752819
C-15725,49716.55813830816
C-5245,3542.579502068009
C-16033,36027.774187342395
C-1061,7473.228446145244
C-8084,65533.83881972068
C-18753,157670.06426627137
C-30525,35905.92866803875
C-27420,53467.31302598194
C-5694,30884.118160540533
C-34831,99032.10584335616
C-18575,49079.50274647319
C-8036,34982.935242486914
C-36694,20413.37941468855
C-48580,6365.238136592765
C-48923,20631.128965539236
C-23352,37165.54454275417
C-25759,33292.5660705016
C-5488,44421.54871040757
C-12170,78521.53155806869
C-31165,36953.65690649372
C-7115,89697.70795669698
C-29158,43684.629463087374
C-31692,26077.289921332263
C-36806,25621.060318958585
C-18647,79588.4207156215
C-712,20299.673909014928
C-34705,55286.03847561834
C-49020,20766.822284009817
C-36576,154.48624494302203
C-47910,-121.06158368977776
C-41175,11510.15054301059
C-45818,89095.00387781319
C-8304,5144.531055804022
C-49680,18580.209820758482
C-32690,24712.126399971326
C-39176,56688.62645564139
C-10406,11409.038413670758
C-32460,137436.41773700505
C-22217,59066.689668186315
C-31527,18654.313851952014
C-43664,103111.8299463458
C-28908,21781.935771566797
C-13066,26754.83282890352
C-2293,31698.425869393504
C-4544,81572.68157475322
C-21102,73094.77135352047
C-47836,30036.500201328152
C-35896,-10154.572981517878
C-8349,42705.18852747526
C-18590,73693.58458169858
C-34960,52712.05672314502
C-48800,33764.337777413544
C-32976,38587.435824704255
C-32325,7934.6264155470635
C-28335,6853.12991889102
C-15962,52068.03390509451
C-6567,61983.468499962226
C-35450,100553.40234755873
C-23623,110896.32008387064
C-13153,5771.65053992076
C-45004,60554.59924952044
C-15957,60047.352576669175
C-22467,98103.28055730581
C-13410,46936.64437699906
C-24246,76372.43499986822
C-33825,-2612.7066032853763
C-10857,7709.766966286537
C-38613,109953.40710525695
C-39440,64778.32469303538
C-36846,136447.09439658403
C-46064,71584.35413167282
C-43386,29379.202318852695
C-45286,53582.18637692625
C-30666,20203.64757257365
C-18023,30924.22212275512
C-17886,127162.51034317484
C-20853,73559.87797602003
C-5729,23558.461216610158
C-15098,27381.218167731357
C-24000,22271.781261236523
C-16840,86768.25590028492
C-33592,80286.62244752725
C-938,22104.081304880958
C-48114,71293.37973600568
C-10831,15905.512421304917
C-11768,7290.9040074390505
C-49756,42389.220460611126
C-22527,85155.77248318188
C-25302,98022.18557010342
C-22299,86191.61348089976
C-21419,-273.49360407597123
C-12963,152077.97029153493
C-35219,615.2359693024628
C-29429,61928.79941532081
C-6314,52368.110245486314
C-35617,28524.77164474944
C-19694,46820.50588878016
C-21454,9900.307060321356
C-8251,51060.112436470896
C-35975,30195.137775835374
C-6615,20302.822225487627
C-21731,51455.42506616889
C-16175,17264.132390737494
C-10430,67355.38827678331
C-42634,33518.79585852918
C-1183,-6246.559829854596
C-32355,20680.31010579846
C-14959,-9630.570801628186
C-30767,76107.67405085202
C-31033,40905.15095670819
C-33139,26426.931107203192
C-17885,-9613.828015122897
C-28296,-4755.902605209019
C-24999,3559.0340431419972
C-12010,36990.139793632894
C-27223,85463.83104307241
C-23508,50971.53593676175
C-46804,61467.07543758046
C-41140,10028.850545068904
C-20213,80997.05351482054
C-3736,79317.12468115191
C-28880,69736.30113676553
C-15721,104132.18038418822
C-18225,38109.31860576152
C-47402,44701.43006242096
C-38131,29741.861213382595
C-21579,9590.343246626755
C-15574,74780.49450253422
C-22388,21679.74302549514
C-22215,74521.4348175176
C-42952,87764.31594140432
C-31276,8591.183170404562
C-1294,18724.425338870453
C-45660,34261.97391000035
C-24583,84251.027386975
C-6236,36403.104554667414
C-29012,2399.1599806469676
C-19048,82999.91836343751
C-20798,72137.8902825164
C-11408,42809.79337097847
C-14159,35472.74236780622
C-4559,21188.98718054966
C-21873,22840.32558530711
C-6832,56498.36994472177
C-27384,62419.82842671675
C-42817,35288.618604994466
C-41311,45818.96552359216
C-18551,50891.707500116776
C-3100,1224.074186522077
C-44884,72011.2454701054
C-23415,59263.25645624618
C-30452,82510.24278726443
C-43698,36930.25280775348
C-39754,13960.61734607866
C-39078,55486.73980268417
C-44095,3497.619189125573
C-23374,15296.956865843524
C-12601,75039.89260710418
C-47460,100721.42688288941
C-6338,56250.245535791866
C-49083,32956.96840539941
C-23532,30319.574035764454
C-18748,57980.68598910617
C-7328,44020.07210377372
C-39631,52630.09297744727
C-17756,8238.484773699427
C-38900,60105.51167942838
C-9574,40125.875262450296
C-29967,46337.38154150045
C-33115,29484.2694675064
C-36337,21165.690611138467
C-17702,43060.93485645335
C-5664,-6748.941166638768
C-49025,30981.912207464236
C-17588,36712.54855550684
C-19279,56209.891040112096
C-41970,-9123.570167629732
C-34196,58390.860550728525
C-19440,78489.84540411696
C-35457,6391.399587252439
C-5780,83984.34323220921
C-45679,31730.893621963514
C-10798,6783.041250333466
C-41998,101088.40124290423
C-48365,28723.233562816033
C-2073,-6166.177538373748
C-17676,97995.33236994369
C-27672,108071.48832428109
C-11903,3649.730663405404
C-5945,51589.1422619353
C-5834,69659.63746560144
C-31639,51388.82406917476
C-34349,-2787.4929169343304
C-30249,31462.34233462906
C-30939,61363.69802136773
C-26084,23830.15871456181
C-26297,37659.49253286517
C-36481,60088.51914235943
C-35446,82850.13221903035
C-42169,29585.007119453112
C-15519,22649.849983843502
C-5811,73075.18949279762
C-12378,60577.638291643685
C-16400,17248.497851677083
C-14481,-13782.807928857888
C-11573,81156.76792051179
C-13155,68873.27391421446
C-35980,49913.470005565585
C-37138,56695.86757556536
C-44387,15161.880028817803
C-36984,112944.29210523858
C-28942,74768.62836065704
C-2644,77412.50027730595
C-17683,74633.95233544667
C-17498,20810.923211221274
C-46944,511.9816174706066
C-12207,50111.27053082091
C-863,8882.712612430842
C-17218,54272.094685851
C-25649,43346.987864927876
C-28147,60972.61537212116
C-38232,10749.68928570293
C-12121,49839.90543882812
C-20987,25297.27425042281
C-37913,37881.47755265104
C-24937,180024.67538422532
C-33353,55940.055832013015
C-47220,28402.031290568713
C-1340,72930.00816599018
C-26206,71864.55749389314
C-33319,8846.99859515937
C-4813,22531.74526214169
C-6855,33154.85052087068
C-18712,31285.174630989466
C-42570,30073.09616766908
C-8341,74864.76262752294
C-3558,7664.966851502621
C-21849,61754.997110768294
C-26202,70513.13276478817
C-20469,25111.018293253266
C-29924,49316.58305690152
C-8738,37474.032635537675
C-32831,35161.29817473974
C-13623,110931.41709977551
C-3207,-8567.895372742008
C-27437,24249.25236256708
C-41413,27949.720827313147
C-25065,13650.613399226662
C-896,44123.60712336363
C-11957,90498.63305909054
C-31347,54994.16352457127
C-45278,21362.092453814512
C-19088,12378.961113908561
C-21465,50352.8428621917
C-813,72434.34303271511
C-41438,49490.69882262462
C-18499,50152.063246402635
C-13747,41428.467644890225
C-8919,73593.89948364768
C-7372,19234.196894455574
C-34739,2008.6998329385533
C-9526,3268.1537153690297
C-18527,87523.76927579615
C-37794,96003.778408503
C-18758,3682.63414239938
C-48468,33275.74011326545
C-24640,98770.94922838281
C-16166,73689.92553290733
C-31149,48059.40973281245
C-46052,92131.90341429763
C-40280,81191.65662321621
C-25193,23427.98645111709
C-972,64072.68886635591
C-20047,6650.102035847143
C-12175,105870.3596924129
C-8220,59485.122509719986
C-11249,88930.84565723296
C-9500,22968.101158071277
C-14507,36468.76515085091
C-11294,101944.96172435318
C-19251,134711.13898281188
C-34847,37630.88921078168
C-46001,56128.7110726935
C-49872,90734.44052373274
C-37620,3078.6988430686615
C-37343,7172.161969978028
C-1094,137095.9151247947
C-18046,-7794.645217817393
C-48751,17655.77844453611
C-22859,27123.383978412225
C-35158,17675.49202466763
C-22387,30352.47994804185
C-3584,2473.0308119902184
C-1470,133575.89114124008
C-7414,25779.05913620274
C-13736,34837.06212986814
C-20000,15196.370691056643
C-13131,-4932.917979953025
C-25770,108641.64462371747
C-39835,14781.708612291695
C-38785,17741.540280557816
C-13550,69534.9564192812
C-33507,20090.282334965865
C-32936,31069.261762939554
C-9825,49350.98561613557
C-16391,-2280.549008154965
C-5815,6758.741683043605
C-43067,124036.74025096346
C-17473,30674.42653051722
C-13993,98391.42755768975
C-38815,22715.819553500238
C-18960,19463.532962334568
C-38344,21003.091515304208
C-43366,60001.28402855389
C-30380,31140.257523487784
C-41062,84812.0321873887
C-40333,52530.804145765374
C-38680,83337.792608762
C-35197,99214.98851924771
C-33470,5011.295589966525
C-26514,-1479.00237281913
C-1803,32887.9890292089
C-23868,8860.579797242215
C-9559,30623.678704262395
C-36259,83008.01595941279
C-15883,2860.381213898596
C-7162,19948.970467572413
C-28809,26477.15758162252
C-34130,25718.096039378866
C-21981,38153.588495114396
C-32133,93933.33548701834
C-5692,80964.51810589395
C-42226,31702.97473940142
C-18390,105651.10060682328
C-7129,275.81550197336037
C-32368,41348.439658258954
C-22518,157568.76449795178
C-3390,80177.80723157988
C-46023,11674.16536999317
C-4537,40549.80901629703
C-48813,26939.898688956477
C-14046,25307.739231384574
C-48248,46593.94123044246
C-18060,112843.37565068966
C-44598,23765.367881905666
C-42875,18918.76479490512
C-5043,41767.28961905249
C-506,23356.678003727833
C-41850,44539.2241734844
C-11584,-6248.573494200253
C-30986,38500.4688834072
C-21047,23046.626551329482
C-28777,6889.525030797668
C-28576,29703.07514308884
C-7687,54468.7051612924
C-13340,20085.774143572286
C-34396,37987.31138436492
C-29720,40241.329692452426
C-44655,75092.76342507655
C-29972,36266.05043839452
C-27215,26038.6380541135
C-34680,55383.220504159246
C-38916,65322.50995441172
C-39024,42045.75655106086
C-2411,61214.7400421229
C-3018,50385.92734177626
C-44304,34131.946751867625
C-36561,89736.98113175578
C-36177,2145.1285975637657
C-13460,22934.6884720943
C-7786,13746.19365722809
C-17774,-3315.062936800692
C-45384,26395.174216143532
C-4357,75708.88759182664
C-15657,67100.64467961641
C-49245,24177.333315852513
C-3296,7348.90239026225
C-30244,41070.86526959397
C-36054,16506.599489175544
C-3366,42729.42024911218
C-1296,52777.95310028953
C-8698,16657.65805996635
C-37199,108089.68287271053
C-27928,105139.05055018782
C-12325,25296.868149931917
C-43193,46369.47759760926
C-10090,113257.10541266062
C-40289,8493.186040868182
C-15351,57682.757105286924
C-44295,67191.78010930453
C-8628,105023.20354146004
C-39159,37362.052786606524
C-48675,-2393.0821848744818
C-5759,8438.317610195452
C-37267,59160.8890659925
C-18331,1269.3336161470725
C-23344,55316.50841012973
C-22942,12036.922749350822
C-27780,32567.504957512356
C-23068,8045.215767182453
C-44841,-3019.4029041500908
C-49256,-1274.3069563873432
C-8485,34134.2233257814
C-40175,43335.888323792096
C-16424,11543.770876220384
C-4403,15516.20559380477
C-49490,23547.567751521903
C-7678,17718.623634639316
C-35639,107615.76734354204
C-36690,63509.51364980917
C-20226,30599.112303109807
C-21045,-16936.080222854755
C-23817,31693.001644493976
C-21531,55382.01240398381
C-37979,2454.085461220995
C-37116,30096.048315048625
C-45404,5295.581888599612
C-23418,185332.9700026575
C-6684,63490.957211057335
C-30154,10829.691789554883
C-32140,7450.451555858592
C-21319,71928.92008138724
C-12886,-8186.140716610986
C-45367,111439.99814298988
C-519,27619.261443822135
C-36129,62302.396045334965
C-24566,55123.618766669024
C-30533,68585.81121173086
C-39151,38754.895873958114
C-709,7934.504462829151
C-25664,44710.78401525454
C-9024,49349.3930476402
C-29038,36070.599242841774
C-714,76661.58472231537
C-46900,45369.25212029401
C-42950,52169.75972526257
C-7123,16479.676829611322
C-26366,43604.20657601813
C-20159,53517.37009800971
C-38674,122916.40371700971
C-14713,16593.12410997397
C-253,92640.68387989215
C-2152,21098.095537881534
C-18510,21811.161770867326
C-25523,32225.558498586186
C-19239,17710.093977564535
C-47427,15818.713470732022
C-31568,47392.25773412715
C-34286,1170.173567677528
C-30550,39708.5734558657
C-33103,10124.149531675983
C-118,107523.47111677434
C-660,17918.732309297615
C-42536,44336.43144667061
C-34222,53089.41701911728
C-1589,2636.2662860345663
C-32708,42989.243666922775
C-48595,89185.7571383599
C-5852,66919.79837270241
C-34609,151530.1715681721
C-1289,76367.91579705656
C-30853,57510.03114787972
C-28356,5825.172787783456
C-23106,43175.61223269426
C-9351,14532.506361464046
C-2890,78965.28263962027
C-6824,102558.51062230172
C-44985,20214.960345395746
C-10922,17454.965733011904
C-49146,67797.82113831583
C-29006,-2017.823092391227
C-35513,11955.805309706418
C-16212,31133.690444341086
C-7661,9372.914929928309
C-38339,34522.64379752344
C-43627,7209.211912044375
C-23470,67738.37190351824
C-39878,18612.210437411864
C-5336,38143.07621714765
C-27135,63363.9017878224
C-429,26617.859697062573
C-1686,85969.16831448693
C-35621,3911.045244099041
C-618,40730.57478983002
C-8692,50394.84985424508
C-17917,18374.989711207134
C-20739,97462.73125843184
C-249,36426.01641347179
C-20263,-9993.75612563407
C-22667,10741.088595146917
C-35425,10046.297188756558
C-39394,32393.215467508515
C-10747,42480.78306310077
C-20051,92514.00002781927
C-15792,49253.25719013963
C-43597,42365.90338799119
C-29443,46402.33263648579
C-18714,14085.808541947343
C-6378,19928.284734246616
C-23139,49890.11013735512
C-33311,90044.856588233
C-6935,-7879.6423612314975
C-8717,76229.58151202954
C-18754,45414.320316584526
C-27051,72718.53562638306
C-17529,33104.94672569421
C-34991,42393.43172573363
C-1796,30610.533764261163
C-38150,44308.10001335753
C-5748,12775.59954437294
C-18703,48698.24936073442
C-8405,90063.27929112512
C-42526,11895.89918077294
C-3757,28671.896860690507
C-13598,4421.767643826352
C-7210,92279.78910918516
C-4352,63212.96215199912
C-11641,93879.41102605952
C-1483,54002.88774400401
C-19972,24684.34543864395
C-27195,41125.918687645804
C-34337,51492.95075141321
C-4281,57009.61329924928
C-21247,72467.5625545891
C-2400,59171.90349271208
C-2795,40635.742748898556
C-22054,29701.594499941453
C-39148,49609.03192054921
C-16186,17463.863699489113
C-18923,73623.14052063035
C-18909,14473.770113903607
C-15513,29850.948272575275
C-23072,60318.4533600228
C-31596,137823.27396217705
C-66,10164.849512381516
C-17923,24107.401465871593
C-38952,104904.12468927674
C-10826,57803.653831679825
C-16283,59567.094625831276
C-32560,32434.551759351372
C-46300,32459.04681468414
C-19868,3129.078391078234
C-18410,25365.106498508703
C-14278,40113.50697057819
C-12449,24414.029270871557
C-44983,24426.96941930163
C-34080,113654.74157381017
C-29030,79238.28180718266
C-33120,46238.78348419046
C-11766,50646.462341100414
C-4747,47068.4673610622
C-38838,159431.56200955564
C-35930,7570.827056212118
C-20756,17723.985173853827
C-44998,125797.36447769737
C-13007,68196.2822556036
C-9188,52867.568455238405
C-42361,11993.591474086985
C-46852,38325.657385292914
C-43601,59649.567107983225
C-7067,71699.3336884084
C-21673,87143.63179275942
C-26455,33835.49905270159
C-30129,72261.5768948828
C-21640,82385.5041261442
C-13328,19011.221027218904
C-15552,26543.903691042753
C-16422,22020.991786176008
C-44267,26060.003344367084
C-14404,31183.774887680327
C-30753,27582.874178982696
C-18001,97882.71999092228
C-14409,48730.83263017485
C-14241,25182.378338936927
C-21987,8438.502517508852
C-24012,20545.074389450354
C-21671,48183.88766900417
C-10180,23861.1136709721
C-33341,44653.62567608049
C-8967,21632.922954641494
C-3684,72634.71071936202
C-37323,66577.63578008581
C-36866,60770.04132431556
C-23041,134004.00350740255
C-32977,93860.00058845637
C-3434,59375.50923895104
C-4760,1563.5686211452412
C-30069,15048.674246398761
C-6424,116307.19720251547
C-44062,8067.451650616851
C-33020,71888.03513046156
C-35472,17674.2984895288
C-6674,21363.746891914547
C-33667,26702.211591810104
C-1632,43904.716495545865
C-10977,13840.102819849766
C-21193,10041.519541916663
C-24498,12462.79164932482
C-12836,1400.8726686031732
C-921,21875.53139404898
C-46321,42690.034097986914
C-6400,33307.359009732114
C-31393,27660.648936132806
C-23892,120405.80310269483
C-10250,88456.69661714665
C-3926,58545.62599033869
C-28851,30297.555598010127
C-603,16010.644906167807
C-20619,48370.22895308939
C-47923,110583.82295705727
C-22623,50281.631505103534
C-48922,13431.18716945251
C-16927,3677.1985190616106
C-3763,82924.66302613489
C-29791,137542.16843322542
C-2769,112904.0100362968
C-1905,64782.99360900928
C-47766,55410.6915178359
C-1407,28686.15461910957
C-49440,93651.38404976946
C-13215,21623.296752119386
C-11028,15785.453253512009
C-44456,76138.00372401948
C-30773,107900.53556305454
C-14829,153905.24140842125
C-7730,55771.52064918932
C-6454,38761.88784108828
C-47906,59494.27905671684
C-28998,67669.06360993304
C-7978,63893.94880767446
C-13059,44737.22679242455
C-42961,24228.713824986728
C-2265,34680.176763516465
C-7047,96942.53348674966
C-27533,79757.52896900766
C-19604,39811.95392694398
C-5697,145342.80593035303
C-23058,31014.4657429429
C-18652,25002.491971377116
C-8161,79616.4039808629
C-33224,28015.638642178095
C-35135,82872.11648749694
C-1087,47987.40466324775
C-28322,-11642.631003534298
C-26102,80452.47802272643
C-20015,18714.046435732354
C-39613,42595.47604395279
C-15084,16608.039398207693
C-2806,9015.730851656896
C-33282,6338.656352041435
C-7166,6536.539797153193
C-43078,69929.16929429473
C-26271,78829.08144466777
C-16412,26906.807430949684
C-36500,33858.53960598465
C-37474,27314.233117425
C-40364,11330.768099233392
C-18351,43623.81986641377
C-21610,32665.11094575571
C-30581,66880.76287187723
C-27749,81232.1976075513
C-30618,48895.53599946564
C-48400,37033.49052497503
C-15401,40629.779945606024
C-19778,88480.09132815842
C-45462,75478.82171419961
C-45377,77056.96106893322
C-32421,24730.444267579554
C-15471,71343.53789755821
C-42046,57419.6624534398
C-35642,7266.674364693514
C-43526,3629.442954070364
C-37624,35044.415981207974
C-47309,34176.02662934468
C-21914,37788.28907548814
C-29875,7956.072957956014
C-33959,21174.570511199265
C-38057,24386.39864769235
C-34529,58631.84663523962
C-8623,85461.80142625884
C-39805,22566.72145701162
C-19313,31595.27644275631
C-17954,25239.715349154434
C-27975,57192.36404999645
C-3092,71058.15896893645
C-19932,80738.99768525742
C-8008,41458.63591960174
C-54,25551.733286007046
C-4396,61463.00765346478
C-48708,50258.43840629293
C-49770,28598.07478905224
C-15395,126760.47646406772
C-20330,19031.616632274774
C-10685,15805.010909705874
C-28824,86786.58257589999
C-21137,66762.16918562495
C-49175,48043.530429855935
C-39580,-19547.002321076186
C-32288,31373.045678903567
C-41262,12996.608581525368
C-32197,21975.757723932173
C-27472,18593.583349947545
C-49430,31086.94789389456
C-3886,32184.601334767314
C-30290,52940.5643244594
C-11592,47846.839471951556
C-1513,56701.6807630058
C-46632,112476.2253368342
C-18722,10788.460430089952
C-44950,123083.67784297101
C-25477,-5023.638128223261
C-4421,54104.69880643074
C-13793,25565.687744111157
C-12857,21842.047025894106
C-41478,70153.33971648185
C-37535,107793.85921436756
C-46908,125506.53771518875
C-46014,2968.7334176807126
C-40415,135532.63256258715
C-48112,-8114.304613395761
C-33200,66704.06839346499
C-31354,66575.12411237856
C-47962,19918.218232675565
C-22499,44750.01004258439
C-30334,71790.3365053216
C-5987,20444.16719683171
C-9330,65857.38420847939
C-21839,5174.282065305539
C-230,8226.651920239368
C-48681,30956.96008671695
C-12672,70951.54353743725
C-8684,115370.29861986409
C-7948,5092.689997955655
C-1932,16841.773911447246
C-4942,28167.0374453075
C-40554,95101.27748901267
C-5461,32155.65706921285
C-37508,29553.385025453954
C-29569,39095.10925797814
C-3611,7249.2614995205
C-28679,66712.69608273683
C-15975,94945.69210980913
C-6442,52188.20396141624
C-10241,51032.52126963131
C-6061,49683.179652346655
C-25072,57525.52100242883
C-6107,100252.85057261636
C-34514,46671.975290576185
C-4120,90734.4552880893
C-201,16616.733389818433
C-1984,71005.54308093604
C-49932,13194.243479965124
C-38617,-1019.1108304228037
C-33533,5757.7879981973965
C-30880,43488.81994301146
C-27516,28698.010099335697
C-32892,15171.920502815265
C-34364,63785.7703008203
C-26699,30173.93026423733
C-28894,64762.27044913801
C-35191,40686.130642102624
C-42318,62358.00947835657
C-13219,24361.067749039008
C-8376,28212.434971871902
C-45961,65090.207615206295
C-36665,10505.316389959356
C-31528,-2703.9225763344
C-26609,21770.846246548077
C-14170,28872.92381436204
C-48401,40356.572469373175
C-49058,38049.892193171705
C-7695,65092.51042793286
C-44154,67634.59845601466
C-32638,75647.32245997233
C-28002,64208.54472456282
C-42149,51356.36813076958
C-39819,18399.0800913457
C-22198,38716.75610592139
C-35854,58750.63057380021
C-25578,34223.035652309816
C-43341,16673.70973619328
C-42112,109528.09964453062
C-31140,84883.31316784369
C-33893,12649.712383150043
C-7603,81733.16210293103
C-23414,63993.95657412974
C-12634,50359.610266892436
C-27668,37780.454549889575
C-41821,76718.31142912217
C-822,6825.597077280705
C-9942,70144.92268225242
C-22750,5623.40202134064
C-13254,76539.05085306717
C-31260,32525.976571359235
C-32301,21650.060766026865
C-35100,155273.7291398059
C-17358,101338.64230692893
C-41642,8978.588095484636
C-30579,14405.371810019868
C-45474,69187.20200754597
C-4554,-8189.168490683878
C-5396,76728.85358499447
C-28671,9415.856016475751
C-20850,1070.8913845482239
C-11449,72907.67690068934
C-34356,55958.652795699454
C-6954,71813.43448892099
C-35600,60404.161647466586
C-21239,76271.10788372248
C-42646,42469.629640274994
C-39351,11724.063689040311
C-11228,12783.443284017718
C-3185,11593.017256356761
C-20256,14868.50987993316
C-38891,44815.74285454214
C-44172,59391.890151377236
C-20246,25247.099491081874
C-37953,71302.92502155894
C-33501,31221.007935884114
C-46294,21373.370012271098
C-9202,58832.79862668216
C-15621,10542.218305394083
C-38960,57360.202743394184
C-33462,32799.92886088399
C-34044,55697.99914747628
C-41214,85664.62193438683
C-17087,128775.8658393808
C-13470,103724.34072081745
C-14333,33758.59130104794
C-20595,82518.20495523643
C-17211,10828.204491493518
C-25434,31914.98769343907
C-32803,53860.478005960824
C-14062,2480.0135572921936
C-30937,103898.92995669562
C-11995,131772.10408142372
C-2957,93355.638459853
C-22041,18206.256666554218
C-8321,116001.8401185398
C-2764,16287.72978221838
C-20631,30350.75232830766
C-5746,10199.268327004713
C-28445,17764.058503060303
C-34636,35383.778572253184
C-17430,46864.1762497893
C-32022,79703.29925431754
C-27279,25237.001028301445
C-31813,-5843.3108198333575
C-22114,60936.99550292512
C-23294,25700.34271990095
C-8205,53423.99852396226
C-8322,14693.244311674054
C-13047,63062.44477122996
C-10769,135748.17127550684
C-13989,64698.90329564969
C-2664,39736.022788708986
C-17399,89626.41085948145
C-14876,20712.2543906107
C-42772,21732.653119829956
C-37248,125132.28383850625
C-6246,107829.61156527698
C-11103,27895.4447469273
C-8950,43007.37482423673
C-38421,39323.381196252725
C-19363,58226.14947557624
C-30157,18220.24770326545
C-14294,5651.396906345624
C-33251,-1142.622620137001
C-43221,17952.67074054059
C-3496,4942.503008930726
C-45197,45911.8208191697
C-38356,27219.62056610232
C-43817,96750.27177299949
C-497,76586.28032560804
C-43902,18499.596028153515
C-49625,52763.960953325244
C-36006,10164.310655030029
C-10519,-4097.6865089883795
C-40378,34652.50170544839
C-34535,-9010.003346583748
C-5774,4598.941053580544
C-31345,36720.24043539183
C-24267,17429.824587196745
C-41866,74165.91477438275
C-11862,55108.783917615794
C-39274,59175.04658444092
C-2472,42096.53494744738
C-35868,50654.04281983357
C-47968,32283.364762401397
C-48623,88639.54358071281
C-2403,32795.42268424505
C-67,10748.402725705055
C-40302,24087.851831249223
C-36206,28359.92292575018
C-17791,19393.18439707313
C-6482,41046.77687006085
C-13495,66267.07931994909
C-12852,69632.59287286451
C-25580,76664.59000202685
C-46259,128630.9421273915
C-37428,16429.39419419823
C-19170,14562.129044971858
C-49120,83451.84670068583
C-37643,49283.3000129286
C-38564,68004.20889806858
C-19747,59536.98760705465
C-32987,34176.052746468165
C-37388,43824.83944067248
C-40765,134247.82303057605
C-6898,73379.43361020669
C-12105,25011.472504556277
C-45078,43317.19320050899
C-26939,22945.664701722715
C-47203,27914.685693003503
C-45177,13627.995429307615
C-5623,1.5427910824655555
C-40239,111782.63832762485
C-30314,60028.32877759177
C-19912,-2751.55706515559
C-45130,73855.80083214951
C-23977,76770.80840889037
C-37,19901.89612402678
C-13725,14578.312802672495
C-27488,50128.041183980735
C-20956,88775.56623071467
C-38010,77862.20623822947
C-37120,38350.77165745817
C-47117,95359.37946171314
C-22177,42859.85233142464
C-22853,-2710.0944223119004
C-22968,23832.629252147683
C-23258,35863.30589245512
C-3028,61894.91973328207
C-11588,29121.82280403478
C-48436,-1002.8420178716187
C-22283,38724.78769690191
C-25714,96078.54668164572
C-28741,64727.41255375622
C-32896,89668.09932894126
C-47397,132934.55792544025
C-30586,24168.780177609096
C-49234,45246.42814850132
C-22489,34175.382348063154
C-16861,88372.94741069575
C-6956,-1908.285852547313
C-27007,167357.6639520785
C-30341,36242.8491185221
C-33234,7590.848384520563
C-32615,48765.31148172618
C-17939,49244.066531565484
C-18581,89543.76027808432
C-10876,57990.399409295016
C-47852,23838.302697273222
C-43411,23527.065758393812
C-36309,98966.59047966397
C-40772,37457.47717102734
C-40129,42569.84261822629
C-36885,20812.18407050718
C-35032,89160.22733612734
C-23622,37718.75434878654
C-9704,63437.562280743965
C-9730,1.7326264725634246
C-116,84555.52045893532
C-12952,47513.93258285883
C-36387,71740.80647790457
C-42296,69467.82445879468
C-43175,50389.29412408381
C-9211,37486.455052685764
C-34274,125642.07562587006
C-44080,52121.025823273536
C-21771,74395.04562342507
C-23873,-4573.948891328066
C-33249,15686.886456543503
C-40073,11821.435079455761
C-11439,19436.88156756489
C-36348,24392.127725865048
C-18657,38755.087202961935
C-25747,63341.18518022656
C-7340,21045.670664158537
C-38833,33651.1534063005
C-36950,21621.248758892827
C-20381,53667.78209844114
C-8238,36890.45690611929
C-43071,82864.29667960643
C-35766,141053.22142087462
C-12893,69611.44112799365
C-17976,21930.107584469366
C-15696,43821.86808930823
C-45510,57982.29291080384
C-43242,29519.71740353326
C-28001,105892.68567148097
C-1504,45709.01139992516
C-32710,7289.268620211973
C-49598,84298.24246837164
C-21089,114569.95147907165
C-44973,11853.151887181964
C-38324,38481.2474333869
C-46054,48580.826252476705
C-44179,61186.06768417102
C-28877,35230.22711194266
C-31202,23877.86383159073
C-45501,16152.953141793689
C-21197,38958.62019629273
C-10412,152908.00142381794
C-16816,8054.8791099532755
C-32800,33488.19337524163
C-14938,35008.55407919586
C-43236,52093.28398036975
C-5790,84710.63268678765
C-12860,43018.4813160521
C-24884,29579.513041021557
C-22645,22177.548774853152
C-442,15101.615024952298
C-34657,91729.86840817754
C-32523,29791.05985576493
C-1405,11443.931753930927
C-47186,168750.09705625294
C-40774,38770.42379256516
C-6381,44345.389357872955
C-21242,21326.62622248576
C-42784,93090.67669964768
C-13812,114838.08218215803
C-16169,-444.1137724085638
C-39125,142645.266206183
C-36888,15931.243327469005
C-48858,67494.19237590933
C-7905,70065.08415944484
C-33903,43932.63916744747
C-48944,24952.274460159806
C-12833,18530.966506535762
C-4759,47184.0902820247
C-8605,15255.063411020194
C-14556,62232.6750179547
C-32110,10282.19894118388
C-16920,3536.9135115556855
C-36564,-6921.733033998113
C-33448,68773.51645919919
C-41153,43026.94803596399
C-47226,57698.52440425012
C-22043,28070.025885566123
C-16823,56012.72268701345
C-20497,-4457.397300225137
C-9538,36111.485464461875
C-3601,90956.0925976162
C-4841,81953.58674731824
C-42896,16531.898578752454
C-34890,98583.58538553986
C-5007,-477.36275121895596
C-1194,59434.27265585964
C-27844,1865.2039349828992
C-37106,39527.85497156895
C-21347,105709.95202741641
C-13349,27093.689498058324
C-44596,51005.518549985354
C-20676,78024.99241059663
C-15665,97048.03748193584
C-18018,117829.9181691532
C-45557,191217.35555757338
C-42657,122985.00081606262
C-38693,175518.74356062248
C-41803,67122.482327407
C-7485,84187.92167277438
C-23562,61830.27655060542
C-29477,25095.780217594645
C-38854,1202.59589579764
C-35714,-3294.056793718206
C-11847,35214.46175499176
C-32424,-3689.878403751827
C-13198,111798.33693985603
C-27306,4491.636947271261
C-286,16853.609875154347
C-45504,210489.61139105906
C-18252,92166.0430179014
C-40917,5311.381088311493
C-20069,31177.894098223114
C-18075,1165.5266395908766
C-7934,7492.563738838471
C-12688,40887.93651834546
C-44351,47756.21554639602
C-7849,7032.812696814195
C-34480,8563.298723083339
C-32555,87815.82172216341
C-25555,77137.82064270964
C-20988,72494.65594446678
C-48735,22702.267104254854
C-26916,163469.5455686517
C-7164,116201.1131686628
C-19744,66529.57094629107
C-23180,48305.60174940803
C-3440,65143.5459522029
C-35576,10299.136552910575
C-2328,4003.6688456645934
C-3848,24851.04472552512
C-39166,8805.3420781877
C-5451,13681.840779033955
C-8402,45991.85800208229
C-32334,88707.78968048916
C-39232,25301.099030421952
C-39755,16022.327594777795
C-14673,78797.97322101587
C-26421,24154.69151028718
C-21131,41585.5522370029
C-21088,13533.786379275596
C-24018,33019.31241926771
C-32746,20752.248077927747
C-4236,12558.880826340515
C-30807,43011.40700559864
C-47146,101058.56941023204
C-6565,61188.29291021422
C-28,40463.91100881167
C-46149,36743.372784822815
C-6892,47935.74743314219
C-46339,74996.81352657318
C-23701,38833.57306018073
C-24314,75488.96173988825
C-3294,22278.466824842293
C-44679,32814.888779426896
C-41295,65694.09622074256
C-11616,37603.40176104646
C-41938,41843.16280599188
C-953,25699.3769057253
C-46272,43732.48560750639
C-38860,46068.38650078069
C-24651,52030.17030642224
C-32,67802.58776946891
C-36052,23688.465768590486
C-29407,55703.84587805702
C-14134,105034.96628370674
C-48523,80067.81248060521
C-41328,29563.72253285117
C-29382,60875.909204283606
C-15284,19447.72953652527
C-38938,53839.701757290015
C-30654,26333.24569069822
C-22348,30617.987451327106
C-17309,15626.03070654651
C-4864,39867.28433567709
C-49344,8263.46964168299
C-22556,66671.59313697023
C-39661,94047.28735810317
C-2369,24852.153033341903
C-39996,73925.81454478725
C-48037,58683.23690550563
C-28207,107245.08915894451
C-40433,48172.84235989618
C-38192,93902.15244114505
C-32139,16531.274560307393
C-3291,45626.35281600194
C-33985,17420.700987587807
C-34331,100741.52717882243
C-8507,27551.094350943957
C-26412,81207.94297738626
C-19971,83884.88439156766
C-25998,22443.64334011966
C-29423,22264.62450707152
C-9516,140528.75221700297
C-5675,26420.620464889933
C-6738,82674.88029666763
C-30631,134228.5288211705
C-20490,733.6157098711774
C-1842,99621.32854826498
C-49084,75979.77995940912
C-2935,153280.09842369205
C-41100,56752.50497611579
C-4885,10477.742274052027
C-13416,33029.523115500146
C-41647,76758.58719370452
C-7303,66812.62889691068
C-46664,105193.6172184089
C-49225,32828.54054398039
C-48510,43997.96832959065
C-48491,7238.115979178183
C-12307,62331.06255018971
C-47873,47142.240167157564
C-22377,68576.94633741508
C-34314,30655.353839439078
C-40485,-531.3734760683583
C-46310,70025.2027594243
C-36136,43523.909378244825
C-48426,20093.264630578407
C-21136,34849.138911577735
C-1179,664.3291852038165
C-37457,55652.237044326874
C-14580,36640.4243607589
C-22770,23867.403614117964
C-41705,25876.195289154075
C-20881,46257.32378373308
C-20341,6301.822577806437
C-30222,17875.019458026058
C-12213,21091.0158533414
C-45368,48292.04757336758
C-28326,68116.14221453562
C-35931,54447.62218210117
C-31925,22004.93512732958
C-46042,40668.31275443187
C-22887,122321.88577416397
C-1585,161089.79138099996
C-13099,50519.39240550074
C-39421,28481.980556632192
C-900,48634.59531714171
C-27756,41823.61799421021
C-30997,43318.05251005973
C-49850,36622.938942733635
C-6697,45607.63905854932
C-46921,33840.52290051574
C-37871,77388.72268907206
C-21106,36182.8754714344
C-11506,58434.93645020318
C-19,-4543.527235500151
C-45954,99608.86274743284
C-43618,25771.722045979353
C-44158,38581.194841357545
C-8426,32821.069411516364
C-22696,41604.84790231504
C-27038,1060.7212278004154
C-49611,13590.34662977168
C-48200,105351.76256366273
C-21447,68774.77983945564
C-38408,48889.814899325116
C-17440,22016.36061549373
C-30669,180175.89941771375
C-44610,13713.817225868217
C-1338,22846.59549408299
C-36281,58819.69104746754
C-47329,33469.29508857265
C-45128,13442.97654483877
C-45654,27239.24019343118
C-43536,8873.842875259164
C-47236,9119.290053543162
C-46330,85924.90833943506
C-9277,29441.387007459325
C-9579,851.4830391290598
C-42267,47100.52512862164
C-36306,14919.417947260743
C-7772,48832.319629044214
C-37394,42934.492755560525
C-34417,123982.53202639127
C-6964,94263.14993962356
C-43035,11113.328675921242
C-17039,34424.465616842106
C-23594,10847.803431258188
C-30867,10669.967584910453
C-17556,34727.367014207135
C-18743,95462.16522293826
C-41641,49291.72673669108
C-14833,40577.21467459698
C-19952,-6166.3465326156
C-14045,62299.509476299776
C-39581,104361.45316730536
C-2720,34381.14451640194
C-45771,73579.7619661875
C-16333,51998.551388819425
C-28345,12450.99442121145
C-37834,76305.1520974711
C-12281,64519.46759732049
C-9790,116727.09692856303
C-10485,19972.19221633987
C-13905,17509.980257439478
C-25595,40927.864294556246
C-3260,15862.13860648149
C-22907,43708.5417707943
C-47343,82228.57971227259
C-18486,15183.953901520628
C-26969,20995.366797080747
C-27024,84072.95808791401
C-9655,30353.191759236604
C-48797,58907.04709705778
C-40845,27957.469865231153
C-43446,-5354.562680639843
C-32105,31611.588197541947
C-38998,66205.05232451382
C-11722,96089.68184806415
C-48028,28415.75779541981
C-34443,54065.639809935186
C-36356,52847.512143341446
C-21121,22575.98542051865
C-39626,31848.795388838174
C-46419,123979.69713884298
C-3187,79802.92202813576
C-21223,39545.981469712395
C-27734,96026.06808937382
C-8048,61247.37923500984
C-1084,23402.649352183493
C-26493,52229.03893775971
C-2167,72873.0044925129
C-5114,44054.233727162355
C-30512,106024.11811508457
C-33198,22468.94697470221
C-3190,7311.45066575236
C-38769,66570.48492047691
C-30269,24299.620006659745
C-36216,77578.24524217454
C-32727,168267.28585370432
C-46844,25537.929758617876
C-7289,79407.28920975026
C-33549,36559.95347603067
C-49501,37652.04425981467
C-48514,29328.502324311456
C-33084,5091.29631526013
C-25007,40172.029796648894
C-14122,104079.8200208118
C-2262,90846.95772039563
C-32508,18633.785981697984
C-22032,60532.70937865364
C-46414,2997.195789195015
C-11545,103860.10002939856
C-13741,77964.32601418672
C-38391,66721.56045562882
C-36173,55354.44177041934
C-26924,90832.20150844374
C-20196,23509.180315398145
C-17219,16523.857152264794
C-23899,102592.61026810572
C-42400,22623.996542566503
C-44054,33851.520884479134
C-20807,18577.553483507465
C-22857,28994.475170686623
C-2336,55656.38422233037
C-25647,41747.95604626692
C-19300,49591.933741479676
C-16122,49442.13199335861
C-3773,122616.16528748845
C-26307,167526.5746174263
C-42181,47748.94093303676
C-20816,80743.97060292424
C-2393,126845.40988118101
C-45165,92889.23795455656
C-16825,80999.49293588588
C-4348,53050.51308948742
C-27887,31395.242921718207
C-35282,16790.862834322368
C-37266,7973.861535748882
C-34678,169178.5314968701
C-9676,33932.13890378523
C-29330,43486.55998805589
C-46683,38260.88227795136
C-8529,56645.567546148355
C-40522,54134.861529216134
C-26302,46949.67248711876
C-45053,72850.57707850538
C-26495,118466.71874312284
C-40596,31069.812041306046
C-44374,56311.14063571223
C-31895,22978.094458993743
C-9974,115928.70066108559
C-42624,919.8530881493789
C-45115,52575.03700035636
C-27903,9645.902950928386
C-20318,17956.474275635628
C-8098,9495.584225662846
C-44725,66857.64391708173
C-19355,22701.760129778944
C-33010,8076.317507559608
C-25732,27954.28129563696
C-25002,72212.59998856753
C-7645,25651.805671568873
C-21072,8360.896136924152
C-30843,17770.249630743838
C-41491,29572.13590833368
C-11259,33430.88529189184
C-47881,-13310.445397816526
C-8057,52787.491159005054
C-32905,105645.72882367998
C-49229,29397.186484833892
C-29426,23447.584127974613
C-28302,44073.009095364236
C-8144,-5312.904309966005
C-27025,25562.54503609951
C-8609,104219.5421692582
C-30158,6760.579234596662
C-11353,14672.966703638158
C-21029,48825.43573599416
C-6384,86426.57677337527
C-29346,99139.74627337622
C-37826,42915.69958552872
C-16717,12295.985263894516
C-31002,56841.44114984861
C-34913,54563.217042322
C-8857,37916.54352564634
C-34175,-8997.113219841209
C-25875,26839.710070891364
C-19618,25570.30455923477
C-15768,37234.43173090822
C-48620,35077.82431283158
C-35359,28084.29118657336
C-3623,53775.56916669391
C-25127,92112.41600218537
C-14908,30368.752107130098
C-5466,2071.3438929564218
C-32559,45280.34330790391
C-43211,100014.11566931271
C-29242,29903.161234864874
C-25620,23182.74666378472
C-17549,46096.293053324036
C-25315,78207.35368308295
C-4750,72159.13593745533
C-35294,58037.97577403887
C-28451,86252.33955494093
C-25589,94989.71009661374
C-34795,43967.3743716
C-21848,112313.6757661331
C-23844,94757.45506171627
C-4595,47899.11912557263
C-31809,62190.02398638107
C-40878,27497.346014311304
C-4568,32713.154941125453
C-25274,41005.97187611644
C-19401,12661.575566170432
C-15407,58771.9917294317
C-29800,25816.447629854545
C-35121,38159.515087999935
C-20209,12871.223240213025
C-44182,79915.22555420575
C-40405,48992.78314595631
C-18593,80604.10898767423
C-12792,122080.10030010679
C-44317,617.4343005694463
C-16569,35471.63390761995
C-18978,67218.74559710294
C-41985,47902.70601146987
C-17518,22490.137991282667
C-47035,43338.93706886833
C-14867,98244.273673869
C-47097,65745.50358428262
C-19632,75921.18348736523
C-29245,54880.89364032828
C-22677,154542.62456808556
C-27043,37557.86134325348
C-30201,41637.2313636217
C-5807,13652.058145663752
C-151,25305.17044102193
C-5454,131074.36534945687
C-16978,48074.15438147247
C-28571,60797.382673513464
C-8396,20894.02877952
C-5700,19084.153533375946
C-41508,40453.888120347176
C-36692,3284.1960622167753
C-44434,9204.70045167688
C-8242,34564.876172652155
C-48593,-7028.573138352702
C-24043,33021.63683949952
C-3280,3537.6251542114696
C-20317,166981.31194354515
C-16425,14051.126146074268
C-13332,10753.853869146667
C-14425,14157.946059918948
C-23795,82968.01487483387
C-43962,30576.829324956998
C-16379,59305.55655065742
C-1078,43149.87185062043
C-47765,120306.12196180828
C-18832,18585.03617728205
C-34050,31693.72044285676
C-6084,75661.24035319686
C-40291,68644.07621381468
C-23373,80731.09705623158
C-4495,37428.393596995
C-19567,4318.984465578673
C-16483,35858.08468680253
C-33451,-9161.902661348082
C-15134,65868.62053238958
C-29919,26369.81674488145
C-48335,128998.7778947321
C-32374,97408.75339691488
C-15856,128249.2252263173
C-17632,19795.163622757776
C-15223,33162.379065497895
C-40221,54922.198483153545
C-4306,25794.831851535502
C-33891,18732.577938328082
C-9472,115349.35164944983
C-39242,69835.30814507673
C-36308,24102.293618103795
C-4699,13180.959716568912
C-4825,-9766.426296931822
C-46645,88719.89508490011
C-25438,28424.89976278828
C-36744,60322.10364632334
C-20948,34823.395652416846
C-31449,3110.1776164807743
C-23205,64206.79940000725
C-6570,9195.485250299418
C-33441,28073.90221774234
C-46225,68964.73795118928
C-33745,41925.5543028136
C-31008,30848.935115820503
C-44190,50181.30933465327
C-10898,162749.04156448226
C-11913,71268.65422504922
C-22496,52969.390171748884
C-15006,17750.07858964617
C-47846,28888.55323841368
C-7079,34748.97504907638
C-35238,113800.52746631557
C-8145,21331.41226028614
C-20479,-3605.069775088079
C-5218,52529.810071202446
C-4950,64279.65783621611
C-25672,25268.77441045415
C-784,132215.9650130926
C-3971,142309.89236899652
C-48363,40197.96580736017
C-25870,56515.51957104298
C-37647,48922.54820321636
C-43138,117778.842216726
C-38302,5358.4081796126775
C-30137,31030.52507556838
C-23813,29008.31642765242
C-28204,69190.46961793023
C-25809,101496.12272498597
C-43529,62913.364988014044
C-29199,17031.39429929824
C-5358,90795.13129382345
C-28107,95615.98453242493
C-10312,46303.77572086111
C-7757,21735.416276662487
C-12070,11502.43594631525
C-18929,82034.72888395234
C-36340,44303.45448648053
C-22961,134634.86577534283
C-8955,11168.329676168323
C-14148,48188.6406463476
C-10629,68858.22847841264
C-46722,-6705.142204241289
C-9170,17138.01361891797
C-6620,49044.228709542615
C-485,-10115.629543114614
C-11861,8235.924834537887
C-21158,103734.73026082957
C-22956,753.109236876262
C-10235,83892.15803638977
C-43719,15295.286615253484
C-1455,4497.047391337954
C-43082,28808.07035224877
C-6510,23352.85532315621
C-19166,72301.7415511384
C-3145,107339.47385012908
C-17959,57682.126994385944
C-39493,37053.54380047144
C-48691,68854.10923422407
C-1703,53717.11883122607
C-11310,25800.162870181077
C-37940,20737.589299270156
C-36416,64232.29918722852
C-19477,66918.24576757838
C-21607,102041.01699510824
C-42319,7541.678925122353
C-26673,11809.0797182487
C-8887,28599.94229108134
C-1930,115307.55455209014
C-23177,41533.598122121475
C-16912,17169.7292501615
C-43251,15853.891669868182
C-37815,43505.41313787217
C-44111,9228.710355046387
C-40967,73927.31412310965
C-46325,138344.84164574757
C-49944,18643.657436929934
C-36585,39357.74932899829
C-6406,38296.37846887567
C-4309,26450.34405779426
C-12931,61477.70894025046
C-14458,108263.18524648243
C-33834,-102.93728629012912
C-16913,18652.442071514997
C-5985,78059.62727389821
C-47316,112228.71410383422
C-26236,20364.112624629834
C-48215,29689.36472215064
C-30337,19241.779473092738
C-1141,27969.729381333098
C-17673,17313.054928351055
C-17601,52269.69146483043
C-24832,34224.38412430515
C-44784,51453.807443268495
C-47594,45672.67769624276
C-5769,34650.36483211334
C-6069,24963.688955888276
C-38974,40757.98647994871
C-40058,24823.758185782706
C-36490,13267.095833722706
C-12557,5787.792137467455
C-23908,61142.38211969692
C-45767,83724.77639065334
C-25937,24099.28535401392
C-26720,-13395.752473813001
C-47545,94476.34776064243
C-41715,7136.043426913908
C-42658,22158.889524435966
C-11852,96883.82960927294
C-5231,25861.958918346947
C-25297,30994.82813328202
C-26089,6817.770072515064
C-36005,34455.869174219
C-3343,24986.35353589566
C-1981,37437.74344230094
C-7963,39353.634862744635
C-22595,95453.81104014846
C-107,71680.04618650282
C-41789,61267.22702219099
C-33873,28325.853591621653
C-43473,86821.09100119577
C-11277,-2553.7126226073233
C-20534,21355.196992472815
C-19963,93483.99545361355
C-30714,27116.013669737473
C-19980,13670.96835240585
C-36954,83163.99301960284
C-28280,36678.85146358805
C-26791,21161.060039215386
C-47907,21068.969388089856
C-26943,18182.076951902054
C-18630,83068.9111781723
C-14952,27487.92710171331
C-45644,21766.20765127916
C-18511,35918.373485943695
C-12427,35180.647531023926
C-30835,51495.1476964938
C-6260,19428.173695560836
C-26210,62976.57381794065
C-5149,18567.133023796618
C-39715,17719.896747621475
C-41879,16394.0568434194
C-16988,109789.7071463466
C-9793,99635.74126577887
C-29855,30781.472980810988
C-4127,13400.82909197615
C-12914,21660.23898068387
C-29836,10174.802597875881
C-9982,18523.81310151796
C-38048,16820.607275534185
C-38081,28346.967265931435
C-36522,132045.26791113758
C-11246,24431.535870404496
C-5012,103394.55190774977
C-25266,3068.0398070486553
C-24038,19231.75813090497
C-33655,45887.07389477584
C-811,-3501.8877429007116
C-7057,75952.75325521169
C-23614,166201.4475805209
C-20312,136126.438444962
C-14606,1423.7090370722653
C-20103,30402.752811231243
C-10219,26615.249143200115
C-21676,-2568.3363035708753
C-41759,945.4295515993872
C-45837,-8522.742870581293
C-13102,23788.127640588824
C-33424,117882.89798702477
C-8091,23739.446057654983
C-10459,36119.478505375155
C-36535,78201.24619992009
C-22962,19760.92911238771
C-6947,-1381.4029487752123
C-25332,51948.60637319151
C-36711,33176.30668067862
C-8339,18814.088616078083
C-20005,69811.90728484155
C-20314,180.19104262633482
C-26624,103338.30362156652
C-6422,21087.006922961235
C-18824,25622.9225661555
C-22653,31831.14148655104
C-41340,17478.34501778446
C-10913,22999.82506755367
C-22074,132021.06677833194
C-12742,101064.56461369304
C-13367,73328.50802953388
C-24975,42687.05126892437
C-10503,44279.38058611405
C-29271,69291.74941955654
C-36862,25950.401803499997
C-5569,3729.6494315774835
C-29820,51139.62493247396
C-33558,25541.201405107884
C-43582,25594.37141658115
C-23615,5248.472669227194
C-45596,75586.32383644462
C-12045,22202.447780589308
C-24254,48740.62477636198
C-33100,69732.88594317614
C-8513,58399.785588502404
C-3800,12112.682954500648
C-13481,25105.012826635106
C-29395,34998.31501953188
C-36354,34523.61481677632
C-9008,57210.7208503718
C-35077,10998.032708256273
C-14030,48810.068621071594
C-27116,6079.291978439491
C-6267,57219.18382292097
C-13110,26578.163834172174
C-33969,-3932.1132295219213
C-31388,91743.23632119095
C-22670,58365.32952740724
C-885,25161.992464023744
C-43202,10992.067829276486
C-47886,92366.70555748098
C-37115,11655.070353350464
C-9724,51965.941763517265
C-49137,4107.900038782667
C-39163,-6352.195542548492
C-43329,46733.74359084538
C-14650,91435.48967211047
C-27553,59649.44776247966
C-16586,41450.30953542951
C-2578,54078.893997459556
C-25070,15581.282364746632
C-31983,18386.407161130177
C-49752,47764.08634480606
C-7832,84023.0532429904
C-12086,77856.0829288103
C-13049,42071.79760142657
C-6591,57322.71298427813
C-40590,60863.18977326247
C-30009,10125.287903632532
C-8564,23192.601735049175
C-22237,11287.818662098616
C-36428,7179.742051952679
C-5547,26861.341234034095
C-8468,60953.89295180731
C-34948,28524.07526838636
C-27514,72116.36841953683
C-40265,39870.80847995464
C-44629,12892.529016696164
C-33,24353.03146827696
C-7823,74161.86348430795
C-42725,111318.18120214198
C-25082,28713.515051139097
C-35577,91090.41978658573
C-23183,53458.48345794433
C-2512,12566.19698981609
C-26460,8002.049011753399
C-44266,12918.63364056214
C-4097,7347.511378194773
C-23295,136656.04689798376
C-4688,65510.73193693813
C-33984,27233.826637928643
C-21653,112768.82219012824
C-24781,63161.0987588307
C-37425,53575.670258107464
C-38128,100250.77517632107
C-30947,38720.099374637946
C-43325,50037.46604841236
C-6978,136573.1868296375
C-35903,30895.77593344219
C-2355,40544.982958003966
C-4194,42216.165263769224
C-36401,24049.167582753747
C-36241,6426.704977310037
C-12602,52638.49011805194
C-43319,29991.05788210331
C-11930,62232.83971204978
C-33644,52583.15291897922
C-34030,103424.34856953498
C-40857,58985.535974423416
C-26397,41069.24943532551
C-5112,88360.92938963845
C-24863,22041.56484450236
C-14623,13144.018577590934
C-14822,18751.48580699069
C-48137,89758.1976996683
C-7227,90009.19698750212
C-8085,-4810.609050343599
C-37081,60171.42550199211
C-2847,56518.36017765291
C-23126,23700.187749549325
C-47224,68566.4834363825
C-25552,22647.602299133592
C-10398,25422.436847184927
C-45191,96462.83155282782
C-5221,127133.59550665578
C-48182,89981.6960993751
C-40568,103611.80022602112
C-13372,-1072.3697040823026
C-23349,91693.38996852786
C-45042,-3673.523102953346
C-25075,144941.8303144984
C-27735,29597.26522868895
C-14906,61649.106509053694
C-41588,37890.78354464516
C-9734,48348.76799182837
C-911,35232.602563805085
C-25298,25068.082433681433
C-12360,14649.423331802936
C-14755,24183.546040382957
C-47917,10027.730806359832
C-46606,66727.21996122692
C-24103,37039.4679076534
C-35353,154068.621980472
C-44051,-3375.0517796638305
C-42734,61833.45187796348
C-30718,88735.98710480798
C-36582,-6621.164300654396
C-12485,1621.9166838800447
C-20661,40244.8330585011
C-5690,61987.42553236502
C-25262,18171.329044331644
C-17835,104366.98687037149
C-45283,67229.17351452245
C-41648,160997.5006112681
C-7073,9415.250602943452
C-6828,11329.291336250586
C-35558,59252.39932843921
C-49117,18711.875225128548
C-9853,153641.80530851934
C-11087,95996.8203980916
C-42859,21225.85980880248
C-48574,3316.9508358081657
C-27123,45054.812980862116
C-14703,95310.39610775691
C-21230,41191.82733580707
C-46015,39821.44312211437
C-12806,42830.6629948818
C-10074,38174.25077611131
C-37284,22719.05242355452
C-36105,67035.0533926127
C-16366,60719.882245536865
C-23788,111823.0222939179
C-5633,58647.11234935714
C-5635,133989.24856614228
C-18514,47684.72111261906
C-15350,218552.78077521914
C-15451,-810.4488532489486
C-49328,27441.85138820028
C-43448,12762.634028910805
C-6265,-12855.571141255088
C-924,90323.56101035996
C-26382,-6082.646801089199
C-21716,21118.670244969213
C-41901,6815.358301860055
C-41380,32574.685333011388
C-34351,-227.5812390683277
C-11291,2119.8393102422197
C-2869,28943.66941538248
C-42670,39676.82212965418
C-2282,33458.38240589277
C-43761,64850.62413361491
C-47414,8949.966603488043
C-35929,101144.63903582672
C-21720,50251.967235631804
C-14935,41561.4801802643
C-45029,50515.96969689737
C-43043,28073.10172133053
C-38223,7650.987812353385
C-16874,6854.318390720175
C-26058,20547.87670291796
C-29041,51164.424336192424
C-41039,43069.44639110866
C-25444,47934.12946142014
C-29452,60763.84102808932
C-29062,71472.07000335417
C-4084,62901.105365449475
C-7826,77737.81761862247
C-23884,22984.960931078942
C-31659,79047.58678985268
C-24534,39890.191443034506
C-6094,85415.86030149154
C-8843,45584.88628873008
C-42858,23285.504761466276
C-43148,22067.784410594275
C-49289,-154.1639557994058
C-32903,28954.868614359228
C-23463,27330.830108658127
C-47871,45434.158820957826
C-104,49766.57226681793
C-22269,21203.11702589376
C-16643,31930.117113126595
C-42173,-2924.204519317238
C-27669,85588.70192690058
C-22307,23602.568003788707
C-18173,8360.500173585613
C-23700,21565.742980829007
C-44494,8887.989220605923
C-46547,51891.22501724424
C-21708,30625.468012352125
C-24081,54939.435463411064
C-45208,31100.227080063265
C-42893,7777.239275245265
C-9672,46734.549934481365
C-25689,55970.924738803646
C-7205,56408.31843549795
C-11151,46855.49550072089
C-4081,15114.696732136923
C-4872,24331.15670554707
C-9057,55668.11739055765
C-25245,66469.76689840676
C-3798,21978.14351155636
C-23761,51242.469248092515
C-3785,75232.74257495016
C-44426,42036.273722965634
C-18633,24406.550773604777
C-30943,18463.10892504416
C-28835,80189.76846906391
C-19542,30236.55890465492
C-26331,19134.804971637204
C-47448,38689.52619815424
C-7385,13668.196432068333
C-36988,26944.56220375963
C-19698,16407.00216439622
C-44255,34293.53585145667
C-45803,36222.70517355538
C-21068,40044.41044085362
C-37269,101325.51397545703
C-12352,72698.36094339538
C-10611,48335.99839179586
C-47521,-4051.4209515962284
C-43662,22087.45423113736
C-1300,73430.47567426364
C-41798,21160.266213208888
C-46713,28083.487013861733
C-31524,21243.298510996767
C-47157,8038.450710402503
C-24049,12413.977423889039
C-48482,2235.910752941185
C-32433,136855.26160443353
C-35379,53819.859050906
C-21869,6497.8224145982385
C-8577,42015.99032828335
C-30143,48932.65412530968
C-11579,49080.144678534285
C-1732,91294.60975699648
C-40473,73945.77373033972
C-2870,22975.319505282132
C-12856,85184.90630612506
C-8783,65601.20741808336
C-44034,101077.70135469915
C-37232,54087.22148334641
C-846,44359.92101462823
C-47366,-6707.177960239278
C-49039,21724.348717151293
C-31927,79299.95910512086
C-9506,44174.22323726979
C-13339,-1434.1463153525547
C-47855,71651.95363955406
C-38773,5109.170232978278
C-28984,95320.20197350607
C-7301,12558.13994248581
C-10176,50620.02833388721
C-23357,62219.25501981824
C-20112,22424.364038129206
C-10094,10446.546673261058
C-8501,45852.89943552583
C-29494,26338.4869384333
C-15297,97389.0338286106
C-26354,16036.144388183675
C-23030,39765.598266337256
C-5502,59193.436729536275
C-3358,44647.763806792296
C-22678,56074.70908345213
C-30272,45084.64623157699
C-2844,35528.75328874994
C-44471,82342.05553795217
C-48203,15053.966920401966
C-8243,39920.36582391726
C-35963,-502.12513820040476
C-43023,85865.6881126136
C-31679,711.4775523412536
C-28266,45007.86587100259
C-33607,-2615.5343800161354
C-23606,13478.674334526695
C-35810,32473.310612856476
C-16962,58657.58349121538
C-45530,14914.218588509277
C-45719,34981.6941847858
C-35588,58849.55971665638
C-29406,16797.58872657416
C-24034,80138.88523001783
C-27918,178210.83747470827
C-43895,43272.935606647
C-23797,28644.844708177076
C-40450,-7553.262099535175
C-17856,16424.7826239272
C-35842,36609.2875094818
C-31505,13537.393692050027
C-15144,47516.14666503446
C-20564,57740.30578076976
C-9769,16264.2096659673
C-43423,61877.323223493964
C-32244,75459.18922591007
C-26942,44909.19576503827
C-263,83656.48034649418
C-14562,45859.209836275484
C-14760,92358.08673599357
C-41695,24754.099990482217
C-21155,89830.5763135266
C-11093,1869.707384648711
C-2711,58491.4060392924
C-46032,15543.452818754224
C-31413,107985.85365443127
C-1891,30984.503044709105
C-10244,22842.274712208575
C-25337,147977.44900592673
C-10260,25400.428172809043
C-41656,95700.93755794519
C-7732,43316.13580908619
C-1362,45933.24563186379
C-33329,31562.953722361563
C-31894,106496.37232383263
C-38466,-1637.7402407130721
C-36433,27601.097048387375
C-26533,63907.99333871373
C-48094,59983.27309729676
C-1438,24729.80951153674
C-11973,37403.215963881434
C-24073,42767.34002372141
C-26761,69145.3599530957
C-41425,60600.992404982804
C-45552,36822.62285561577
C-7196,814.5070324544868
C-36492,62157.14019892356
C-24562,39659.43825592223
C-45075,30975.12030673687
C-30348,18296.012043689345
C-42101,30612.066153632284
C-9239,21686.69116030935
C-15336,83156.60795691624
C-25120,37175.45803092893
C-33263,76180.7000306124
C-43629,52253.8735338557
C-7447,42536.38506672548
C-45722,72735.55302818515
C-47850,33444.64517818674
C-18435,16703.374946421092
C-46745,37236.26870098417
C-41547,4095.0323922817333
C-31476,96736.40843750673
C-38226,93542.82479522633
C-47106,60805.29542613863
C-24574,59428.33995639818
C-4803,5787.922906016771
C-45899,87733.70183166239
C-19705,84674.95051868379
C-44305,9308.478225996529
C-32910,21219.707688562175
C-8805,74611.49001702864
C-13513,68004.14912884143
C-8371,105445.2305690618
C-30623,34319.93602167135
C-45415,70780.62533036957
C-11738,4447.814828028837
C-48799,21192.137189813842
C-1359,30204.31413757559
C-8801,29400.537189072817
C-42900,148906.17382460163
C-17113,66348.99533376629
C-40888,39743.78012935637
C-4514,31782.67739438852
C-22765,44914.220097616926
C-574,37346.62450537667
C-9854,40209.38714027044
C-25778,33891.941114281144
C-39567,156535.52881859947
C-27597,17759.18227194929
C-17822,29332.671022768893
C-27365,60885.2057535972
C-29270,71352.43828013449
C-22793,52177.30651713496
C-28030,99795.05536166587
C-45049,55870.90290525243
C-49411,96831.40326325798
C-9627,40673.43807747823
C-9361,104125.3722810362
C-47436,58984.35175815648
C-6811,35776.14161740176
C-28573,28780.051216449676
C-1656,91916.96925238683
C-32155,37729.93414760715
C-8926,14419.171108830524
C-32988,11515.339268390526
C-18690,67208.40480902522
C-34754,6343.537575641865
C-38349,150865.94036504132
C-29278,46563.954680416486
C-7649,23295.99901662558
C-49097,77694.51540877312
C-30646,39915.77039236363
C-13390,3111.081746856493
C-43354,33997.14126825523
C-44814,26115.68649808628
C-42805,40210.52834990465
C-33088,59026.46507365704
C-11395,184773.26054857753
C-15954,83882.49934386842
C-3407,22768.131903579408
C-45601,30029.804103599323
C-22133,63543.44757308409
C-29004,28991.171303241495
C-17650,32858.540356628604
C-45652,-8020.567213000395
C-8677,14270.299645269552
C-45082,87174.1294350765
C-27272,98403.47863650459
C-6779,64272.91580324486
C-47589,48854.20331473946
C-28456,56469.83131492566
C-28236,44837.39407973869
C-30426,33847.489417621735
C-9007,35593.503944756565
C-15155,17391.73451382838
C-46126,121295.43872462095
C-19480,52773.192245801685
C-44264,12713.061598891065
C-45631,8655.359895497073
C-45422,19011.805946126333
C-26402,5723.577457359068
C-42485,25827.564701589377
C-22453,62220.06483168877
C-38104,25177.10574218825
C-28647,63867.94409794818
C-1131,16273.153493327834
C-35846,100012.73336435073
C-16367,145492.5633181656
C-9585,58110.44660808843
C-389,28441.123185695702
C-9468,49368.35413480485
C-49811,34706.879509960316
C-39566,37026.6775822638
C-36050,61006.12253884789
C-43406,91629.08082135137
C-44089,44760.69811766302
C-41182,24970.04488140709
C-41977,62766.700050694344
C-24868,69229.03072883002
C-8433,56682.031378220134
C-19415,60526.30389335689
C-4036,31103.94736811769
C-22347,85494.18687983173
C-10837,22881.78210360602
C-26672,27833.67894049266
C-24693,17263.25108512202
C-8107,31475.128080727587
C-35722,5402.457253805274
C-33140,99765.9894919655
C-49685,25757.756451593337
C-28523,20571.19699717526
C-25635,98013.92268491295
C-27710,18430.110733866655
C-27883,33963.321507199085
C-4365,65224.94827233797
C-43435,12930.384077649105
C-26321,142081.42505229588
C-46742,59178.63193668469
C-45028,71697.64468628624
C-32765,-12365.380183676527
C-29052,85431.35049744943
C-3449,45191.022116191976
C-44830,32682.833134832177
C-8701,30840.086850578027
C-9940,65972.22967734949
C-44383,62901.89389594704
C-21723,2110.523625456677
C-17023,87333.61289338005
C-21655,58533.65686229411
C-46652,44006.77165063904
C-8099,11917.473443122013
C-20822,59877.71239961161
C-31709,91167.85605794143
C-17996,35427.443257336774
C-32497,14462.881110018163
C-39476,17842.36980908939
C-34665,24469.00531685817
C-3533,88407.60653938177
C-36924,103985.40559461572
C-26027,-308.70638626563596
C-49889,115.45312885174644
C-42598,21168.88399166358
C-10956,28662.19115140682
C-10449,66984.83985313868
C-42947,18740.595300095538
C-45503,100791.51049195652
C-6211,37624.79402700049
C-9895,32657.947687756376
C-10821,136601.52930258593
C-5414,20220.131653994733
C-43314,54614.81836699149
C-13319,27910.7574431546
C-31180,72574.25742576522
C-1996,49703.90230144805
C-33455,16163.732945765638
C-9796,57774.26572671856
C-6500,97075.31299345405
C-27879,115489.86503627663
C-2946,69054.14543137011
C-41064,24129.270564871633
C-10870,7976.432717698983
C-12458,17529.466330318526
C-24554,142462.07045676967
C-13133,42456.43155057468
C-30216,141711.45992195647
C-26976,120512.06828382572
C-35630,38943.4149722607
C-45289,10863.286016727252
C-41560,24083.484787647736
C-34405,51976.2296560122
C-32180,20599.597860711063
C-19189,3931.9650488919215
C-11219,1956.8642913077128
C-40285,68054.55870144107
C-19175,75133.63746990499
C-18802,109415.65422395624
C-13808,3725.8790401987717
C-48740,8288.282760156391
C-30113,15316.609822233146
C-11838,7878.321380310743
C-22742,3612.8764754864096
C-17630,81809.18345868753
C-3668,-3549.9972918433486
C-29416,26783.800427792798
C-30627,30830.93222886195
C-18391,71036.71001595713
C-19574,26837.993550880674
C-34743,44426.033705701295
C-47504,33904.65793510695
C-46076,84024.14530531836
C-19573,4586.5608258453285
C-33137,80303.0948396105
C-28676,72974.7539770109
C-10735,191339.26560531184
C-28946,43512.554848358865
C-41718,69060.07034825126
C-10616,6223.2461838464515
C-34425,-2986.31077510865
C-19807,47508.219612657485
C-34142,141244.26480937365
C-4328,94091.33474749581
C-15950,46702.65761199687
C-12509,40033.293779666776
C-22342,21066.588797286186
C-18861,73.64553205556876
C-18375,39592.862823641175
C-860,25190.082124112007
C-19978,27203.67047990046
C-31898,18726.49161809783
C-16247,20941.394129713786
C-24925,106491.28425195649
C-46584,56170.124108198885
C-178,3618.4140697248295
C-18762,55180.11624129748
C-22366,25026.409709056352
C-26298,25941.353883793716
C-28069,-1978.3197291552788
C-21921,45080.40041610695
C-11774,83598.86792637763
C-30283,35450.89292798312
C-29695,91100.27540881906
C-2553,25634.19559063021
C-40060,50918.34972688375
C-34259,22884.927075616135
C-28090,8883.14770275871
C-25783,45272.02204920791
C-21561,86658.29714389131
C-5441,-1286.4941960645156
C-25576,74107.42330594371
C-39870,19902.187909059452
C-29560,28817.215893624256
C-10927,30010.913000105575
C-48156,44983.91015745346
C-49596,35215.15298089555
C-38073,60086.88191020741
C-15330,147156.55365343782
C-4180,23818.337933111598
C-43737,86855.88122654997
C-27731,12880.158774103125
C-30264,17678.376500112427
C-565,6092.801405046055
C-25037,42917.32802718034
C-23861,19907.683307264466
C-23329,55490.77282223076
C-35754,-2405.644406635496
C-19950,30268.4236689436
C-25713,86970.19135794393
C-39239,11001.569732021737
C-41389,37041.87661330513
C-23248,90764.22316163211
C-28439,1296.0494016784942
C-35377,52506.51741721133
C-48224,102067.37920790653
C-48245,35835.59734378391
C-44056,41222.27514769648
C-1766,66255.53869433205
C-46347,13278.041220672996
C-32922,6130.885011410872
C-30482,37695.84210891582
C-36755,32072.01641022158
C-13709,42200.9273309065
C-16803,40680.45154311552
C-39843,119800.48110232929
C-33551,31547.606969699264
C-37566,2629.9098590582144
C-11726,29692.973207525014
C-30355,64755.157985563565
C-22351,86852.75388608448
C-15598,58294.8544705062
C-28617,51924.38422803295
C-42709,26057.406172838542
C-26585,43595.75466333062
C-47183,23509.193504344763
C-5385,68541.06475772208
C-12013,25499.14158334378
C-21283,118409.42107099488
C-48068,36377.25361956692
C-45543,32669.1559694701
C-26154,9088.26690546445
C-14758,17614.731219276226
C-1308,71225.89938968209
C-23433,25253.372420363095
C-39261,73005.10890865668
C-44214,75357.28736575102
C-18038,13313.102605953653
C-15371,34587.955617948755
C-29063,26504.4302759643
C-47336,126060.93207505764
C-14896,59036.5099565117
C-41669,123656.60843675838
C-23746,28070.100779061253
C-38314,37458.680327889655
C-21988,7049.344526191591
C-2097,32157.147167888135
C-3550,-674.819279377698
C-949,-7315.658305417281
C-8942,21731.97673291286
C-18967,89543.7315712498
C-43695,47728.54379630621
C-43954,10201.980086135423
C-33785,94557.8486365544
C-36068,54742.18980140883
C-8275,33109.04200202323
C-44360,27491.253557189386
C-28240,76063.84682850428
C-46282,25775.869504969414
C-29787,10192.185542507628
C-38551,80849.49987311603
C-37055,106313.55605393171
C-49037,44983.83723367729
C-38071,-7731.976473140196
C-41555,70900.85904634181
C-23328,32392.40421569941
C-30189,30664.84019021743
C-9052,39336.8616717831
C-41701,43536.560260871345
C-17055,-3836.880827728375
C-11860,27129.85110409608
C-10584,39175.481491737126
C-30723,29724.255985453103
C-44775,27875.78695858122
C-49278,33229.28713392527
C-566,75612.03874792616
C-1586,106450.32997212812
C-17249,6024.56005442061
C-42244,31573.663393476367
C-30754,-3717.358189600971
C-8842,94403.03361053027
C-33561,69401.83184115554
C-319,71316.66622145887
C-31857,26232.48260606076
C-31181,9094.31602868728
C-43869,7474.146267400611
C-19885,43520.708947452054
C-25782,15088.139034818712
C-21388,-8265.001233874042
C-42853,60558.35523844644
C-41860,7827.524667335543
C-33322,60386.08793496794
C-16289,36236.15080976964
C-4613,6758.880912287314
C-32361,116596.7717841924
C-38415,46858.83248294159
C-3048,83816.56450360977
C-48091,61998.75104361802
C-5562,28618.647421106056
C-30477,39043.58937467748
C-44215,12485.832214455593
C-27460,48044.57796775486
C-31951,52241.035187974216
C-38263,36978.05395521894
C-37765,72793.90868295373
C-19230,15141.120401456974
C-25135,20449.645055103174
C-49453,80052.88238489626
C-21872,93798.57432803791
C-25493,79447.69648533515
C-41407,43953.05754449115
C-39610,12652.764455284334
C-18140,38150.70799683911
C-20446,7411.476663887159
C-17476,3523.0948260286386
C-49955,80552.81330516365
C-33946,68812.61453726726
C-17779,-1562.9141116000974
C-4683,51223.10139466669
C-20400,21265.102245667484
C-47068,13932.940605092866
C-1424,16913.70645263878
C-36515,18620.512221160185
C-21162,3114.380937368369
C-28006,29052.80018206224
C-7100,32776.308908849125
C-17707,87030.72717717066
C-32384,30919.557569599096
C-38235,131170.78471135034
C-37641,67423.12538721359
C-15293,51908.368897638764
C-23306,48661.61970628456
C-23894,67442.0099314387
C-48233,51543.174764021525
C-46227,75255.71412828413
C-17098,49659.99467871
C-47003,19334.789864275277
C-5124,48159.64246913443
C-47321,67650.31170395867
C-36254,31417.383874531093
C-32986,51584.08901310002
C-29945,34508.32540376213
C-26046,7624.8827636831265
C-27729,44507.22426641334
C-5602,167439.75373921607
C-662,58868.81440841781
C-46125,14470.347967826856
C-7974,25680.777281672825
C-41374,6293.963876204667
C-16742,16572.35999613608
C-17985,63833.75687340998
C-36724,95226.02497112328
C-37345,77114.12216494538
C-26356,45222.94872992224
C-24226,111204.18234924819
C-16185,99805.85860134102
C-33795,44888.78846905271
C-43592,38026.63972962939
C-18133,97299.84797573998
C-33861,43928.60126223012
C-13888,21446.691229192533
C-29659,432.33386820602755
C-38657,7126.724198532167
C-5185,127987.96714600874
C-34229,41975.92854482242
C-3374,19008.885732361246
C-34964,27451.348626436982
C-2091,10604.42814549384
C-10571,12545.204390252453
C-26278,-7879.437220052183
C-37268,34875.702271460206
C-44217,75016.93656929572
C-35036,64258.38283859928
C-48266,163161.219621346
C-32099,16727.788382849983
C-45618,9133.591182506185
C-26347,20255.741026421383
C-30905,20784.580821990967
C-6532,80036.78804033439
C-39347,46199.91834515494
C-48661,-2055.383681873187
C-7818,-1770.5656633570034
C-20467,22685.109183216526
C-32416,37065.816562707485
C-40624,167901.29641445598
C-29951,66955.62562329254
C-24281,20970.336515480776
C-39436,67532.49361263
C-6940,52930.94969858108
C-36979,73777.17177599513
C-32866,24817.125813893043
C-42234,39062.510989827715
C-10364,106936.69245623355
C-22411,50588.60647393115
C-12771,18631.887549252795
C-4837,28913.532635879295
C-21521,38821.72178210541
C-18874,70394.56390858049
C-47209,69228.45250382979
C-22337,38431.08258742524
C-45693,43665.77878224291
C-42736,100475.74277528221
C-7003,63468.07274857602
C-29338,22238.963033429627
C-29750,47551.84266709327
C-7131,49258.720290608006
C-18566,68439.28335460677
C-41427,-6090.8452173684855
C-33530,20021.502034444584
C-23945,16213.885117423604
C-4587,65742.61289846213
C-32232,82279.39513556662
C-38358,17165.166146571042
C-11962,2004.0274942976248
C-881,26861.398920556312
C-46400,-8475.710416173722
C-19503,161954.74075040693
C-43324,51519.31909214851
C-43142,-3711.473572152114
C-13666,46230.48782553643
C-34225,103843.69586432561
C-17145,118097.8937056719
C-27818,88266.17192401446
C-27797,44333.07713213688
C-44622,78759.45719475289
C-48453,46257.46781012734
C-25175,24237.903911332578
C-1498,29944.462127945328
C-21449,144385.44076964335
C-35366,13529.598311558853
C-34965,-3953.839227640143
C-20461,-274.90045903850114
C-44967,80662.7370922292
C-30983,4822.419797309514
C-38511,46794.73595596242
C-43977,49889.245788036606
C-25027,4334.781078438915
C-6831,12898.516281821598
C-48046,43861.36832716521
C-28220,30183.991065538718
C-1390,10465.622840381882
C-6085,39011.88030255497
C-11366,140558.54514707235
C-42141,108018.22857528855
C-30285,72245.45828547483
C-10832,61123.25309878017
C-31788,28866.224412902346
C-41806,34966.2563049708
C-49345,7151.5272997051725
C-21989,25028.0809310529
C-31649,25968.35998808024
C-44593,556.0163388080255
C-3543,90709.02074338104
C-46617,16453.95167903118
C-48425,46633.37593153384
C-12741,25277.136988590646
C-18005,46194.083952125766
C-36729,42608.389813553
C-48571,45211.27736084334
C-25464,36727.790187621555
C-11316,39840.655911316586
C-1252,54921.074552057464
C-17078,62355.38204082639
C-22551,36355.542224914265
C-31578,9800.110430262706
C-1295,74461.738657727
C-357,15691.509540946168
C-2920,69363.18990044764
C-46744,51198.74827111696
C-5439,41627.08874935291
C-1545,49053.17935642888
C-40160,49520.66853576801
C-8600,-257.68630099461734
C-23194,38337.50577841682
C-38632,12280.185925354075
C-13195,42256.438171735834
C-30441,31028.92646983851
C-17327,3066.297952715555
C-36336,19072.002361446772
C-6687,14476.858240036374
C-34093,83743.54200402304
C-2810,71441.20711973938
C-45065,62972.645827060456
C-32498,9509.702063424986
C-12540,14347.253923872391
C-28749,76991.83887420828
C-8836,88182.76739770127
C-43570,-4595.915406222084
C-22257,26163.262317048237
C-30722,59457.978650042336
C-38873,54524.99926908762
C-7432,27928.354631577986
C-46940,96641.42395486493
C-20284,65352.18922396852
C-37292,22704.17863539947
C-8657,30988.62052763361
C-21033,38469.43079213969
C-46357,13914.427666856303
C-30733,113821.51985087524
C-22354,42523.91469214813
C-24172,31057.856039778075
C-49943,41610.77616113475
C-31017,93920.30569245566
C-7390,67875.26795418997
C-39748,40054.165055319565
C-41777,15016.62662236634
C-30655,41535.3428368535
C-37960,66196.45930092901
C-42679,29322.60667874374
C-34083,122961.74581820867
C-40137,69719.61226875294
C-47729,93944.21256720508
C-17204,4212.874793870156
C-31166,46906.250690833935
C-12861,30986.660867754144
C-33079,73331.72867158093
C-1570,123855.70482554754
C-6921,17889.879450310484
C-4737,27891.064219428452
C-39570,96662.24710841625
C-38582,20269.351225011254
C-13504,82854.79994740598
C-11220,55432.63305242496
C-45990,15192.805460250522
C-6008,136404.81356982113
C-18540,136052.65698290456
C-41707,82004.71333736103
C-38472,8787.259534129757
C-24143,35678.59635767895
C-38699,83226.08496950142
C-28762,-10121.253550540096
C-33579,1287.995019099988
C-26098,12582.052831041146
C-26239,63171.04173118736
C-9288,2770.396557027496
C-24914,8612.468108976202
C-13814,19521.344940150335
C-40722,26324.416843754738
C-35790,20789.323419325574
C-21077,65153.928383889324
C-2273,18733.295280620056
C-23586,13558.437537306381
C-41132,73224.21374340763
C-31874,107765.10742440267
C-38571,8587.126209836708
C-7207,49933.138251429766
C-36696,8206.234985333365
C-18424,10872.55414229499
C-1962,79985.19547420614
C-46302,14160.18862112944
C-48388,53407.487537045905
C-8018,75492.44504514894
C-36939,63960.307149906155
C-2238,61569.555052230375
C-37736,103936.13191949864
C-14590,23788.178285438105
C-32725,44227.94932941334
C-2930,39508.073354658576
C-4857,72460.98196327937
C-11153,27441.16407546903
C-46204,-4830.585859916537
C-35835,38452.31555636463
C-44263,56918.420550642346
C-24416,36754.252495073655
C-35382,25579.164788969116
C-27625,40031.37943699699
C-31248,-741.9441209960205
C-49947,1418.1755451159333
C-37601,56848.648835473505
C-40432,2963.420653184701
C-6409,72024.00423462488
C-23276,48011.47159572308
C-48765,27188.070114698883
C-39596,42007.870761834754
C-32117,33598.23621560109
C-15034,12295.42961353754
C-26611,28279.840699719378
C-30236,93431.40829586957
C-14491,48308.531935007086
C-4970,128929.77478467835
C-24597,11684.924657084906
C-41290,8628.708434016582
C-28608,123102.40127776306
C-29170,63022.01404377108
C-2028,18943.064805957685
C-39498,25299.181221842522
C-6112,92188.62874498537
C-45464,33357.534515452295
C-3801,54307.51019437073
C-33585,29317.559219112896
C-35924,70063.59712018102
C-23755,16804.949061511743
C-32194,60777.55069307395
C-8087,9730.09509142222
C-22995,40537.333740877395
C-43985,66304.5090569751
C-34451,97673.9878467333
C-28601,16487.509203300542
C-22847,52605.984732645156
C-16479,82670.2507730936
C-28299,46056.97952602633
C-40591,45264.51580369698
C-47731,86128.42438907723
C-28263,42315.96324801257
C-35262,41011.010492957554
C-18785,35934.00588322118
C-20648,21234.37975033492
C-36750,30908.125345008593
C-37567,65790.94181029814
C-47812,17157.703786943108
C-21286,18395.133107698544
C-21818,35534.07947117349
C-44117,37803.3968204641
C-48133,12860.86562676214
C-2110,49805.39697667805
C-6174,1387.3528552722273
C-23367,52211.5598556759
C-38984,151055.59690087012
C-28845,21608.188733628223
C-26445,43916.236578858545
C-11637,5678.002686461317
C-20719,44378.75311146894
C-49735,62989.70088429965
C-42411,63398.42907125779
C-11328,100302.18259034204
C-12719,33214.69438557599
C-9451,86259.52011790499
C-685,58387.10242965823
C-40575,41632.87847669911
C-41767,37621.45975929774
C-46402,107811.522240916
C-12168,17903.122257037972
C-5612,-2879.796299983507
C-11235,22826.14909025778
C-46639,18851.142171852185
C-14110,34146.27301876637
C-44397,4941.839574256272
C-38641,26130.910985293798
C-15289,84609.5831622984
C-31562,84069.83539033913
C-47523,58121.03226568915
C-14793,41289.61510767826
C-29118,10629.71269353501
C-23916,42605.680953642965
C-26376,3967.166427818811
C-39171,76186.41437948252
C-4994,-4240.234788693
C-12329,48467.4470037117
C-29620,-392.250424569007
C-27808,107694.05619161666
C-13659,33953.71482479071
C-38377,12823.760819556104
C-6438,41547.0250014777
C-27601,-20661.59599216016
C-26854,101571.5094648575
C-13611,-7437.07868085966
C-12197,14352.427557156756
C-330,72417.6822011318
C-23718,38266.28614458682
C-6957,96021.20930308191
C-6838,55565.52141889363
C-32161,29945.87952122072
C-43631,-13180.43294375787
C-6437,73634.40317913059
C-30459,112160.83620800938
C-22843,-9441.059476736242
C-45391,25648.594039694966
C-28123,24547.791271871552
C-21861,20344.36408596729
C-6105,43426.9066910059
C-17079,6124.420453718507
C-14154,71279.93173459945
C-17273,52485.74201384587
C-14898,51374.9764146658
C-9178,1577.4490624886603
C-44564,36459.13727662328
C-16740,40948.30857280713
C-43505,5491.8526484769245
C-47485,104900.87132117707
C-19685,73725.99512881474
C-4728,45110.51777352846
C-30094,30852.854938757977
C-14177,26775.71960649309
C-36925,17215.95708133651
C-17827,31189.393266604617
C-39601,16609.11670630118
C-10634,3494.9404160574413
C-17388,45564.47332358462
C-41962,77038.16915822051
C-8369,8020.635075198305
C-36737,60205.25101785917
C-24787,34183.59118925819
C-43415,32333.131195402835
C-41840,53500.00189046479
C-6900,77155.9658214138
C-1401,2612.4933724019866
C-44747,14987.470681748207
C-6000,56449.61628439309
C-21506,11884.433205709713
C-29310,15143.42528122697
C-35241,65762.38238514263
C-9530,99856.79874944451
C-20326,65693.51246480584
C-11398,10752.238569884037
C-4168,21330.859216235964
C-40638,41462.771174387555
C-17331,73154.06204804615
C-39238,43144.189391718115
C-29205,113505.34125512156
C-10468,4902.015692474983
C-21188,65383.65748402808
C-27481,43399.0409713866
C-47681,21204.973631948837
C-16819,30567.30687217607
C-17232,46252.272575547206
C-6222,35155.72491528667
C-42774,44862.95376221995
C-23089,80046.60159308377
C-5357,35280.13329985657
C-35236,17138.03492837809
C-6848,21683.795779471948
C-10348,23735.834592212545
C-31216,9385.22086509577
C-6161,28907.60160273861
C-19822,158499.78341524434
C-30886,25025.382068870524
C-2999,80594.77653989586
C-1303,37773.45555993816
C-27967,73755.68074141795
C-9204,64422.76341857689
C-32066,37157.513953094895
C-11344,162674.43050710417
C-12646,104884.95270175225
C-16731,11825.733743114513
C-7542,35988.658467431305
C-5256,35353.30313986668
C-48831,54624.260743524785
C-21727,17173.283713085446
C-8670,58907.97561427705
C-2872,73880.30433866306
C-10283,66662.23648983314
C-5377,37982.84742341362
C-10529,62023.3415532864
C-21597,22006.67585175641
C-47790,62005.42395818486
C-26309,27753.213380651694
C-2447,42569.26825842966
C-8505,78655.90649784158
C-1327,66600.66773884889
C-26134,31463.696017760056
C-42800,-3855.234464610934
C-42883,32618.763723728436
C-5590,17474.395591892695
C-11491,-9739.799283060835
C-15100,15075.572799909372
C-49074,35613.64266118452
C-646,13924.528941289413
C-17540,6125.373783900213
C-38741,19747.76122576036
C-29351,54071.439825494796
C-1619,89498.13494960355
C-47848,33022.82797393166
C-15079,58277.83534198422
C-7962,78854.44905435937
C-38547,40913.3963996668
C-46218,18914.59930775965
C-37882,20749.13101871856
C-36432,26089.133831044943
C-12454,-129.43714964047103
C-12909,38040.6904635696
C-28748,37140.939841627325
C-36986,-2589.325387187637
C-21725,23771.629441915487
C-19103,41399.38449115216
C-18453,24072.905870549293
C-11604,37136.88264240042
C-30861,44249.67810461981
C-43177,4320.09346877216
C-17003,31282.181479113213
C-41088,29653.422275454108
C-29747,11640.580403773885
C-45069,71515.96694710641
C-38605,83344.37552855178
C-1382,35223.24908470799
C-24619,27867.435988803332
C-33339,25476.32469207292
C-28044,8768.822831377613
C-19624,24007.520697365366
C-26471,31448.479487956385
C-3419,174069.12676068553
C-10596,19081.504408127523
C-7739,-14533.65606152422
C-40334,4562.55997359586
C-18673,40830.51932881346
C-17521,29096.814012028888
C-26771,12287.78396207471
C-46226,25285.33784622692
C-42054,10790.321309557869
C-31020,61462.703311233774
C-5120,62519.052163310116
C-7155,-2662.3180103409977
C-49828,8381.473911730398
C-7666,35568.438240283474
C-39276,13006.740565781838
C-16501,2668.803741147807
C-12504,20823.54606265532
C-5916,38377.67383689816
C-23339,47975.16189621604
C-27042,57619.18791428572
C-19646,57389.09957095944
C-15313,18677.50161452095
C-21615,13125.118263587938
C-20407,52283.019176814705
C-49486,56074.9957158018
C-5191,29517.349918682088
C-44726,10472.536622904256
C-32015,1606.54977001941
C-39328,87075.84757863336
C-32715,26105.815802452475
C-42528,17762.98163181115
C-35015,151681.05839160457
C-7945,10313.082489108761
C-11121,21669.647837931312
C-3628,27889.27681062222
C-11920,20538.689561097963
C-22232,-3424.0089078779492
C-17222,19942.150279442612
C-49331,123748.7820004333
C-43534,2241.900606187919
C-3612,-7468.823555048191
C-31741,32274.647982480168
C-26623,62527.33549824722
C-10590,47829.30034505737
C-35337,16478.570948564975
C-47957,3017.1997130260133
C-15337,48694.847491641354
C-16616,73240.66048036283
C-26260,68018.33156271333
C-47646,66286.03678051168
C-1005,44677.130178294785
C-38079,53048.33236026594
C-675,12124.27849358687
C-16560,118899.63349222377
C-10952,42576.53750049487
C-20298,44121.2895593502
C-4855,97295.63079561619
C-28917,46464.24652780506
C-34654,11775.816613507122
C-11410,64005.93096123309
C-26718,84305.95496029433
C-47127,20365.66012460117
C-7843,6451.414631647669
C-4993,30148.733147256684
C-25411,21981.636597688972
C-40537,145414.7377543713
C-38821,57018.66640347304
C-44202,23897.101895861637
C-28339,94163.1021627637
C-35674,707.21486653373
C-26039,19918.5651636712
C-11049,40326.80909823183
C-3676,42113.291965602904
C-21059,30148.56735558137
C-38448,67800.78413775144
C-33239,27692.54998120375
C-31911,9606.810610514636
C-22532,35467.026583128885
C-36363,65183.68878291814
C-48232,61768.992783952555
C-36856,64702.290196429276
C-20207,50887.06330218785
C-38383,20932.78337277219
C-42084,86526.47431470215
C-16009,3866.800510180743
C-25412,22480.625911126015
C-6031,134819.4170503238
C-24846,-5677.8437349507585
C-49505,36481.60298338073
C-28338,8274.101303377654
C-46434,89472.21455438466
C-42351,43567.60580820373
C-39164,56477.4643897005
C-46203,67892.19103261337
C-46580,77130.29120539912
C-17433,81441.10696893459
C-18751,88406.86049172928
C-24900,39399.77905161318
C-19218,73544.6822422283
C-28556,37507.410956862535
C-12473,21494.08429539707
C-16556,-9796.546661737055
C-18458,21182.07480680859
C-18015,15908.331773708072
C-16832,32774.70089797191
C-14994,1089.6822120871366
C-37405,29111.285643008265
C-38976,56287.65114087401
C-15240,93355.71577423591
C-21749,49353.711630622434
C-13943,18685.137209198256
C-12892,33798.28869310254
C-40994,38961.96858045198
C-17999,77202.79846176981
C-49055,20272.66607392801
C-6782,26871.04546584994
C-32945,52239.470641478365
C-6154,53256.131165006605
C-29987,-84.79708819993539
C-7484,52486.04706730947
C-14487,118003.84141703568
C-729,68823.96613453809
C-18287,93014.7864776198
C-46045,29050.689086713057
C-27937,22658.38873212734
C-17896,4764.80140136445
C-30799,53225.86514907491
C-32294,153106.42205193464
C-20114,31117.102225558105
C-34015,34570.454098365124
C-5992,35515.98918365052
C-21224,87529.90106513778
C-11350,73264.18190645799
C-10994,53725.14025808262
C-36287,85711.0925300158
C-46592,33697.025534331064
C-2011,41498.55661752354
C-40310,38983.339046375266
C-1253,15016.985655269003
C-6508,19622.284424947553
C-22167,29824.34983631113
C-11869,23229.72397469903
C-10696,48131.25945840579
C-10129,67254.24751669513
C-10791,28671.43216186032
C-9903,119167.84939050047
C-39740,32858.74111098894
C-40874,11796.441710569423
C-26803,185517.64749254892
C-15923,32993.08120772485
C-38133,52781.08264985297
C-14746,13744.734020070398
C-25718,15578.034648229645
C-10228,103852.15025176175
C-8748,59158.96526445207
C-22654,17604.399549623293
C-10642,50635.10154442427
C-18672,27946.490977781104
C-16029,100490.5399238727
C-12066,61380.29604633238
C-10106,51960.586726904796
C-25789,40952.07292571515
C-21599,58935.39187773866
C-47590,23680.886112258348
C-29709,78609.33165946827
C-17066,85326.6737165639
C-18759,98881.43559351246
C-32818,54520.3876087095
C-18567,-7144.972316490763
C-43296,73499.99002709027
C-47675,113334.43664401304
C-39998,57817.95811797556
C-39767,30487.32250760904
C-11062,39552.285722892295
C-49196,18369.153828389346
C-22786,4406.111953088395
C-43064,109339.2513851057
C-43409,75589.05273609105
C-6295,35296.737958806814
C-43693,30276.714320181512
C-38546,70710.4049362102
C-18890,2432.434431743255
C-30279,40181.580278370995
C-44457,93785.45358696266
C-34949,10884.998384957078
C-21927,15574.100680728116
C-31210,92158.76416481144
C-31899,51867.71225460868
C-24870,97730.37196354203
C-38227,118961.88500446336
C-38181,81605.2665388509
C-26276,54420.42564307799
C-19526,29970.813387548544
C-32369,5726.533388043099
C-24372,59042.120138274244
C-31127,47797.17206641428
C-438,-8237.957063909715
C-20372,39833.66440487725
C-20125,2205.788910287003
C-7023,27339.550153789718
C-33595,165976.47225290595
C-28421,33724.80222531074
C-2978,42398.39942625525
C-7790,34544.55943244421
C-4964,24245.59763762097
C-24615,37228.70011872357
C-34660,23047.032456250854
C-7759,22008.16843186463
C-15145,18972.440234651778
C-31646,46987.05893439469
C-33930,10693.190236215021
C-6499,6854.510588424011
C-26482,53782.80534962645
C-13393,38980.66620418459
C-18300,33604.034068529894
C-35124,20086.032279424602
C-5775,57276.518526975844
C-40157,31315.421636580282
C-32308,61166.07869875206
C-34988,93913.14533614134
C-22459,31098.779847460282
C-23203,7545.342390269303
C-6513,34452.628309177715
C-34173,40856.59875357943
C-16685,76627.66547572374
C-49896,904.50935262438
C-14554,52351.737719265126
C-24936,23454.151481644374
C-1242,21412.810582360198
C-14332,19514.729017004756
C-27718,80842.89998275721
C-48880,47611.85998443603
C-34034,53912.81543075564
C-44131,28587.09903377106
C-30185,100623.2900362621
C-45253,23833.938311694943
C-25655,44080.075184239904
C-45121,43111.89558747471
C-13836,6664.472044786213
C-40572,56942.61593220837
C-40703,55954.55710830624
C-14588,66843.15261131659
C-47618,4545.864929151372
C-5860,30884.52396321293
C-48306,-8514.75251667187
C-35626,9036.560162469876
C-4292,17096.610795084838
C-14232,-897.3888465423152
C-47198,44224.47854301127
C-21956,68116.0295997882
C-40704,36547.778615999065
C-27590,40619.905448881844
C-20623,89751.21118898616
C-35598,84641.8776344044
C-18839,51685.32302570464
C-27299,35475.045488910815
C-13762,32813.76728989647
C-48770,69597.25254166749
C-27360,8217.04098290707
C-6618,68309.07808261988
C-49029,54600.606969632594
C-27131,11634.24356673802
C-46030,83522.29974993937
C-9906,37312.11020995414
C-27475,42889.04224934832
C-35212,89931.65904826805
C-24956,34231.272986404685
C-23130,92025.70840549056
C-33002,31601.602812876263
C-8778,23383.38357761367
C-39453,25560.795183728835
C-18409,3941.6727927987013
C-42429,7963.452176571234
C-26867,34489.40088686801
C-36594,1666.116512995679
C-46385,88340.05890863166
C-44052,50565.80336565004
C-25869,1784.3105884512115
C-14706,25873.46535993123
C-42313,17550.132332024798
C-29212,190279.27728029713
C-17790,-17512.69513635694
C-25836,16023.74913363804
C-46560,123953.28493412989
C-21221,49587.30796325694
C-47073,57300.37505286922
C-29412,8836.337391418943
C-21689,82925.96988353577
C-275,67362.05950288677
C-14300,59506.60322009373
C-13818,74953.12689071834
C-8122,39033.38412305714
C-7810,25667.89135807826
C-19780,35709.311787924744
C-14857,52221.9636628712
C-13050,24633.465694005678
C-49887,134668.74003939377
C-30303,41572.929290609754
C-45846,45157.702526849855
C-47495,31664.07437343755
C-11667,-5265.917519165436
C-32168,24130.319767431578
C-37527,6804.508557876732
C-32913,61063.220312286256
C-44157,78059.97572741928
C-32310,77701.83760491518
C-35263,18211.091848479908
C-32346,47187.05004987088
C-35476,119017.41139206238
C-8189,17776.817167993588
C-9671,96309.5424028499
C-33386,70270.06972425143
C-8421,16403.452233092496
C-22021,53648.88437011218
C-3880,32283.098185301016
C-46019,26625.93213634316
C-1825,36451.56870985483
C-22607,43095.14689765847
C-48033,49301.796229436404
C-12054,132207.0299152648
C-31146,-16835.93548987902
C-8047,52689.48973890349
C-34816,11386.525593395403
C-34583,111314.95910799282
C-24976,49210.11677466993
C-45259,139001.568080892
C-773,16113.676025065328
C-32135,-932.9412631389132
C-22324,35304.067778445096
C-34925,102965.59999270778
C-24121,63337.07932640641
C-21901,37390.43853016211
C-19599,18163.538403103958
C-17038,29640.286636916324
C-5919,32778.00287675146
C-47208,54025.26184105969
C-33572,32831.008484266145
C-43217,97152.73691439247
C-31708,22842.842837510005
C-41303,10036.955278056426
C-18895,92545.88588502505
C-42418,7894.590136607061
C-45938,94072.6171645821
C-15086,20415.29727464465
C-41882,27734.59809180013
C-3286,25.554382891583373
C-5457,66548.32969769064
C-35292,86767.07974562705
C-48221,22558.381105791465
C-5745,94021.85274533198
C-37498,35963.645751498574
C-14579,13137.474222509394
C-2111,60254.5997574686
C-12839,34440.47137663214
C-21039,74061.48169087523
C-43119,22949.209908132325
C-16032,-6980.1432202041615
C-10361,-8131.160141183071
C-27172,32731.648216669535
C-9816,51707.97593669804
C-20428,79760.94520060153
C-47478,46698.45376037463
C-39992,36942.75225122897
C-25932,10013.099033943116
C-23905,45026.39910391347
C-31252,51236.21247720467
C-186,41209.27303582952
C-6604,78532.7721482739
C-39853,2204.925519363991
C-44718,69401.71680691537
C-45556,51133.05135812681
C-49253,32570.514511350822
C-10457,46072.842545204985
C-836,68253.86492413259
C-26031,54819.10603915793
C-15027,110271.64280280004
C-45903,81202.22943348325
C-32358,25218.055992907342
C-14006,79980.2742530498
C-38864,78293.82046222092
C-24511,67640.49055229503
C-2879,29552.32911396683
C-9274,81482.52026462783
C-43980,30943.82505812958
C-36596,30588.038460516982
C-25012,46036.7654198465
C-7926,67051.35444423374
C-6462,40535.88117121441
C-39808,49763.68023846422
C-37442,113958.07884991102
C-10893,30510.232458102833
C-32333,39422.97717193393
C-18419,15425.793552540454
C-38027,18383.12911282315
C-32552,65700.77537713379
C-31063,11890.712465058954
C-35592,58468.2478835011
C-36612,20408.609856142604
C-32771,80369.32582703566
C-48695,69301.20251933596
C-29124,11525.686233618719
C-41932,58706.62958887148
C-6593,27009.373695098766
C-19671,52967.78210657076
C-38341,36957.79476124163
C-16233,122124.02973647442
C-30881,18929.52417950963
C-2832,-982.2873728217819
C-47205,29847.37868904456
C-42009,67177.97924678933
C-21205,63146.06504262892
C-36556,42935.71317587458
C-13382,-2116.334234295471
C-31854,35825.45965679338
C-44902,55011.18230827555
C-17960,40417.75788148184
C-32825,56031.58711730223
C-40976,115314.68867535997
C-27170,63421.97997587973
C-38367,23993.242446119904
C-4311,80738.03203487291
C-14541,58709.43510341454
C-34723,25509.673871069223
C-32393,1652.9829423340125
C-43399,48484.1723745425
C-40690,55574.59577074662
C-39182,3908.887269525905
C-8155,66339.66702549759
C-30602,13918.868782908248
C-483,19081.13917069955
C-16119,15398.223530135998
C-14428,149522.64207108004
C-12088,62887.23776963823
C-11897,90365.40175967885
C-19421,6127.162023168974
C-42268,17199.410377472836
C-25269,31947.812153156658
C-5857,4921.210645814208
C-317,19471.22276020569
C-28727,32731.72767526502
C-11189,10415.598271733405
C-23403,78093.11388622213
C-29915,31862.53860214874
C-4646,41105.62932070383
C-31395,134572.04502133
C-32481,29458.501999844037
C-15539,53680.392368879584
C-16171,30178.651216756836
C-6553,40996.94338459372
C-25722,50031.94658157784
C-26462,34093.71285260973
C-45146,55237.48300780459
C-17267,96918.94745424477
C-40823,15437.66386155246
C-14120,57070.229885164656
C-36589,15337.47398352683
C-20078,73998.27983622724
C-23483,15079.606196618755
C-24401,-8692.986700858411
C-9828,66216.68848627181
C-15467,-1534.058953122978
C-4435,-521.6391814837843
C-20639,18509.513233822083
C-47959,37901.97365739476
C-1684,59613.39291931171
C-11735,-3057.5103646754287
C-45143,7865.49534603332
C-49244,9360.225772272395
C-40988,25534.311186005245
C-43577,53260.172436355606
C-36967,108191.667830601
C-233,4756.882849274916
C-31407,17452.172967050807
C-25500,30767.951002375583
C-32758,140747.29570756818
C-49996,32772.29589057085
C-49266,59566.048941614084
C-43258,92662.27909890746
C-16735,51790.40061684128
C-6616,61317.73703757324
C-39066,105939.39005472985
C-38568,54878.03156880933
C-36718,20455.901656841637
C-13149,84976.85434571534
C-7217,21803.361540997543
C-48459,51853.158890435036
C-18067,41883.843083443135
C-17339,119874.29589035756
C-49148,17427.571665213007
C-8831,101431.6988184086
C-19693,50204.27109824144
C-32264,25470.794765320003
C-4625,41252.67632130223
C-12021,90328.4457694616
C-12617,117101.58839238349
C-13860,-7793.987314361781
C-30437,36834.304941199705
C-3782,87643.22675616705
C-47588,-1552.2311976513884
C-17496,21071.65396332555
C-39612,53831.9303641224
C-42502,58524.6503249364
C-5006,30084.49342559958
C-43385,10681.954819972481
C-39226,15602.161849338721
C-38837,61076.75743538774
C-39644,68841.97611681432
C-37099,68617.58559305649
C-33333,38735.78413158114
C-19323,92378.84850748032
C-44224,22320.73274922149
C-7583,15926.446141405653
C-47911,14097.542128728513
C-5475,88098.5133517092
C-11437,10289.289515207209
C-32689,42101.50948529132
C-1258,78306.94166695129
C-14998,40020.8668433461
C-21368,103281.76913994898
C-25537,49773.61935038072
C-38637,59407.60612920883
C-20499,44590.90094190377
C-14731,104486.7895976551
C-39503,84862.27993965104
C-22545,118568.47597534642
C-31810,5108.582518335577
C-11779,37451.98349150742
C-40707,22790.984132419835
C-38874,-4969.334378936568
C-48406,37152.936942181426
C-49799,6038.558363569122
C-7177,55394.8802163922
C-23320,54069.801100886616
C-14131,11589.15340552324
C-49398,32854.39544187095
C-11084,22664.49719852211
C-29819,34747.96277840856
C-11944,8455.21165543906
C-7720,24173.55759583757
C-49579,16113.150172254456
C-22751,35948.14971310513
C-294,69856.1506308857
C-49852,44485.398422967366
C-25731,91886.50000802116
C-19835,73781.12803678036
C-22905,103649.4124950849
C-22934,93649.48825401033
C-30849,51018.233194238586
C-37406,49060.05906089759
C-292,20785.424260223474
C-15901,-7099.334377936793
C-27127,12661.716858514723
C-35879,55649.56961609953
C-10986,4255.4899597103795
C-41691,32715.22691247811
C-40466,68333.03225710345
C-26192,66355.02928128456
C-16606,133794.53725797468
C-18899,100929.42053616425
C-6063,53269.058431091886
C-30010,72405.96620338067
C-2991,19270.40394312238
C-10544,86509.49921025771
C-19875,1469.8810682481999
C-4271,-354.30448700314446
C-49487,19223.548641475845
C-5375,105188.28395152435
C-7083,13116.67607154198
C-29711,98769.42468332297
C-9923,-4209.0651352493005
C-9575,117126.96037543712
C-16442,64796.34459603928
C-1664,7843.895309541629
C-13582,58569.16907589217
C-36963,38372.448614601264
C-48607,52279.83756090666
C-1273,76741.74321714728
C-15752,25268.61427928503
C-36345,19436.68036051666
C-20221,27183.802645989166
C-4391,27652.523377792335
C-47692,78215.16880822007
C-27993,4006.1149863659302
C-38318,48811.68225355985
C-45054,49075.01623706616
C-41627,47963.3320583096
C-6160,33894.95695590936
C-2588,26533.695795152285
C-35658,-980.2563893792976
C-31356,26697.03157247693
C-48189,53354.850573645366
C-6672,104172.24253632603
C-18604,24777.287579376214
C-7994,32176.52435641674
C-11895,-1027.7280547258852
C-41616,26621.497382882066
C-7287,49847.01237838593
C-43309,188086.49742502556
C-29359,42146.5070992565
C-38921,11099.121925439737
C-35946,116693.32383644664
C-6016,22141.744474603252
C-15803,44492.97750419868
C-35378,25971.10814793457
C-37249,10537.890239054534
C-8115,8945.198248323533
C-11996,97018.95183508673
C-35273,18857.875142334542
C-29467,25114.89101118155
C-28488,98684.36368607983
C-1606,22201.487359905048
C-43268,8873.440251417582
C-29504,33938.177668315664
C-16750,146983.41469608914
C-21178,87271.05870715341
C-13249,8428.558780781568
C-41181,23945.38121879622
C-38940,43446.511227305105
C-17037,50701.700772998345
C-21406,16124.907982481604
C-31045,11240.179343442462
C-15503,8543.164675117368
C-46611,52930.94380102384
C-35131,3920.505781890097
C-44223,47306.30695386768
C-10570,166094.1370785159
C-28971,122772.49009470845
C-30138,29682.10526480553
C-27471,15087.635012814375
C-47913,23064.919779827404
C-12846,73175.46008440334
C-38706,39062.34063010648
C-27319,2534.4276097246693
C-39517,-4282.441957875984
C-10524,54737.17527389988
C-27640,117912.47865393847
C-5552,37502.48750674374
C-37031,8250.603245717255
C-37354,139270.44155561007
C-10311,47931.49579313565
C-46324,22116.347561934737
C-33754,105459.454908822
C-13978,15905.995053204722
C-39801,79372.89202581486
C-47212,34901.82799606683
C-11533,102292.23299836625
C-49365,57175.95297992843
C-10939,24004.46483315929
C-40844,44617.352185819895
C-29802,38687.19051312757
C-32808,68327.50190779462
C-14712,99204.50524107835
C-41852,74387.84874492785
C-4988,98806.96112695921
C-34482,73992.62530340825
C-26442,72349.59239296016
C-41951,41099.351427866095
C-26293,113649.99310133557
C-705,158749.42589206027
C-5558,48033.04966917391
C-15693,85007.85566078244
C-37689,24713.053977976033
C-21726,9585.729094117036
C-27790,11391.74436354953
C-1852,43721.45958034015
C-29896,33830.07855113257
C-15072,107136.37787669871
C-23187,30883.251167715134
C-6044,9062.663839210996
C-4586,63815.08185229968
C-10697,42450.2318612497
C-11985,29743.304013495726
C-46556,18172.877319978194
C-20301,7187.430737860363
C-30466,48182.86333402048
C-3133,-9620.295631438014
C-3577,41562.73606033824
C-22799,5077.583928891079
C-17627,95083.00613439496
C-9259,43932.00664994025
C-13233,29508.555892950542
C-37210,61273.98487288702
C-4151,35903.931580226425
C-32811,43290.45573892076
C-39295,51759.08915738282
C-10423,117420.33245153018
C-29223,24760.293612134148
C-30971,15186.156120086816
C-11988,57315.09932101021
C-37538,-594.5323223961605
C-26388,20162.620322879808
C-9712,4944.254458704891
C-39473,106664.36903060968
C-18596,74238.32984419537
C-10548,129024.58048437539
C-41760,17792.621574904333
C-25658,12269.57100604169
C-19490,37855.243664934795
C-6337,11279.268187768721
C-4106,12808.149617525043
C-9562,106140.59928002559
C-13617,83841.15292732562
C-45770,3278.505458997264
C-16063,13530.978916988475
C-18729,88674.50440260326
C-48392,32322.432189880965
C-40949,54685.009396242756
C-2897,67155.53411604624
C-31335,77964.95691373301
C-12875,3992.845869959099
C-6623,22502.870176113378
C-38979,-5781.477006418776
C-32824,2378.6666844084248
C-1214,11350.713092998754
C-13197,42435.70536147244
C-36402,30129.25197805783
C-45077,43808.99490253168
C-316,51918.12627613146
C-43738,33435.126258737495
C-48394,54801.56924463818
C-10291,21913.12375416563
C-21433,104297.69002077627
C-10858,6704.354641440936
C-29600,14734.44256408391
C-33145,87954.52878436903
C-40356,25756.709408876508
C-41463,116795.82855255301
C-47409,47757.13188968296
C-40584,105027.61381190913
C-5463,1913.760087442417
C-12240,6783.092989503879
C-1623,71552.52769394091
C-5792,22950.126812373313
C-13147,50882.903863241685
C-34488,12064.081859589845
C-45434,45625.02686719865
C-36574,119766.21683914273
C-42795,54377.91149623238
C-47674,54622.80053282696
C-44187,46315.56818778426
C-36113,12176.33753562173
C-46980,42782.95805357257
C-49080,51899.29500273641
C-44891,25863.588569671596
C-47529,84339.09649505405
C-16794,32703.150945047884
C-8604,84686.74799473118
C-38372,46176.79830813102
C-37777,36545.263473008774
C-1879,14983.916335485294
C-12247,14754.548224641941
C-10110,36100.14438672431
C-1501,56172.715303271034
C-1566,138729.16182220943
C-8679,15010.006421365702
C-48488,16674.64388935359
C-12825,133018.7276870741
C-11083,96746.20188776345
C-14533,46628.96252540004
C-25242,778.7774671144143
C-26217,-1452.4251935056382
C-20117,36558.57991352113
C-15487,46077.25759728255
C-14456,52929.59813811494
C-12964,-1946.0652150470123
C-43084,75631.98999281829
C-48250,54406.91657862249
C-16034,28630.657204383515
C-18337,92560.9728909143
C-24610,47922.18547057891
C-5313,3812.7124479205013
C-28795,-7980.169059799606
C-4838,36332.73452965587
C-42376,15039.801386022344
C-18468,9584.686059360567
C-5197,14218.995089222008
C-40241,95592.7620073909
C-2211,16180.58208192388
C-19096,27088.900220340023
C-18045,134879.0118890655
C-48979,108221.26347039515
C-2104,94821.14009414744
C-11791,26058.84498726039
C-12970,37529.2908127044
C-37653,4361.110675478172
C-1544,66406.04837282523
C-8140,19185.954109482547
C-31937,50980.962291894735
C-4527,24223.14699496537
C-25284,12519.124666903823
C-20110,55494.85798379803
C-7532,786.4302892775886
C-25652,53239.4547714489
C-47693,-9966.521978795266
C-30705,45478.488569690315
C-24198,31727.03084490296
C-15622,58022.93917456191
C-1111,45811.00534233385
C-7951,26718.333805310802
C-10877,23376.33774614835
C-6795,131561.58777627622
C-48613,10501.47900971392
C-36151,12162.143026848906
C-4565,39586.81608228969
C-29901,35295.165110212234
C-42382,31157.525009699224
C-25743,44110.15786429804
C-46103,7395.576710401059
C-49833,31291.97759937948
C-48176,18367.558475121077
C-12711,558.296120354491
C-14771,117757.89553290585
C-45445,21649.670931120003
C-42861,43772.87689219485
C-9428,20491.811700348546
C-37443,30067.089171171836
C-18196,10653.064876804332
C-14625,37618.717157891224
C-43497,32035.877656775967
C-42731,56521.06211462509
C-34522,99310.55999269219
C-37781,47390.18608864905
C-12556,78255.2177665875
C-30521,8952.235568848831
C-6202,1134.041486478236
C-12018,80261.63231806483
C-3523,28493.93134568607
C-16432,52565.79392584253
C-48270,-957.3853639404624
C-35919,31171.618241486227
C-1542,14141.570458396833
C-24243,31243.167405390726
C-21,44099.16116645376
C-45463,110946.26561467948
C-15416,43018.524394495784
C-12171,15828.414676236127
C-12750,46932.990214556135
C-10558,47503.44154641139
C-22892,57271.323664280586
C-33828,5212.809266107775
C-26700,26633.57638005636
C-42991,9282.457261203555
C-24855,11003.961480039892
C-22878,26041.900326332467
C-17965,36448.52320892482
C-19867,26726.105224554267
C-48169,64538.68762377642
C-5739,23389.1151024672
C-370,106347.86027751997
C-25054,40842.64226774904
C-36128,-3022.9429888481973
C-34329,16172.829816843514
C-9971,28708.629720050256
C-32258,2763.8906770946414
C-26051,51949.56943335443
C-33280,61108.97651312754
C-14108,16389.37199115329
C-15600,100805.95733831194
C-21165,70714.70721240796
C-11175,49727.14210874719
C-39903,105835.61064711463
C-5850,56076.687537144535
C-20126,72820.45361015879
C-28568,53494.9615948109
C-2801,57506.09440804206
C-23117,55278.999196718665
C-16378,46461.22571193785
C-4517,44831.87379793057
C-24408,20496.349420827297
C-12442,40938.80528568453
C-23325,-3188.955401581814
C-26730,12556.242697676098
C-49769,90540.96297976068
C-14996,18610.68002610813
C-11923,41428.05618401996
C-39081,92412.93564999603
C-15066,3811.223607235588
C-43180,47802.91919611278
C-21314,92205.07138529596
C-48759,28604.522481933673
C-41473,26950.897728463966
C-26582,81995.18572927856
C-20259,33063.679325419245
C-24122,99178.2200876212
C-16872,72359.9700403483
C-15673,20325.478341747566
C-20780,60894.391413191595
C-41440,5897.910105689552
C-19596,32707.282251023327
C-39197,59387.25001521598
C-43885,40010.56193692486
C-19493,14299.477993222696
C-31359,73060.70052545615
C-4031,53523.68481855735
C-23814,6738.761529756332
C-14942,47819.506845601296
C-33410,12848.774312488
C-1376,99198.04498583217
C-27819,5262.688848660888
C-2032,57838.90671452534
C-12082,23988.25721132559
C-46105,2619.3339421802666
C-24410,25546.685942003
C-45359,14210.197277993815
C-42390,12166.013434772365
C-41203,49752.49898014943
C-25180,79375.34673707541
C-48804,113328.70609223003
C-36410,23403.487704598247
C-3627,79941.00733263607
C-3406,14892.862858429675
C-44106,82865.8240730415
C-25406,100516.0680727837
C-26979,58907.181380705486
C-3012,48035.6077457686
C-6210,49105.954462839014
C-8846,16538.328352206383
C-43348,42237.31846148847
C-19905,33704.05796802825
C-49247,65121.37841706087
C-36339,29606.861785869463
C-4073,28494.44565159065
C-9970,37169.78126546883
C-27897,61066.47264550389
C-21950,85497.8155771129
C-45716,-8043.342085879049
C-25955,93769.94991949135
C-19984,137147.58147139708
C-13207,59370.36653107474
C-19866,32034.061674077537
C-16630,34786.921943520094
C-15535,25891.237247619894
C-38127,18369.15238611106
C-28463,9491.998129292748
C-25581,65973.13921976587
C-31337,35793.44338566213
C-26691,19675.602624132443
C-3195,37373.460087946434
C-27442,-1937.414129228564
C-20869,24945.73576419643
C-21598,46436.982580553355
C-43066,45549.125689837485
C-29672,70301.5128822795
C-35087,10519.003813988711
C-27430,19814.35295424587
C-1814,11686.356168327533
C-10143,76179.66208447628
C-42496,72008.20033494903
C-39619,36178.13936969672
C-21833,5078.878238893885
C-45242,54883.639628312616
C-48815,11089.298625123796
C-38411,24108.73601066174
C-48450,50319.80161225018
C-42967,71187.82069625796
C-34841,159101.76044163964
C-14685,96582.21574415827
C-21895,30084.808176795843
C-48348,12463.912193324271
C-8833,4241.546943757916
C-39127,68879.80682990675
C-38326,55221.190845751786
C-25328,51788.022621289776
C-37276,61657.29277161912
C-44444,56491.791780080195
C-42335,191054.35297488072
C-5287,-19039.00675996649
C-4712,51214.82635449288
C-35031,32575.083568340386
C-16745,125176.99012109586
C-48480,54175.99984696029
C-36935,-2130.3681516204815
C-15910,56689.281751170296
C-1921,1782.3133927413437
C-22,92114.71307115185
C-35019,17199.065065711224
C-20119,46247.11257000443
C-28979,80804.06618137509
C-28420,28146.789573239334
C-20675,131732.6449196792
C-21913,32903.46494351842
C-13795,72916.66852914827
C-5728,13909.114094638157
C-8667,98411.95483526491
C-13771,46151.26100327862
C-47593,74782.81776006705
C-34587,41160.26358387732
C-47570,13693.7184020715
C-31579,-13118.960224925882
C-3202,70249.73035069983
C-39678,35913.83150171851
C-20481,-8082.428721452212
C-44032,84224.78154735973
C-11798,9599.059924105386
C-32930,76400.95205585229
C-28914,49080.01073129168
C-34515,66942.6240918283
C-9612,69343.70113433914
C-8862,50184.520568235785
C-32759,83289.5761025165
C-15680,61425.237946877605
C-2188,7045.406301313735
C-20321,80636.93274801115
C-25669,30220.028900553665
C-8682,-11600.816563779983
C-49485,47486.40926027704
C-47047,15004.7587755598
C-47528,35136.53705823404
C-48247,73933.72129866939
C-13866,5821.367801163273
C-49412,113973.6245220771
C-26543,7911.213660643756
C-47498,32718.065199767272
C-26536,66128.48688597116
C-19838,17669.085925935164
C-13373,14019.808207350572
C-35492,18015.415151917954
C-35741,104903.536007783
C-25874,6318.923887777841
C-48372,33062.28670313462
C-15735,59746.4723136214
C-31558,99163.0693808973
C-44466,71052.39566932787
C-44587,46227.88766696926
C-49454,45920.02544864519
C-33433,109928.71371099466
C-45032,169594.40569529904
C-20588,-7618.463222567938
C-32401,36491.82801761115
C-18877,43449.50225648597
C-43124,12112.905142044852
C-47154,33478.102735184366
C-31118,109879.79072596063
C-26156,169908.87228889487
C-28071,20734.82009409391
C-19004,148617.3002665506
C-44251,63502.8063722579
C-26785,-7735.6692118498395
C-33711,25517.436942063374
C-30659,49827.21406336033
C-44525,46842.49521035684
C-34411,72250.51816569801
C-44504,113905.1069979191
C-10520,2162.3799544772337
C-19842,40570.00976835798
C-10370,-2650.178424923084
C-11160,18901.748558223444
C-7492,74817.46592684972
C-21637,61582.34797104973
C-12321,2689.4640474190455
C-27657,8533.176417610055
C-6312,95998.12044204705
C-14819,51397.86038724233
C-45488,21106.396470530242
C-29273,52987.25243673043
C-49909,41174.76915930526
C-18451,75802.81307906804
C-12930,37024.772298041666
C-45343,-3079.627340428866
C-28842,46872.930847865755
C-17570,190517.47693154938
C-24799,88828.7551787886
C-10848,20024.55212743003
C-42681,27378.74526854445
C-43520,34792.89054095525
C-49498,21042.28718986246
C-22144,38795.81708306769
C-16621,129391.68348382229
C-43810,117774.09107397762
C-42140,66891.62223277688
C-47525,33152.8336383557
C-11018,66607.9995544301
C-49243,95557.11847526439
C-19324,16384.04033119179
C-20932,3457.5048579639115
C-25865,-6430.418702047711
C-17762,59290.390891182025
C-21678,34741.2511511527
C-6434,-2425.3295138016183
C-43767,63399.90037657626
C-27027,36407.24344245986
C-6505,49563.66946841643
C-3844,79252.32869143765
C-31111,35222.760812260996
C-22491,9159.35205812908
C-32023,62223.77743474512
C-30756,25129.490523069308
C-26498,33398.655803380425
C-37805,27691.14081073387
C-10773,21767.08995082518
C-18845,11119.287383423027
C-48031,33179.285159889456
C-24828,29635.64625027472
C-44813,51040.429710735865
C-2166,8062.96162859162
C-14519,3863.1654867795296
C-22401,26095.63279431957
C-44543,12548.07806343677
C-19072,112074.6689809148
C-27423,81180.70316111489
C-41557,60795.305437345625
C-45695,6708.982589412357
C-38002,57401.97059492026
C-23426,47185.92149614919
C-1958,85031.50361991621
C-39304,37466.65779626231
C-12926,41696.97127715858
C-34210,113220.0491989458
C-28276,35331.79650904874
C-43727,129817.94306939642
C-48009,25323.570609902803
C-26606,62122.030717203554
C-4383,113698.98803323915
C-22971,65586.7445992626
C-46493,4393.464906781301
C-25543,19121.53574506702
C-47757,12140.56472059452
C-26930,-529.4312326095533
C-15979,52045.69407078224
C-29801,72550.96818762292
C-6609,109479.53939597044
C-4675,46583.507830247174
C-10587,22167.991470448298
C-1759,67986.96924869783
C-13229,5069.078712623908
C-7936,16368.792269242476
C-31992,73414.99209650615
C-28111,-1671.154024176969
C-11176,32406.25437626773
C-23676,43716.57816363116
C-40751,49312.773077125705
C-46012,19450.659929060515
C-24942,63853.89258923834
C-20249,27008.109603494733
C-8469,42382.040563549665
C-34406,104018.06632174028
C-29448,75859.5196741965
C-12156,14259.607992604375
C-32461,70942.27895020023
C-13496,46107.05066113042
C-37169,51306.90893659614
C-31444,36014.30664245377
C-14984,62313.80896455085
C-46526,37999.08673597548
C-15654,42349.718044906374
C-30680,20808.012913937124
C-18447,37489.88419019263
C-36921,27886.343414798816
C-41492,51966.42054126198
C-27061,65182.371397792405
C-28084,40483.042921974426
C-49729,13870.722429362024
C-16408,54637.24223299161
C-10315,37792.58753900834
C-43447,124061.97570495488
C-1859,28473.732748879807
C-28890,88546.81196019144
C-25758,19405.627061658557
C-41051,64219.36929207615
C-44230,69818.2162119878
C-17848,5928.778570650662
C-18635,-10483.176489146324
C-18550,52983.92229669953
C-12739,96193.68952547477
C-1709,12530.584351261641
C-31552,19079.604169577062
C-3860,197914.04984669265
C-30649,79042.23744383281
C-4584,13713.946412354162
C-24968,35379.40675495063
C-39885,73222.26678745274
C-35399,37891.287021584845
C-46091,17737.14874496904
C-13023,26401.65769095265
C-30699,58062.48318860128
C-44794,31062.84157839739
C-2980,29411.57316054491
C-41876,-2171.5134407977966
C-45272,123649.05421299103
C-31668,91515.35816529539
C-29153,66134.77225260866
C-554,11197.168482035748
C-44661,48296.60569298369
C-31021,51233.671136298035
C-28512,12359.356094790535
C-32228,104342.62837454432
C-30900,42046.18820882278
C-29366,6775.274642691205
C-31183,51635.661186692836
C-36720,37883.02931523808
C-15606,142777.29840680247
C-16618,46199.8132555356
C-23910,51473.67294544786
C-49101,51771.10047130822
C-36739,14095.551984672173
C-36892,56372.759511449025
C-1548,31269.278241338838
C-21134,30975.892198407193
C-38524,43383.09925299397
C-1966,-2350.479715507281
C-41265,42207.50030853132
C-22494,89371.03731440302
C-12497,8977.074269335186
C-41184,15101.794160413556
C-25164,63328.81534974602
C-33203,-6329.8209714789555
C-33296,120764.9553948559
C-11961,126050.78691805662
C-1567,9471.19533379696
C-15314,16552.342162538465
C-12529,38099.51651831054
C-7426,130701.89652255144
C-6149,85779.81232460198
C-36922,47034.34380057781
C-12774,27568.8859363601
C-41974,99186.09613110534
C-44365,13854.202315058734
C-20563,36397.22583338943
C-19400,2408.281038070141
C-35705,103616.07988635942
C-22718,44839.46740196795
C-30149,60168.31451523439
C-22501,42408.36506905718
C-46499,53043.41287964984
C-41392,24299.23482588391
C-43758,43473.94088355616
C-25044,78466.2836912717
C-17365,27512.972478774365
C-15583,28143.945364140225
C-31117,95632.66372365439
C-9650,96080.36604980622
C-35917,80785.49302194758
C-30164,28279.90439827794
C-9295,33542.7341755345
C-20435,65347.864390069764
C-42233,69730.62175113556
C-36446,162059.4152317326
C-29110,103838.655890554
C-49340,49178.76800482814
C-45313,51367.4075717686
C-20206,65081.69013710132
C-12349,45108.31955065748
C-32234,-2599.269495868044
C-34692,52223.86462939181
C-13754,25544.113807839494
C-686,14843.647867920597
C-6180,28252.254516100027
C-46954,13867.754944347696
C-14264,-2912.478608939855
C-48383,29616.359492972366
C-26662,42239.36231936774
C-9669,-4903.844873318667
C-40925,53991.389306682395
C-7042,125820.81670325568
C-18867,40564.90244229362
C-23641,1368.8073571113782
C-31697,8094.449276747931
C-28705,23423.6937628617
C-1143,22657.157282646636
C-37754,20058.790838162877
C-49128,41095.38992432883
C-21760,88502.92124162942
C-24069,13479.861286734245
C-9453,65955.28872431553
C-19603,80330.60842323463
C-3164,34036.464412687536
C-27292,13843.992981980125
C-46848,2447.97873696842
C-12312,39473.36642962949
C-40387,59083.34082938479
C-27128,28831.774853253188
C-18799,-7066.825074604712
C-4477,65975.0499823041
C-4600,11738.964002037625
C-23681,74261.1796452569
C-16632,104578.65416627066
C-46721,21542.003062801276
C-38598,4577.556614098394
C-45150,8656.06905176452
C-22142,80614.52350808785
C-4330,42366.06613931518
C-15689,4135.016584790079
C-16644,48260.353653970895
C-7714,63889.59255417072
C-1396,31806.907503782913
C-26616,97469.99826125553
C-17511,59793.81973596582
C-12083,41793.23663220906
C-42711,88755.59881845981
C-42909,74626.00698552316
C-37748,41979.27136656958
C-35753,35164.509512586825
C-47611,-4885.072916009216
C-3641,24915.7357356409
C-47192,52516.12632341238
C-39211,11196.84137101892
C-713,30681.072912397136
C-45667,47173.49924580406
C-29016,77873.15319451419
C-26687,59494.95025905306
C-36008,22496.956682490603
C-7657,42047.933208358954
C-16246,5150.368260397459
C-26169,23523.891484072403
C-24561,239.23235964415653
C-5542,27700.066577415462
C-3579,25803.064263440367
C-39987,128322.70601504888
C-49997,119283.32131640696
C-11685,49640.058945266755
C-41497,158056.44216594484
C-47963,22481.863371706575
C-37853,10957.783499309844
C-48526,22209.688008943962
C-44516,20842.28919972347
C-30588,55800.734359493654
C-12631,23961.852513416867
C-11356,6932.288900238207
C-6818,97988.22978385471
C-40065,93696.6751812899
C-35892,90633.31874795779
C-22729,60939.41063764805
C-2738,51385.86983369193
C-11594,158674.33774106525
C-21288,26901.203125110056
C-11055,47318.169354528625
C-29339,40957.90574624646
C-9739,868.0281149267539
C-42712,-14019.651546814282
C-28697,61049.61320837095
C-1385,10172.690548803279
C-8641,30742.146165137005
C-30468,113052.96701963787
C-2153,3140.7519679826
C-6065,97779.1464820147
C-44894,50405.37657015395
C-32669,8547.498290864198
C-33688,-1725.1112634543824
C-13702,36601.559512534965
C-47519,57696.64635938255
C-44579,8716.462723085468
C-25336,119092.40761237142
C-16636,23318.656478927456
C-49049,83073.01590522988
C-3505,69948.59607945321
C-20009,86566.22549485773
C-45816,37586.82000813975
C-14195,14135.962682226404
C-7480,61549.44643716173
C-4899,41426.121188577505
C-49637,26397.850818507835
C-481,59145.19610371416
C-46905,12744.395202101216
C-15708,91744.83717699157
C-38851,-9156.70796158028
C-43833,10626.24184833964
C-14707,-231.15211908335914
C-27113,37557.70477525174
C-22361,102050.20808818472
C-42481,52095.627560131106
C-25849,51679.67188391952
C-13696,50758.40327817614
C-46771,31015.934369760747
C-34684,22257.11351267966
C-32802,83878.88885087878
C-46880,31311.443203082737
C-30190,24509.82617769772
C-41814,8854.063481615682
C-45298,39092.6097457144
C-3241,51365.67764787759
C-6436,64397.408194426615
C-19187,2530.9229784730414
C-12367,104841.42588340455
C-15076,100485.78917477261
C-14619,2860.8773233520697
C-3949,26808.935714429
C-2346,69701.27341688334
C-24282,40363.02439078219
C-42837,111032.6724301527
C-48162,12040.591782744952
C-27820,18927.217738942363
C-49326,80799.59074779792
C-38519,13629.950076442183
C-3660,98539.55871902232
C-23554,51436.832209361
C-22105,52784.07923282204
C-21975,66928.46618174993
C-9572,54910.01284068152
C-5781,14623.608883910783
C-37294,11824.66386421601
C-40543,11100.168825358749
C-8266,26297.62987997256
C-34427,2205.7886814068625
C-33877,51702.401129441605
C-48027,-8502.46115068227
C-21415,114509.76430330501
C-43320,35551.04234792206
C-39766,30939.86792221781
C-16386,38043.180368141664
C-1096,47759.97511652773
C-12439,-1364.5800622750612
C-27836,91247.66258846261
C-46159,57390.43460006007
C-42691,9121.631670909694
C-31546,54929.92019025888
C-49269,59273.806265800435
C-33052,15879.476392711753
C-27840,86653.7515008612
C-43219,42446.91020985077
C-26175,64691.47146679103
C-2731,8888.129960974533
C-36835,614.1666091066872
C-23252,105313.21822647119
C-20081,59181.83654781695
C-15611,35104.37880661228
C-35758,26149.911941469807
C-44932,109735.88744417962
C-6390,74643.1227503108
C-1880,21226.74656337982
C-31893,4194.909165782359
C-35912,5039.277716793193
C-18972,18362.75645432122
C-38058,44207.07971444524
C-2975,9323.61557782926
C-24294,19213.907732286963
C-4096,37516.23162345108
C-36944,31401.81663852233
C-41578,94905.23636407251
C-10402,18273.895583025213
C-3603,72038.93377583829
C-25708,30144.214757773814
C-20887,32658.714635021825
C-10233,19938.145564177128
C-14831,24273.44097895774
C-9402,108536.30333381428
C-41579,-1705.5844528385787
C-42771,34563.8167798606
C-907,47606.08955790053
C-33734,16421.06570915879
C-43235,89673.53685239059
C-14745,82815.58829368674
C-1922,-5935.0418846226385
C-11311,22026.550398504743
C-44817,89564.34758789191
C-26974,83327.60942057525
C-17359,43251.98533294542
C-41836,17313.85458567872
C-18044,4402.161803151146
C-34679,59163.185600811856
C-27636,83080.12964597745
C-15212,36686.74690874122
C-39723,36157.30616201915
C-434,58911.654913441605
C-31198,25364.687364010155
C-11296,3566.253696260006
C-7401,165.77003339256044
C-43679,153993.89114828274
C-34013,57697.903557499056
C-27841,18011.703028424305
C-24590,19350.88214474809
C-15225,59261.07337874574
C-29570,-6179.4224130699295
C-26561,24833.642332250245
C-9899,24663.397104770655
C-21307,27284.71633544884
C-42405,37749.974294946645
C-28531,86035.72469422952
C-40061,80856.70218392386
C-33460,56267.90298393885
C-21974,55368.885637621366
C-10954,40162.87161510099
C-30936,53069.94570721818
C-27280,8260.24739824202
C-10854,56309.4847407685
C-17013,32435.56895764694
C-19342,17569.823666191944
C-22156,2444.900921783723
C-17535,29526.166851228867
C-25833,79011.2665037025
C-9068,130239.21620508943
C-4555,14795.576896578037
C-40261,13527.008792539287
C-43239,75754.53282384778
C-9218,43784.474469386565
C-39731,10685.68487596912
C-11918,58967.59037272136
C-3924,14525.696193018863
C-4561,99898.24628592838
C-28043,69021.03941783022
C-4874,15203.860816144297
C-39458,18971.711970184522
C-8246,76303.98143863742
C-2060,14802.467315143353
C-16142,39321.46844728124
C-12534,34667.67434663986
C-45727,67539.67915672279
C-21577,13822.725617276927
C-48282,37757.83666916209
C-39234,137785.41741246585
C-23793,12170.390371219983
C-42792,115271.50026383925
C-17678,90980.02576682731
C-48059,61403.38485789724
C-42065,53772.77709927641
C-16101,82801.39736210198
C-18087,65152.44862919082
C-7138,26473.226945544237
C-191,64436.87727057829
C-38715,25403.022855956497
C-29365,65823.06139277224
C-4196,72382.09927814186
C-8408,95454.87875980655
C-17350,16134.440917492066
C-22486,160393.4961999378
C-9290,108032.26248094768
C-45308,119620.92798173752
C-8937,63844.182610586955
C-6909,35005.37282206096
C-4182,72365.49010907981
C-38014,22820.103105852013
C-31929,105690.18372834405
C-43957,-5869.131855265812
C-12222,6749.879941922176
C-41837,-1781.070943301529
C-32045,43747.19179990192
C-35388,41134.69124203901
C-12226,16555.126678864704
C-14682,24942.796363908423
C-43496,37038.231076175914
C-31648,137671.17704638332
C-11524,4694.596222464243
C-35609,24648.437531122778
C-42765,9080.77614908811
C-32650,31555.161956870696
C-41498,45854.61263150705
C-35115,10605.41206330341
C-17604,62430.25168378191
C-42200,29718.758779991615
C-5363,46806.30467378037
C-11748,29791.86757127656
C-3862,27930.159694446458
C-16267,77168.83768084785
C-41273,123640.24727459972
C-23364,4940.958256363709
C-27538,-9789.150042702138
C-38925,25807.418544173088
C-26889,17154.89585158011
C-39641,7388.167358389903
C-65,71464.95081237535
C-19999,64359.30123972955
C-10907,86677.8554999761
C-402,11937.43085597585
C-45708,23033.119888136665
C-21718,25703.619813891928
C-28120,37886.055992859845
C-19928,74173.80835783722
C-47841,98858.75098819606
C-15670,39639.13092686194
C-31207,4078.506454354909
C-32787,112255.64618548552
C-48252,20552.361463467583
C-3019,123492.67175281452
C-33683,86587.00455897056
C-43062,62596.160582246026
C-44857,62379.11736213714
C-7014,60153.6625058869
C-44680,10793.591404809573
C-8392,151994.68674379715
C-32053,67543.68550480969
C-33153,22975.43949802343
C-7681,69547.28714539086
C-42585,10096.620191238871
C-21523,59608.17780668437
C-32013,100691.3186315225
C-131,46659.925787099004
C-4739,10644.358664323081
C-8556,33033.22024462157
C-47093,93718.98740694151
C-22178,25634.849886565185
C-13125,41333.765671611174
C-23696,26985.662869375552
C-22244,13662.841629777293
C-47394,27382.715379586363
C-46734,31849.89382006169
C-36848,-1261.5274525778295
C-46240,-3617.3282878920436
C-17210,114512.0836038626
C-44112,18648.236997706386
C-44903,27558.934784260695
C-27704,73098.76381552103
C-11643,4878.967872528228
C-307,5085.751616782967
C-23557,95007.6931919065
C-44098,-4986.352446525285
C-24090,28687.99152544667
C-41331,42079.57101493938
C-9993,50570.64457663102
C-11293,5515.4245110387565
C-40738,21755.212541283086
C-38991,38890.12229099738
C-33503,17494.738783468805
C-46950,16073.792555844404
C-19589,10195.717427161711
C-48886,212.49928323893255
C-42611,95120.89909356438
C-49048,77181.95991371716
C-20486,77483.30793762187
C-36167,180957.72239217628
C-22657,23739.37424829946
C-39506,68818.87450345713
C-13303,44250.108782608426
C-47735,68730.18146059584
C-674,87107.50079685813
C-10626,74320.44392459177
C-48416,136062.16193799023
C-44607,48769.67823565299
C-2148,19054.63804921848
C-352,86796.27839342988
C-12200,50771.38153086017
C-2560,53144.4992152351
C-16813,33043.2523217757
C-1494,65914.51394936236
C-30439,65086.51749377516
C-17172,87457.82945668191
C-22098,132147.836738181
C-6011,17563.320864091373
C-29621,31544.54428155211
C-8979,39942.40504671719
C-36880,44536.734496980105
C-3081,98588.06845584922
C-49585,18173.71829312669
C-13274,20144.904935985112
C-35895,143322.5932903943
C-23043,15177.51029651075
C-15470,972.7667925912392
C-38216,42300.68524350924
C-29481,60085.85623892323
C-21179,71110.87562594192
C-43449,120491.17737394574
C-18284,1891.279121562271
C-13891,23192.553512133705
C-14468,10768.16854398005
C-41063,116363.73980296787
C-16346,41824.3411995128
C-41260,106151.37838311474
C-40029,70203.15697634376
C-1042,21586.40633466506
C-34238,16164.145628838192
C-19483,89580.22738366161
C-45090,43232.77528364321
C-3450,31335.28316369358
C-1491,64933.586975374805
C-43871,10188.38530510576
C-39542,39798.175237495045
C-28394,4938.838771647832
C-23616,-4377.091461309203
C-21691,25760.054602011383
C-4845,89400.66799443972
C-5679,29037.361432483536
C-26419,72722.79761976354
C-27774,108666.18352662268
C-893,26095.7386234845
C-23705,117135.01874247908
C-33402,18692.468464679438
C-37884,63960.52404709942
C-9522,83874.18552231755
C-42874,34911.54569068704
C-29505,30886.30361116853
C-16702,55568.71412652594
C-8743,122134.1798565512
C-14634,55627.523755697286
C-1165,81129.14065157609
C-6780,64.6011942384066
C-37830,24212.11884935871
C-470,61446.431544524865
C-274,112637.32182202331
C-14246,36919.241816015834
C-41029,92522.85222340198
C-45902,139825.30500333768
C-3644,4453.827206928545
C-29436,27676.39603876917
C-33827,53859.50480437789
C-11195,10715.005454196384
C-26310,53696.053627715024
C-13994,6703.349377637256
C-35581,36756.26159606683
C-43273,53776.18331962568
C-2370,42421.5193771219
C-10498,28858.084108971874
C-47333,24556.56690306315
C-18103,33050.49842697565
C-15017,88605.70361847343
C-725,57520.895055787245
C-33390,6005.779443510422
C-37062,88324.33474446696
C-33639,-11852.29621390484
C-44476,54425.3851489886
C-20581,47898.69249341641
C-24874,-2850.1698148916985
C-15825,14989.367301079677
C-5518,34081.7627138737
C-30759,11556.119751294333
C-9737,29207.93856060209
C-15525,938.5570919878955
C-22466,74383.6138497603
C-2254,25846.58278409345
C-44856,98362.88619556616
C-38988,49322.03065887079
C-48915,34059.99492411344
C-7345,77529.36813845194
C-8467,24990.95787072563
C-48222,58102.97563909396
C-17565,68085.86116433392
C-8050,120716.9304191201
C-19759,3151.6120645942283
C-5534,28464.514612085644
C-15296,76712.8067757595
C-7353,10063.530072180518
C-4137,28237.652995235483
C-48550,37844.55958588314
C-47113,14370.132317853975
C-43920,9295.882423588642
C-24203,-4163.329957112874
C-2040,11410.428070453876
C-22622,24419.703355768645
C-18560,34342.31117001592
C-34297,87622.03098267739
C-47104,35211.124995882994
C-35695,52874.9785644285
C-17484,135656.44015717926
C-1095,42413.336606350764
C-45525,97045.36712717818
C-654,-386.67695720396296
C-1052,130939.20483213116
C-4060,19759.115747493328
C-21796,60648.44724470281
C-35043,20244.007048234216
C-49383,18798.87458967693
C-45327,22928.99312661191
C-4827,8910.926568831674
C-6268,45487.80992941951
C-19902,38660.51418839675
C-47298,23430.555911537904
C-49121,17164.631061349366
C-47664,37052.709983323984
C-18456,42759.66814510053
C-20425,23985.564587702294
C-29173,27671.27054061403
C-40968,71564.37577537866
C-27340,68841.1640067771
C-46160,103121.95581640754
C-46130,27893.612479422423
C-36315,7411.2281857485505
C-40910,11203.199391327842
C-23027,48510.40320949908
C-1148,65164.30508610395
C-42706,34530.95039165489
C-4141,47463.16964206204
C-6607,-5758.241652583318
C-42928,95403.49926704155
C-2581,93790.79973828743
C-901,33039.04174243495
C-10206,93324.13403960154
C-17718,5739.028184238414
C-33794,5922.456069196443
C-48806,22139.99509221298
C-22561,63472.21310475678
C-38739,103224.99785536055
C-49283,14097.219048272294
C-7141,56530.346255445416
C-47257,121435.57037487459
C-44952,45775.24898726193
C-28833,29737.826715049694
C-25872,10251.502791785475
C-19513,8700.255205065034
C-41362,34019.12976125146
C-9604,6473.9888161707495
C-5017,64524.47162220112
C-11050,61124.1272022387
C-33110,78058.45232492045
C-48259,32851.67637842367
C-9553,19806.331829247236
C-43970,18759.863706194574
C-20960,77482.76880810328
C-5111,15894.142703568454
C-18485,61644.036792059735
C-3804,55220.029201252524
C-40604,75248.32639587254
C-188,130020.52778738174
C-40413,22300.859979250603
C-45250,28078.205665166417
C-16761,31375.78572198624
C-48461,35737.417690306436
C-27470,36178.92725652842
C-28513,90768.26183897453
C-36830,50859.13163270353
C-12923,32447.77906684968
C-9490,24771.09251285276
C-3904,36545.814659570475
C-4440,50102.84347536983
C-47302,10488.236218962003
C-5179,13209.969229373564
C-34468,33955.546104651316
C-25192,47494.0375038326
C-12015,51397.15438761135
C-5010,107052.88758350407
C-11232,61473.557595095685
C-28899,22220.188625197363
C-809,4933.426151790125
C-421,17451.91991304208
C-45236,31306.412777180114
C-29829,13851.894097878976
C-48738,10686.675105159717
C-7652,-7592.937653385721
C-27353,70006.98070235699
C-18620,68701.02803053186
C-2157,12688.01930820552
C-45245,58917.09119786849
C-19050,34002.71277003767
C-34668,1776.7224269924773
C-27361,87155.65472085818
C-15305,34997.5837780922
C-47284,15689.704543795488
C-26142,22078.83779934112
C-29077,15862.61680828908
C-14784,25074.762228580083
C-47374,65216.107000426324
C-20544,165.01144978810044
C-20652,27476.15815521445
C-6643,52315.55716380674
C-9791,74317.6180591945
C-5113,37525.58349567917
C-27592,22181.910152284498
C-15850,13186.432796758701
C-44011,44344.91288873599
C-21013,1332.405523314199
C-13426,49880.02242060721
C-9083,21319.350122429663
C-41846,45329.76810267841
C-23627,56843.628221982035
C-15701,79881.41566900187
C-26255,34129.565772822476
C-44489,43601.78322931646
C-34687,94494.21447789753
C-43331,38516.30931977601
C-44918,64800.11127836198
C-12141,9509.124864243844
C-3231,53604.74833402767
C-3171,23136.522100952374
C-14056,132171.42713824857
C-36920,-566.9361046052945
C-26873,13996.157947787062
C-40138,30230.44067895036
C-19002,56056.03036778071
C-44508,174152.49059020553
C-23330,28641.510032632854
C-34304,202764.62598404923
C-1596,87009.39929244366
C-9436,40991.47446287835
C-21017,60351.825794718316
C-34499,-5195.074743655176
C-31383,11054.933504021683
C-34081,94224.42957627491
C-19731,87823.50498493575
C-26162,30522.72358945112
C-36347,91980.61226575485
C-6881,71328.96142025292
C-12800,34054.8523676477
C-3990,55915.283523949845
C-41655,16996.492733260697
C-41512,77193.21265722475
C-6923,31480.1638642188
C-15932,95900.0322234619
C-21214,33231.6760755399
C-38024,20996.967241936574
C-24905,27356.320875797774
C-20430,15274.933993648228
C-37215,36079.93176379851
C-13396,82547.49461281425
C-37588,25038.815002411346
C-30382,-2809.1264184243555
C-33624,17440.56289778528
C-6794,20426.279457602264
C-16758,53612.558141198126
C-6122,90033.69610738868
C-40151,49725.378005674065
C-6156,17553.67954443121
C-34248,19698.769117496453
C-44235,16071.662758711711
C-34381,54190.13525992117
C-15270,22378.36240954344
C-25520,47221.95749801316
C-45216,26161.940523405567
C-2922,-1751.5483469093379
C-32772,38394.807859806286
C-46834,41220.047936911185
C-16858,63924.41690424756
C-12102,38389.889291031024
C-20194,50605.300206798645
C-34775,80086.8647862343
C-47191,86758.49660552184
C-43683,13448.59702053266
C-22404,79509.49537942537
C-34542,23432.05360442935
C-27603,13958.933092388354
C-18700,50204.54559535725
C-13335,42111.37127375922
C-35243,42893.58132750896
C-14329,88027.46023988267
C-5190,98897.0694938858
C-19656,56858.7679397159
C-23147,22767.928919491293
C-4940,58070.73491059082
C-37449,20633.517322611704
C-31519,59820.382932727276
C-43427,55794.778777636835
C-5711,25019.90009216075
C-39050,55743.84857282588
C-36263,17549.729931424514
C-14225,24562.280473611936
C-7979,88748.24256492758
C-24311,-9626.976145147928
C-35130,9262.25324550314
C-35084,48719.862812505075
C-29026,82799.14728260826
C-35033,70235.27883527026
C-18855,1691.578175014758
C-21820,35094.65453282943
C-17854,16921.50451856229
C-23744,73092.17849753053
C-33596,7642.127784097196
C-41363,24077.14472299299
C-21782,25158.30700148907
C-19453,117371.30879225465
C-15880,72769.73591043886
C-12657,130214.11647533366
C-33136,34584.153906969055
C-12717,57269.713005623846
C-23421,40212.53457982911
C-47467,37510.17473938583
C-48208,68343.13573556731
C-24851,22333.25481097181
C-37844,13574.844697052707
C-36084,40671.028546688205
C-4966,37694.84993609606
C-47090,22693.991315313113
C-27617,74275.1455345224
C-5469,33396.19315634928
C-17575,76941.29057355807
C-31822,100329.65879505659
C-19966,39057.20455382993
C-1593,19674.87225871878
C-4904,46115.33848649374
C-5744,93275.79887730614
C-11530,39724.96384760839
C-31503,154225.8132612231
C-35163,12911.705580723981
C-35773,38254.95610822471
C-4744,13116.571244748593
C-31848,22266.812306813223
C-30963,50862.53632934672
C-6844,22081.422823290384
C-731,9505.909338897596
C-24614,59956.067147199086
C-38385,35129.262321500064
C-45724,19442.881877654996
C-20193,119607.30798064928
C-10327,6201.171935754392
C-40043,52336.38782959916
C-7191,85627.63350163563
C-46450,123037.2545504647
C-24422,4940.19934054403
C-10121,48376.922585055814
C-22920,78377.41629715593
C-28097,45323.68188183989
C-32495,77592.01561134143
C-38306,46624.65501505415
C-34149,55221.77889629998
C-28947,44996.88540686502
C-46764,33350.326669143746
C-47587,79986.6364988734
C-1605,49413.03962814026
C-25694,54425.41533526223
C-49073,24373.071365910837
C-7300,67211.11493667102
C-46700,12152.583116320217
C-30307,-13150.070842599278
C-6473,30942.41454855993
C-49773,99138.14368058831
C-20885,69547.63615978118
C-7427,27999.44022778445
C-29738,48237.1026110655
C-44079,73927.60603117172
C-45067,19593.358850004035
C-13475,97531.84756334132
C-45370,32129.711534487644
C-38155,14980.374884407851
C-14424,59315.07636665637
C-49748,-3506.1252141219884
C-23895,28837.17099603815
C-41574,11948.566527740215
C-20997,15317.627822633258
C-49994,32760.10060270124
C-14536,57033.67400768788
C-18721,4796.655034771618
C-681,-5200.404663586232
C-32412,84628.34962023253
C-48603,91136.08092124482
C-42637,53608.89378764822
C-25550,29589.913678059387
C-187,71915.69089005372
C-7018,65837.85311827472
C-383,64771.19974961446
C-15007,117422.14165500826
C-38809,17615.605904338005
C-9564,41038.72177435559
C-29392,1873.2458414275025
C-17910,-5073.222015186686
C-15602,104583.15736214239
C-34288,125068.58395510126
C-45812,55919.04177884276
C-7070,70904.7075444597
C-20759,64383.53754371001
C-46983,13726.264570283194
C-452,39215.64141323984
C-23913,46012.56659641165
C-27593,-4115.463599754745
C-2164,25689.29440111816
C-37264,67423.99627658431
C-32452,58021.40423935224
C-14609,37501.632479003754
C-7428,137226.16922387888
C-40403,36467.32314995849
C-27237,2080.284473937485
C-25134,59888.89352823698
C-9931,54455.042602711095
C-43097,17471.58267897571
C-43222,20542.150815398723
C-27183,90476.33830261847
C-46762,18116.721711954724
C-32720,62394.990615253424
C-49604,36161.54471868735
C-2278,39018.03359214774
C-26748,121625.0662972272
C-24016,55044.707690001276
C-41449,33341.94530341012
C-33274,49268.421354685124
C-6534,27893.574509452083
C-39411,16321.881494332603
C-34046,8179.524310947338
C-776,49925.43445434866
C-44183,22785.9840534678
C-5489,58408.37495863864
C-9294,28765.17091372978
C-8744,96980.06185415902
C-43104,32088.285376131153
C-9569,61092.12741045995
C-17132,16753.393324321314
C-26914,46773.58157438226
C-16769,120400.30096751377
C-11799,71196.33034731689
C-22315,72188.28021414962
C-41816,57300.72835793512
C-10275,49758.58872281981
C-31840,9492.392682627367
C-43008,12260.488281339523
C-27856,32043.21996064488
C-5177,36338.521297714404
C-44723,64839.48670824588
C-11276,59794.80373210246
C-37593,99073.26023070276
C-3563,9548.085665498977
C-37956,40870.919064824455
C-20808,30961.89454022685
C-17796,60524.082983232714
C-30386,19128.61510809322
C-8794,31528.793185132054
C-8839,-6586.30450673469
C-29298,6330.551590559269
C-29727,25589.77986493059
C-46404,41438.88293071814
C-5976,75419.07286838566
C-13026,91670.77591408747
C-40276,67271.7452368539
C-18528,24432.45762427306
C-1637,534.592890037442
C-34757,44927.50686847648
C-46793,15097.456503983514
C-8225,30455.40495615869
C-36193,18043.989438285815
C-16894,112461.81775424787
C-28683,5264.981919043639
C-39064,20503.696928327176
C-6859,82585.69981695243
C-13358,59570.26029264107
C-13091,102407.20272237725
C-868,10926.890215047344
C-31721,-829.3309437371063
C-40172,27134.022779624596
C-37364,37473.78976350981
C-512,26710.752441287437
C-38958,97538.21612077938
C-14684,36742.36272978461
C-15053,25021.3738992759
C-49812,28217.36652933262
C-36640,29271.173888816462
C-4347,19759.776825830704
C-13698,15751.234557057363
C-36697,9230.300100804932
C-20733,59398.251372129824
C-25306,125160.88260946551
C-37184,30331.554226794437
C-31625,7712.748202890449
C-31022,8353.902136902856
C-914,54519.85587824037
C-9444,12868.305167977538
C-6523,34945.95907597994
C-35726,42300.974447724504
C-21815,12916.570913738731
C-48253,29483.597353396628
C-7593,-2471.6766188479523
C-44909,42043.77978136091
C-30326,7873.038240619389
C-34706,-1429.5205290087179
C-22143,40942.723285935215
C-31651,143117.8858051597
C-787,-7257.035495068805
C-5713,35836.74174673814
C-16357,9792.780436569556
C-27661,40713.03905029446
C-27604,39577.03011268758
C-10148,124140.22160519515
C-45142,10546.880832368246
C-39387,58842.034414504575
C-40777,39646.71912114711
C-23885,59176.35013443941
C-2230,56962.27314407663
C-38300,54791.476453606054
C-46891,63107.621476525186
C-39382,47162.15648238828
C-46200,64537.97159301062
C-44707,20375.960322048028
C-30865,48043.17053157367
C-3877,120500.21732899592
C-38638,5021.353608752281
C-34864,28176.143866020677
C-14233,15598.027030847385
C-24030,36792.88278400707
C-42166,12405.35544733559
C-36551,-12948.708312169008
C-12126,32313.994391313692
C-40181,47559.04868357034
C-19577,22814.932144447033
C-7357,80696.99891759705
C-25847,1347.2676173537911
C-41786,96328.36424655744
C-24231,117899.95852684716
C-25774,44891.69927195254
C-4923,151023.17008964586
C-1311,7018.664477128121
C-24724,-16969.114208623134
C-39595,19143.197180183008
C-18160,64337.49972864948
C-22803,20387.724207304993
C-18401,47652.25073864224
C-39668,37828.477710464475
C-24920,16970.83036990706
C-9069,39036.18549733251
C-33527,55908.49493911794
C-34766,-4406.5984219479
C-36982,83994.23763604081
C-15490,-3122.123969554712
C-46937,15612.086533759863
C-13356,58826.982498038604
C-12773,94628.26922532
C-18243,83882.15489108206
C-47029,22546.147298272277
C-36188,55831.29579861391
C-14185,11277.569069846904
C-12034,19324.79370807032
C-48900,84541.5388103029
C-25194,4259.053272649959
C-10713,37342.5724946947
C-26457,6931.958381579418
C-44001,11468.723840925551
C-16984,63491.533198129284
C-26764,112383.90478022548
C-29116,36501.10633463439
C-13232,20149.572674715222
C-31287,23423.10032020563
C-25590,1794.6841377490928
C-30198,17331.191775238476
C-42944,26528.014121347558
C-13612,23346.186584646555
C-12125,45119.08021614072
C-32736,9994.104638040691
C-43652,44496.74790502981
C-33606,11316.761400434625
C-35847,3906.2609475502686
C-16554,16635.809473478374
C-33235,22226.42212549037
C-28135,131867.12335246825
C-14276,-8607.112953788906
C-45715,29528.39830587814
C-1903,58115.936821179464
C-40465,46763.80059453019
C-32284,39920.75300049494
C-16671,22579.870976914626
C-44410,82173.62199549461
C-30062,35394.2681486177
C-46603,66678.73526127306
C-35542,95564.2920375889
C-32658,68925.13820244759
C-23302,13940.18509542475
C-34865,32187.01028588793
C-27213,105860.24831808067
C-3964,10778.852324002612
C-22451,107645.70349464851
C-45006,29251.141447445792
C-39385,11326.778998031688
C-25149,28274.119731590632
C-34643,77710.55980474857
C-11878,25614.162244081424
C-48730,96460.55883506015
C-32877,72351.29794396873
C-21273,28817.786712617784
C-13437,181185.59720653307
C-47256,93986.73169269413
C-32241,38987.409448880615
C-38806,83256.54144848598
C-46345,36990.35503708146
C-37991,12492.856288886142
C-40943,93803.97537440647
C-20538,5351.021122450249
C-20847,37068.60887934122
C-28701,99725.86259791769
C-20762,146417.51027020556
C-21732,87128.1853697619
C-19998,7405.121635579526
C-45228,16470.778792763824
C-22997,21201.222773501428
C-40142,3700.076213550892
C-10292,72702.02316690423
C-242,101833.30700480763
C-32125,180001.44689309917
C-6469,13246.3649417618
C-34658,77520.82343819016
C-14946,66724.4058845361
C-28115,63222.99821698883
C-44893,23511.510066113184
C-39437,44973.11446339238
C-9485,72770.59012669207
C-5504,59442.33575433316
C-49759,30259.597638057665
C-49731,14713.172436728099
C-25079,26499.569122346966
C-17900,20634.085239076026
C-18739,8017.693129791405
C-35289,61062.762564383855
C-6890,66777.37268291682
C-2621,107135.42737157042
C-17865,83913.42964240146
C-29450,36680.46773687909
C-11015,110683.47022824836
C-3128,78538.11654191109
C-4454,13281.728332797531
C-34912,40399.73068196231
C-28635,46915.3392617577
C-16475,92057.63338498709
C-19384,23497.930366502747
C-21701,989.5869078698306
C-35645,31894.69649510134
C-18275,44591.29537592647
C-31815,69412.84536343464
C-42609,52573.62445226778
C-20489,3219.437442120332
C-47013,85721.70714024531
C-20760,63747.83547468524
C-12803,12567.716148448475
C-14974,22078.600415321194
C-40255,27515.01875341673
C-49698,5801.518279035343
C-24039,-11240.238314202747
C-3987,-5738.789458405059
C-32958,114189.02630500092
C-29958,26033.52360768529
C-16583,112338.30766038588
C-39314,31801.45202987571
C-38662,15751.987918911971
C-2659,83736.07596453179
C-21559,53838.25447462295
C-47299,31814.25200036687
C-6410,24110.419586546723
C-48227,20350.908121408414
C-5882,22740.926541585974
C-35182,23473.47073733305
C-41194,40490.03096263408
C-38810,54523.32134300468
C-41488,70186.92916785211
C-32303,20770.7182841475
C-13728,17287.347098128466
C-6062,46442.01006876016
C-23590,54092.08951374062
C-2392,-4837.811678435828
C-43018,107518.94819778964
C-27833,29766.735336695107
C-45613,-3945.908453015596
C-48397,24210.684864370225
C-43906,27748.876405616676
C-466,41156.71899516846
C-19695,12880.678362767641
C-43304,23280.82609940492
C-27720,145137.7843463563
C-5264,33629.75733993022
C-35178,155480.61338653398
C-12747,21339.591254007522
C-18226,51811.67270241768
C-47896,17615.608434584694
C-13070,-10126.884033595248
C-36122,16728.47365489886
C-45275,4673.490552213851
C-34527,88364.78210863797
C-6667,29895.076697366705
C-8755,75073.26047521697
C-8500,111638.47880472077
C-20191,52941.854113727895
C-43467,26393.794191418565
C-20926,121356.8318951321
C-4506,57066.02720680344
C-44668,143464.9041838589
C-10701,15934.9566634304
C-24170,102216.97581408783
C-13708,30947.03679435049
C-5984,48700.3059188768
C-28778,33963.00248647202
C-1509,77734.62102871771
C-11822,107465.35073728464
C-10556,160899.04531087156
C-2074,43745.35564754581
C-3663,10302.460608093774
C-21071,111883.42920796189
C-26605,489.96924670712906
C-48449,57791.06130180486
C-35928,17408.115397224614
C-5658,9327.44782950329
C-44805,127496.20543064307
C-44336,45689.04003331559
C-31832,49868.775939807514
C-18124,53656.84031469859
C-10812,76795.03876144452
C-22529,67253.39094039839
C-39032,54693.71057716174
C-36603,6662.896813150299
C-30055,185467.91968116874
C-7949,42476.575286832776
C-6027,35917.330119873055
C-48430,15610.949501399227
C-17185,57161.46612759706
C-8273,62656.01901238169
C-24454,3815.7184827961028
C-42630,80815.6774903418
C-33256,45337.61950604633
C-48984,19056.71903982095
C-11593,64079.767213883635
C-32898,-3140.872257062685
C-11583,121027.85202387351
C-27334,15781.655660321972
C-24206,18049.82450747434
C-7881,99541.05200553802
C-38861,28944.309867213637
C-45655,29167.211259228505
C-48615,50739.915292825535
C-38414,74552.392357209
C-14206,75009.10436700615
C-28454,10143.628111745791
C-2672,66911.08607444228
C-2030,19831.830175864154
C-14095,22139.40902252132
C-36057,52186.22877326397
C-35300,46694.96049516034
C-14512,79264.5296415898
C-19186,51775.52168844112
C-31451,31491.017123391975
C-27474,26842.399021607132
C-39236,22556.535452489406
C-20179,17478.84423141203
C-30998,37048.13658648122
C-4746,52360.934485873084
C-35283,111458.70798310469
C-13421,86729.12909333472
C-8953,107419.18423892529
C-22452,25219.588808883705
C-43181,-3604.50807728192
C-29536,3363.612555092608
C-19507,18785.934449712753
C-13420,70970.36400352293
C-21474,-1484.8962191938335
C-34778,8582.396265937285
C-11035,-6561.150508342078
C-21908,21286.95699788083
C-35049,64619.574389609814
C-37737,-585.1285616598907
C-41084,40805.72993405625
C-18886,41271.258243551696
C-29093,34140.78520237471
C-42419,119921.49621720459
C-1408,76287.39287338726
C-38465,38790.425956136
C-27832,159926.18758921805
C-36194,46154.5493292549
C-47490,18327.359268199885
C-21636,83915.95665448185
C-30255,192801.16764347628
C-27511,37695.39126164751
C-48882,61434.350403624296
C-3846,5574.3849928401905
C-34628,-4808.610813484389
C-455,110589.4051814189
C-28566,30285.1238749992
C-6095,62596.0072671291
C-130,94211.7699606524
C-13244,54202.04053371359
C-3640,151176.46361398115
C-29779,91572.34168057847
C-14648,3384.5625493687403
C-24921,42682.67066714115
C-6496,38549.04912717207
C-37676,37834.390424773475
C-37289,12828.522377184316
C-6047,56271.45623968739
C-20230,21236.070420721342
C-47682,80462.3070534215
C-39185,18608.55738975298
C-35859,28041.70776507227
C-30237,5789.626392638187
C-35618,67941.4221468747
C-3708,26129.684846479988
C-48424,10280.29872263554
C-41764,46289.55661045736
C-11655,482.76369472168153
C-36773,49233.72782346452
C-42701,90006.42273110696
C-21922,2201.888731891966
C-10639,23399.867619383556
C-11559,174897.33664409077
C-15209,37344.814016638134
C-29571,-934.2197317293394
C-28172,29009.90009456193
C-1674,109486.41633363701
C-23707,46783.396095749915
C-18912,187186.79934022756
C-9375,8765.112636448299
C-22543,40254.39118184592
C-43403,135258.1817794921
C-23943,64560.66496487299
C-40633,24908.558319280146
C-22838,38293.17099066396
C-13722,122313.10200374799
C-42466,30701.167688902653
C-27936,16578.18739770203
C-37668,17574.53767374771
C-37984,37806.72696983174
C-21403,17699.2441165006
C-26946,22594.293959161412
C-4041,20528.165856836167
C-10388,-3301.1654313404215
C-18826,31343.33738216594
C-37584,58509.94454182754
C-16342,92032.98765546724
C-1079,95564.25088489513
C-3771,70588.3053655782
C-47629,25542.049773947227
C-18994,95149.69562237198
C-30497,96346.33290165858
C-41907,45536.324280422334
C-22441,23392.47652169563
C-13164,54022.3561283866
C-23544,44750.000090386035
C-27492,25635.183999995104
C-12889,158078.57762583962
C-45875,2113.9961160376406
C-35104,15657.45963263846
C-48122,119854.92187960746
C-44866,121555.62832884572
C-9385,33014.00472028063
C-30221,25172.980686912928
C-31598,19480.805079683854
C-16362,25929.841272070247
C-15492,105086.43537812255
C-18496,37239.25874737762
C-1467,29595.928106243067
C-11305,27968.97706768521
C-9495,38853.51766129822
C-10598,22522.06009440495
C-2807,20869.950122309307
C-38007,71185.2019580197
C-32153,16956.550230186192
C-30661,115157.00813829161
C-43861,68603.54877412379
C-47054,31935.323269446104
C-5923,65739.64449840861
C-19663,68920.32386826703
C-4536,63301.80504593808
C-33759,56749.321824196064
C-10448,3973.9456838634287
C-33720,41871.65696861322
C-13687,190024.5287884556
C-27137,18825.157345302734
C-21393,40747.25428027682
C-33766,4659.390678056778
C-44391,89160.24858370182
C-45860,33193.2113890522
C-1889,107640.03761655223
C-39086,-7573.405516929444
C-14626,32633.809840290538
C-43195,13287.193403640063
C-47488,212332.9077835905
C-525,72995.66283563712
C-23766,17728.888394353427
C-865,33846.598736414315
C-47188,18990.869902443963
C-31757,7231.431861144607
C-49212,21975.758428697405
C-17906,35762.407980046395
C-884,20002.81906270262
C-8663,92541.57450137098
C-30981,9117.631192177825
C-15562,23720.66952582363
C-19456,63413.304740198626
C-36990,107396.42762259982
C-27999,88474.03948910796
C-36429,32793.96565867514
C-24793,29405.62653436688
C-22168,20816.12821796977
C-25136,32204.456944393874
C-32777,10825.97684493479
C-10861,32642.276108245474
C-47801,69607.75871154672
C-18902,80851.70495476443
C-32804,53312.58131956168
C-35231,81440.8814796776
C-12128,54080.81462605057
C-3617,21302.728055842486
C-31661,18215.199325053818
C-43541,-9251.15350641439
C-6885,102062.75692078655
C-40829,2740.743212386602
C-14430,17260.061428119083
C-55,-1849.9698219393613
C-36993,28916.843861552574
C-13082,11909.446134168218
C-24857,38018.706712658604
C-36875,24568.523299450146
C-45784,103474.82835785115
C-44505,69071.57838762154
C-37961,50120.40626929759
C-43808,55354.26717860365
C-45279,49724.20833143813
C-28838,65563.2640369841
C-34685,116580.53297439449
C-13158,10932.804140852706
C-16898,30442.178607328024
C-5816,73621.47789968863
C-36590,145280.772477302
C-35886,-513.7088139224215
C-43711,62644.62476780033
C-28396,111554.16899014323
C-32409,38722.51487721762
C-19874,1341.2208411800602
C-102,16015.646775118425
C-31782,40473.89012259969
C-39108,12050.857211402814
C-11233,130125.17593158338
C-16257,6215.261846761743
C-7497,5741.416141705486
C-7434,54150.72004223248
C-11515,136482.48705043516
C-25096,36727.22170825592
C-18809,18094.63522306439
C-5613,61644.08186135971
C-40896,26016.98882628383
C-25200,70414.56683046772
C-30995,65906.58637104856
C-37632,94101.48866260453
C-25275,134628.2452072305
C-14015,32510.89436714248
C-27566,89574.90040753495
C-10081,19993.113660669274
C-46098,7005.435010821362
C-9757,20012.00354617794
C-44490,51227.51606498449
C-28016,-4343.616626065879
C-21116,53986.6203444655
C-14459,35344.3930152072
C-24815,8209.23270154187
C-45541,58644.286465381156
C-18632,10797.518795251584
C-13926,22279.46073172715
C-40735,25750.039062863638
C-17902,98241.0677812881
C-21318,120570.73103852206
C-22979,26018.525278286987
C-45007,147043.03359188448
C-49684,46964.62789242968
C-24864,-285.4676422017001
C-49688,99258.93953712715
C-35275,51488.762197351585
C-27264,2406.0859455149475
C-17546,31525.142329222443
C-18343,21548.631392679443
C-42196,20767.10218213131
C-30812,83403.43310307885
C-29248,1164.9498231345206
C-33105,11636.073830446978
C-4069,82882.95778572152
C-35471,32309.00756533137
C-5958,17148.644859997366
C-15647,69914.32215514613
C-7602,1659.6171088147457
C-33505,3216.819783175175
C-48486,20525.36926962727
C-49322,9214.264210336041
C-25425,50258.49004732212
C-20168,10116.91215058104
C-34773,6867.633250985353
C-2542,24107.975622483114
C-25457,33397.20999569455
C-17656,3509.0729328152374
C-34399,37323.1755917696
C-4144,54711.35682913252
C-14188,22664.846691852417
C-41982,39132.05440821045
C-34067,26961.590418935255
C-24601,21666.978274299036
C-34432,45795.80543323642
C-8630,10663.787581237062
C-9533,103596.57146767367
C-26711,52997.17359689497
C-28876,16551.14960879249
C-23486,58253.0409887203
C-21541,53587.347384399
C-35493,42160.70395793643
C-2690,60719.905673654226
C-536,-1228.3384272327967
C-28347,46122.58694429896
C-31461,16978.741489066786
C-14155,15287.617875187701
C-32553,130870.87257566016
C-16864,60509.35716876273
C-7528,21665.507864752475
C-42901,44341.944548039326
C-49962,46990.82322669697
C-36923,22684.82823880671
C-8907,13295.30486261619
C-18674,111084.14661459267
C-7279,21570.471148817855
C-20908,84202.70031320836
C-25150,12130.972809552193
C-23322,28777.73799536275
C-37489,2704.7329014659117
C-38498,7185.573726199815
C-44165,66062.69697584189
C-22804,62734.816947864005
C-29694,115939.21616554694
C-24794,76978.2098396415
C-6729,80020.61518676305
C-42635,22860.601813119014
C-49555,25400.385134565182
C-14012,20646.6296140935
C-20441,808.6494758524059
C-38110,9605.355515666124
C-28467,16102.574862730005
C-5584,8923.389349660101
C-4834,31288.371731957082
C-21514,149592.33886336704
C-35156,152762.47522756056
C-39178,27197.71974779
C-8922,33056.22399919537
C-15762,24890.34272951017
C-21843,52273.53988939244
C-23122,24407.963826700765
C-9425,38063.07369290221
C-20603,50585.05982014494
C-32167,137822.15034744062
C-16666,163529.87851677445
C-6588,49189.91599517135
C-13663,109553.67285843154
C-6490,23343.774288885787
C-40080,27444.213365799304
C-11503,9891.309191130342
C-6817,22944.840995425606
C-42946,12520.802676141291
C-4167,15942.724738667515
C-41454,108063.78037407555
C-3014,75145.53829437021
C-44228,33552.07018304765
C-31189,27774.371707757917
C-44328,3303.991104541383
C-9001,56758.27514748286
C-41444,77091.59469497859
C-6330,85164.03949748828
C-1969,-9962.138748553436
C-34928,86949.59004593905
C-3573,35173.25328743018
C-7214,7099.621830754382
C-49302,84335.95480718024
C-14114,66651.37823134413
C-11509,21403.33889492826
C-12862,25999.16198882073
C-25036,62045.870047208875
C-30360,76875.12275613737
C-29834,93321.9667876542
C-38871,30066.930605826485
C-34378,54392.08653103895
C-42420,170827.58222177846
C-21025,34018.29526661926
C-22996,53925.93477377767
C-48664,109141.05893190268
C-26491,36910.73758039225
C-2198,23639.406569688286
C-17679,66586.49357087692
C-36133,68834.59967436895
C-1849,29139.357156676688
C-39243,46648.48504740797
C-28903,48511.81083869375
C-27777,31409.82265464413
C-31304,38334.12289994984
C-7090,13114.800172589858
C-8728,138229.2645385665
C-1522,4931.61819267393
C-35921,3532.88677770317
C-39769,121350.50344107533
C-10711,2515.7832950755546
C-29824,23651.970827470373
C-14786,33988.37736998275
C-27273,14332.205903220172
C-13438,56077.89164640091
C-19696,32217.384194003112
C-48414,19046.742169923862
C-9521,42294.6071939481
C-29257,27879.03880553494
C-16369,99351.16138983984
C-10365,74847.21298197168
C-22089,52471.55219506739
C-37917,132449.80369119655
C-7002,26481.027622146095
C-37678,25905.089985143877
C-21334,25448.95514937516
C-12789,76774.98628500271
C-28515,20338.984537710872
C-4778,46706.78796996147
C-19087,20839.00109612856
C-10127,131583.122574508
C-37166,13437.48778474002
C-27595,40.089058126810414
C-6605,18547.680928090907
C-45536,30905.67172736156
C-301,43951.02645624279
C-34599,-5767.992229847492
C-10860,33162.343612782046
C-31906,6485.446886343947
C-9125,65657.06932279482
C-11058,57003.40449904602
C-16791,15357.830231049207
C-2416,127850.22976183191
C-22835,39868.079426173055
C-11501,141092.6368176319
C-7498,28949.400037918305
C-49132,27940.038374816653
C-21434,52531.603857025766
C-7008,27538.09912343906
C-9919,221255.19794251362
C-46143,63154.15190252935
C-11061,13146.787110154022
C-14118,26436.215377314657
C-8539,14427.338528859356
C-25137,27841.685165494768
C-41027,53901.569904073694
C-19697,46143.55430277712
C-40322,43538.072330163035
C-35683,18245.5677383456
C-24377,7745.0386207443225
C-30084,148360.98323445406
C-8827,9043.115288121648
C-47699,128665.86599788548
C-27812,223376.45007228752
C-5324,46445.300899335496
C-1956,28771.680080712118
C-15545,54313.990984761134
C-11433,80520.13314127154
C-22204,90384.10066247362
C-24095,91612.24413091896
C-9946,32666.099781176
C-3228,35891.78622599454
C-24762,10859.5822196316
C-44245,84322.05511426425
C-43855,104576.35036633989
C-48539,7143.770562839651
C-35755,9350.608999567376
C-45449,109461.66865205011
C-46318,21999.200676277113
C-22570,786.0296493326387
C-46165,42048.72050650271
C-23543,18292.929016927657
C-46127,32379.517324700486
C-17182,74667.35642501482
C-32888,34155.51364539638
C-15610,43270.590169107476
C-12684,24622.698570886096
C-19508,70737.15991706813
C-45454,35963.368620440495
C-40438,91916.81188160524
C-36782,66872.228620981
C-20863,48711.02247419202
C-25533,-2161.1744217375162
C-13817,30296.616839371567
C-29891,61937.52998168833
C-45615,6828.512000985662
C-49740,31853.82210378389
C-32805,59810.71948648816
C-36,37720.30633005494
C-1800,78768.83809667523
C-8442,-3331.6715135967897
C-15192,16344.753523122523
C-43030,33263.20490922182
C-49182,24008.167164437884
C-3506,51637.9697348604
C-32538,16829.784140817865
C-11720,3239.301725150908
C-24285,36878.21854538187
C-20286,31829.36197248013
C-41021,74686.52365433861
C-47369,33030.63078118969
C-28682,54434.58815020467
C-48748,53447.73243623072
C-16780,67345.59441068929
C-47379,99567.85576649348
C-31168,4639.391180210776
C-46234,-5040.746607546796
C-24886,78564.82322842494
C-45247,51972.34651513607
C-6537,15143.220260069415
C-38565,28604.59456646692
C-46794,3645.208439874572
C-20682,37507.819365058735
C-22759,42116.171323810806
C-33457,24362.522187943214
C-6754,54900.40208889632
C-49683,110633.7135977009
C-8229,21899.90396013367
C-45930,16824.917505136702
C-5949,66422.04100259396
C-43961,29673.27971291256
C-14417,40284.5002437524
C-13445,32381.525880641697
C-25876,131962.7106614286
C-21216,13196.335424339355
C-30891,13022.691817317223
C-15683,69498.34497578494
C-39184,47549.05406745953
C-8608,20775.658998263338
C-25914,170055.92002326116
C-4315,99478.42066840024
C-48720,17310.31266766553
C-16405,51590.48146521437
C-48567,8728.119359869117
C-30276,32691.004836613763
C-36233,55834.9009334984
C-28650,24747.271004669878
C-26191,25411.654549101408
C-39484,32810.610146313615
C-35637,132375.53729468843
C-41849,31302.148173435504
C-12643,43491.1050874122
C-40985,19751.57649228198
C-45819,75925.62494748177
C-12600,64514.59133845351
C-47429,76945.97919018468
C-41712,7544.525300670488
C-49336,195.71106601777137
C-33966,46194.917813056294
C-33295,14198.932002400448
C-7477,5910.855034238484
C-30395,107783.89142519436
C-44241,56634.957658441344
C-7868,40662.34428423019
C-26793,20046.66090530495
C-23351,90811.25295856214
C-23938,15808.535748301962
C-25236,46117.42288875181
C-12783,28346.075342741628
C-25052,35473.16127541049
C-46751,42276.898386631
C-41844,42633.319017473856
C-18901,104180.71728068544
C-43190,93938.26798353587
C-39119,18413.57204532253
C-33324,102992.54388327892
C-33211,90020.11432596302
C-15625,7619.875387354303
C-46856,23967.642143819867
C-34892,16840.137669097607
C-36910,74752.13117881617
C-42124,54911.02794602288
C-28677,51858.76888927216
C-45446,-6195.472114284887
C-42380,87919.43355152936
C-41987,20732.29412127565
C-38251,169200.59120901255
C-29447,32660.758518581846
C-22514,130771.40105190578
C-34689,23161.988486037477
C-8634,32849.53814675497
C-34158,25334.660753500026
C-32949,-10233.515874691337
C-1802,51020.04261118493
C-37954,19331.09490066424
C-25250,13707.45156939359
C-10496,9743.989654678473
C-41580,33918.79308475411
C-22373,58873.34175366882
C-3457,21278.820701146975
C-29113,30415.028798314015
C-48230,37358.83890838713
C-3764,122023.39095508792
C-35706,64241.9722401707
C-35190,37746.436983786014
C-40982,21756.48605474898
C-28584,80563.59952500493
C-26143,53918.27277824198
C-23878,14774.668736938067
C-13176,85723.84110286347
C-42930,33183.21489848304
C-25891,63981.3127494115
C-49200,2473.5243868847174
C-33468,79273.88692951747
C-13398,42230.867327635264
C-28670,7422.974201641759
C-12424,-3517.3610839760295
C-34619,17841.881488198545
C-32381,26632.647347208836
C-14263,42679.6055303087
C-14084,43422.884628968844
C-7107,22643.73865490508
C-25461,57990.526549445356
C-11757,48049.36215385158
C-1883,58470.93376511064
C-24320,72300.84042208413
C-3268,37556.91307078611
C-12535,34286.5069517687
C-37855,11828.511996630965
C-28081,17052.225528538445
C-5793,66524.33958276844
C-30474,18351.113317094798
C-15485,103310.3559608495
C-21946,36416.083789893804
C-8849,96462.24214706934
C-30731,8627.437596584925
C-22999,114740.09549290208
C-12409,48313.262976520855
C-26697,1059.2796446636276
C-38664,58001.25204195726
C-41190,-2579.445548488424
C-5892,27140.090782398613
C-10536,37085.169823022996
C-10036,90716.14368282119
C-43654,98193.92230521154
C-35894,27799.693527274583
C-22669,42038.66853850009
C-10700,-1015.4906744324035
C-23406,-1734.1700491046577
C-22057,34289.43639802514
C-22536,22679.88927349083
C-7582,66100.41432290769
C-18819,101444.81695529874
C-4585,42759.57426144211
C-47754,28505.65899570847
C-7180,82475.98107599595
C-43216,48257.75688006717
C-30519,39446.84688973595
C-19860,167914.9855905262
C-19164,38902.52599021986
C-10525,50211.346572907496
C-6904,62452.56212380549
C-14765,27690.002070387618
C-6639,126478.63784696521
C-29746,51897.21709320081
C-43225,31717.770508049733
C-6354,65560.04227847753
C-11765,48670.72371369822
C-5442,-5245.644274316859
C-27000,75548.83201216953
C-39756,35207.869866267545
C-32138,33472.17571092954
C-9076,76832.69464249563
C-17587,20593.197117376214
C-46479,-3896.9521418437944
C-3099,73189.6605878197
C-43482,76496.94568618474
